"","site","da1","da2","da3","da4","da5","da6","da7","da8","da9","da10","da11","da12"
"1",1,25.5042142792128,27.4466410331028,26.6632770866598,29.6041753474067,23.3881466131885,23.8622038797761,20.9747540867587,24.3386924258474,22.2221944910938,23.9169779863594,25.9070344308259,24.0367978524595
"2",2,23.7518159516278,26.0939884839401,25.6213662789477,28.4444410913627,22.2891508362252,24.6694850574551,20.1593727580994,24.064477762877,21.9039458317446,23.7688669271381,25.796125251673,23.8306637759002
"3",3,26.2401617754159,28.8508048414598,28.5946362277963,31.0604078208899,24.971731257564,28.190867705695,23.330195219929,27.1804817654139,25.1104958931519,27.1038540432906,29.0584576500543,27.0678542001393
"4",4,26.4174758445995,29.1540830416599,29.4975016060683,30.6682225438645,24.7185889969472,29.2370049423671,24.424492645703,27.4499645719261,25.6008469781763,27.8335793242623,29.574600504487,27.5723173672435
"5",5,25.5537826945445,28.6110065883743,28.7649808795348,31.0027917775158,25.2850175795865,30.5872473099493,24.0843355108668,28.4145219738077,26.3887778042106,28.4833841739355,30.4079596651929,28.3853579332726
"6",6,22.3599973389981,25.3219914896123,25.2164346012675,28.1728748089363,22.3998625665427,27.3273358196514,20.4369560355744,25.3245963047785,23.1456415983658,25.0996648782409,27.1597739681316,25.1396084695049
"7",7,21.3475612892902,24.1133290318861,24.6494375189374,25.8351929932795,19.9876698241691,25.4684821102476,19.7501156958637,23.0511091273283,21.1368528641328,23.3606215028625,25.1432505456236,23.1263549657096
"8",8,22.2085823725874,25.2752036787045,26.1647911514692,26.9433652872094,21.4938720802,28.3337039760071,21.7843162389826,25.183852961769,23.3899238348482,25.668005084151,27.3572777519986,25.3593231376549
"9",9,19.8594489853067,23.1670933869573,23.7000675315494,25.9827770263303,20.769781366206,27.8738903994401,19.685009042416,24.5995350565819,22.5705058871085,24.5955783831159,26.5192420894716,24.5306540271555
"10",10,16.9407185798006,20.0050820543181,20.7214630033692,22.475548625117,17.0669137807631,24.1176862488921,16.4299059339973,20.7792309049204,18.7670966321379,20.8490040049879,22.7253684018543,20.7317710531445
"11",11,17.8730002797516,20.790622429355,22.3275689675343,21.8480199789363,16.6369736731174,24.757213110526,18.2630579586224,20.7582959319883,19.1611633519471,21.5275219428526,23.0104751363374,21.0666694567509
"12",12,18.6727946756772,21.9498219354964,23.5223226319171,23.5798485364092,18.9549267737968,27.8948934574054,20.1126189741664,23.4894521434622,21.882917424329,24.1096172304746,25.6328722932097,23.7368555626056
"13",13,15.2123492268617,18.6533322224207,20.1329442953583,21.1842025339638,16.8971883164034,26.2042409735524,17.1982253154214,21.563257035986,19.8242987013412,21.8078469134392,23.4607451288317,21.6167783908704
"14",14,13.8774213743044,16.8878393526229,18.9439760082196,18.1563916569345,13.63115424313,23.2984057394492,15.723929311721,18.372112154023,16.8760921424363,19.0835207967503,20.4776634653468,18.6465297843862
"15",15,16.4852920204648,19.3922395045028,21.9866134272652,19.5595738450509,15.6606213478265,26.0468796019792,19.1894090060116,20.6684666097899,19.5573961712698,21.8802033125837,22.9392528213105,21.2123008181574
"16",16,14.9566612918793,18.1592513336866,20.7187567677214,19.4195217500329,16.3140829040434,27.2219270625722,18.8036041757957,21.5449025061614,20.3340133028382,22.3404035997562,23.5149390813585,21.8835516770016
"17",17,11.5673438178348,14.5360644261093,17.4161213822137,15.6562855428738,12.6567241022312,23.8234564452768,15.6498040243321,17.9333224473325,16.7869175550486,18.7089252764556,19.8123547818022,18.2461185461456
"18",18,13.7893624580689,16.1382659229547,19.6076456006324,15.1063602830066,12.3293912664008,23.8737980430429,17.6889548023618,17.6573226169768,17.0165184159393,19.2060343381969,19.8409529509043,18.3676212940054
"19",19,15.2140967198188,17.6599390995552,21.2890004462398,16.8665900821713,15.2146555991255,27.0960616510961,20.1988468482733,20.6115964932365,20.0824520664186,22.0622107006528,22.6136442441284,21.2869816084855
"20",20,12.3981081218063,14.517000826617,18.4539804378351,13.9786823771055,13.3614974085991,25.3996039536053,18.2087370786664,18.6829640046755,18.2528299449702,19.8917532912511,20.3590952647705,19.2282723612913
"21",21,10.6116075125308,12.2683960646859,16.4037919091898,10.8041276371579,9.62991869124553,21.7145160203952,15.625153599245,14.9678338780199,14.6346147882341,16.3982843614812,16.7661676897256,15.6055962077711
"22",22,9.81650518259936,10.5918388394084,15.2166781197474,8.72435808526908,9.8078521603866,21.5566385134603,15.7003093918559,14.615416005027,14.6168021810518,15.8557556111338,15.925978808224,15.1542802204526
"23",23,8.55031093001886,10.0956736773729,14.1995702047632,11.2785728263819,12.184944029416,23.4831966520744,15.4630606931487,16.8932860628121,16.4163007708801,17.3379053809853,17.8648604248676,17.0394701795566
"24",24,6.02897047596022,8.58146205491815,12.1182124919478,11.3378038878788,10.4132637054864,21.4158368736783,12.3924852229083,15.2402163370472,14.2290891837812,15.3119149357616,16.3302494163439,15.1825453728945
"25",25,5.14610901555729,6.09933357015338,10.4604719300804,7.7360580401132,7.37458242885657,18.1973561266465,10.7916179046517,11.8316147249646,11.1153086326921,12.0351735342703,12.7737741877646,11.80438651519
"26",26,5.41172384735215,5.37415044448888,9.80962364211798,8.64707401379218,10.3977226833572,20.0432271104231,12.150805158507,13.959820557586,13.4203748457336,13.6286372392841,14.2327653672784,13.6902078143467
"27",27,3.78105778850311,5.74940918703826,8.54050941103632,11.9888891895788,12.3474594957829,21.3791238361164,11.0957030872316,15.9292028990782,14.7556029358342,14.8863667158914,16.1224067992344,15.3253474022614
"28",28,0,3.81248763932423,6.11484644124446,11.0874979143177,10.0061665986531,18.1205779709147,7.39069015721807,13.1714231956915,11.5833265515568,11.736548640891,13.3754686273042,12.3496808460786
"29",29,3.81248763932423,0,4.92261200989881,9.00337236817405,9.42792861661563,16.163107188904,7.67647581902008,11.3554788978713,10.2205925464231,9.66679450490182,10.9252654429995,10.3908734474057
"30",30,5.45749228125886,3.78524979360676,5.33573397013007,11.6813631909979,13.0923685404895,19.37595659574,10.1526501466366,14.9305960028393,13.8874891899148,13.0121220406204,14.181659035529,13.8968034813766
"31",31,5.1947306956184,5.44996045857215,3.80573251818884,14.3978973812151,14.307696285566,19.8669188602561,8.47503002944533,16.172030979441,14.516072092684,13.7066378444898,15.5083272469986,14.8885065066984
"32",32,6.11484644124446,4.92261200989881,0,13.3940796249686,12.7814902495758,16.399636124012,5.85888163389567,13.5474981454142,11.7604008860243,10.5470773676882,12.5581787692324,12.0018476077644
"33",33,8.65154997673827,6.04985330400663,3.81711068741791,13.4466854280153,14.4243416834183,17.0977352008972,9.20856481760323,14.4554957023272,13.2653381788781,11.4942864502326,12.8916073474179,12.9316892168038
"34",34,9.98647550440094,8.49138922674023,5.60417969019552,16.611789819282,17.5897588670226,20.6917504576099,11.3252264436522,18.1281865061015,16.7676778058263,15.1389234425701,16.6772611060689,16.6076302945363
"35",35,10.4631915780989,9.79747181674946,5.33038844738355,18.3864508810156,18.1025736291832,20.2473557779775,9.78153582010514,18.5003245647205,16.6651355230013,15.114285626519,17.15609305757,16.796127559649
"36",36,11.7883756726701,10.2077149744691,5.70194580823073,17.7563960588854,17.4187146770363,17.4322524362172,9.22787765415212,16.716248981156,14.9975244957293,13.0070582761822,14.9819466024946,14.8587111823334
"37",37,13.336605640117,10.8368164144273,7.5541750707804,17.3045495173957,18.1969734296668,17.7533681874736,11.8363452551875,16.993001471194,15.8371302324632,13.5056548897119,14.8639742666623,15.2338465595528
"38",38,15.1800643938028,12.4999697999635,9.39965850443515,17.7181349187774,18.1365764409935,15.2393924091481,12.0363364027432,15.8772694755742,14.8125591644388,12.2013711114776,13.474951057425,14.023517033897
"39",39,12.2755060588148,9.44183186675128,7.14439682548499,14.2230999082478,14.3410248936399,12.5545001891752,9.161028108242,12.245856523739,11.1426889483643,8.59741641424911,9.99521375459274,10.3992477612566
"40",40,12.3246638493713,8.84023896735829,7.98302023046416,12.7938965526535,14.5654827932341,14.3967837033137,11.4513841084823,12.8289874113275,12.3808345841466,9.94633264072744,10.5166379608694,11.320285597104
"41",41,16.0141110586882,12.519431736305,11.4355597152041,15.1697880341157,17.0884949893196,14.3674082909897,14.2718275634202,14.3041661763278,14.2038122699506,11.4966455542476,11.6139108830747,12.8285840216292
"42",42,15.8078052556324,12.4037760782755,11.9044148113211,13.5543813211817,14.773309209517,10.6409253826911,13.1965849370206,11.169525057047,11.2964867547393,8.54667988168505,8.35426489884059,9.7408339478712
"43",43,14.9746167229749,11.2971816839422,12.2680880743496,10.7029700550828,13.3320295529225,11.8412627704988,14.0724915704363,10.2779584062206,11.0708074682925,8.74770289847569,7.71244014563484,9.34059104125644
"44",44,18.2222281294028,14.4605570432124,15.6989100577078,12.5613964987974,16.1941893900251,14.3038210978745,17.8634341883077,13.035699712712,14.3288337976264,12.1894102400403,10.6231582403728,12.4661697806504
"45",45,16.5682952653555,12.9029797333794,15.2691077342456,9.70973604172637,14.4483897372683,15.5318964070715,17.652469997142,12.3840536578295,13.8874186946315,12.2764186145635,10.5525400259843,12.183050233829
"46",46,14.2423542295507,10.4909210272502,12.4592695211236,10.0540655458377,14.5022761661747,16.5545581034348,15.8345018551264,13.2069822821112,14.0117299431583,12.2053373570746,11.2952326669263,12.5805517764524
"47",47,16.0537354220132,12.3083563890554,12.8775242185756,13.5574668356592,17.3270025971026,17.458284079485,16.7143490450571,15.4647982851378,15.9509394394186,13.6869225540294,13.1278181736342,14.4825770496828
"48",48,18.0723892443694,14.4771623255388,15.5071232019353,15.1975470718139,19.8287837498925,21.0229123814946,19.8669035835985,18.4861049439843,19.17128678519,17.1194022383961,16.3643711764308,17.7235586155828
"49",49,15.2822254269462,11.9869284639561,13.1455407268016,14.2015870239914,18.6287378531129,21.5858756134654,18.0541667489807,18.2507495462515,18.5505479703431,16.727163596976,16.4260981063672,17.4177830104752
"50",50,16.4352724650369,13.5348035449356,13.5403408376599,17.4710500256853,21.3273684499518,23.8801565530882,19.009421821823,21.0452496777776,20.958580367,18.9916984759131,19.1192194924374,19.9710248109605
"51",51,15.0125720647729,12.7991581754426,13.028215342095,17.6731324331597,21.2977954258181,25.5205036392309,18.7541341842272,21.9576784064254,21.622628748605,19.9973768779808,20.4032257498661,20.9360704288078
"52",52,12.0599400081427,10.497494701118,11.2342982869425,16.1132960315387,19.2509163677992,24.9596908033733,16.8025849796988,20.7366458715,20.1779634998183,18.942151593734,19.5905319478569,19.7935518793369
"53",53,14.2869816616387,12.8719650015062,14.564082051403,16.8152478720951,20.7304334976382,27.357779460329,19.8397583150602,22.5659969423024,22.3473157895976,21.3247366923955,21.6102256813759,21.8993521365359
"54",54,14.8484468548061,12.5629495740451,14.648186679586,14.9846590885479,19.6309010491113,25.4146818984618,19.7550047076684,20.7939665528249,20.9683255888495,19.7599718117208,19.6242596038679,20.2189488599185
"55",55,11.2479013598093,8.82410182398186,11.3946209239272,11.8229802080525,16.0018059293319,22.2311636447578,16.1755120475366,17.375602665807,17.3788587945239,16.3144452863099,16.3655181402851,16.7700749551098
"56",56,11.0176895037027,9.7305110862688,12.9303610545104,12.3796376360538,16.3157053172702,24.3462224585253,17.2654180082615,18.766172358795,18.6932393661452,18.1473552343034,18.2856702638979,18.3896155751011
"57",57,14.4300055786545,12.7525876981889,16.2022678042304,13.1186878535927,18.084282982745,25.8946198852194,20.4210347436167,20.2121220558357,20.6351028347329,20.0661420557117,19.6886350466456,20.0770617870245
"58",58,13.8781579469323,11.5220235201982,15.341410984652,10.0683111791402,15.6231300961107,22.7878647090946,19.0402229241151,17.1644076215872,17.9358967994355,17.3182704101766,16.5703836105263,17.1603025905722
"59",59,14.5819925250289,12.634434929984,17.0961205248442,8.61275426330045,14.3745482015958,22.6259284892355,19.8310399878574,16.4023787604116,17.4993870178358,17.4110730858267,16.361891974952,16.8303597406591
"60",60,14.4206856286378,11.8339261447755,16.1242221827907,6.25426910198146,12.4926857800875,19.355186643378,18.3916385621293,13.4786849877872,14.9136281300024,14.6340716138742,13.2135754812995,13.9562660837346
"61",61,10.7660178339068,8.0482513628738,12.3799939822279,5.08592508792648,10.5382333434025,17.8343792154367,14.8958185072187,11.9310631965471,12.721193890512,12.3023564409425,11.5396100887335,11.9877562954875
"62",62,10.2510303872343,8.81122136823267,13.6601579419859,5.42909329446456,10.0402437221414,19.6478032868817,15.5626031562846,13.0163617420537,13.6270952884318,13.9379007745069,13.4063828454956,13.3741631887756
"63",63,12.6632680616024,11.1032207039219,15.8916285194438,3.78009021056376,8.92286108823846,18.3141087143219,16.7776732892258,11.4909489164298,12.7655849063018,13.4385714270528,12.2905203714082,12.3748983430168
"64",64,11.0874979143177,9.00337236817405,13.3940796249686,0,6.26784332924811,14.6717475441748,13.7951340334192,7.95061991293761,9.20205161906843,9.68299055044463,8.55984001018711,8.664103473528
"65",65,7.82374494727429,6.76541816889392,11.4075027065524,3.77661395962044,5.11978798389152,15.6427720369505,11.5513955001117,8.84901293930572,8.97969192121868,9.83852646487267,9.7899500509451,9.17965598483952
"66",66,10.621678633813,10.3886394200588,14.936038899253,5.26674709854194,5.45632302929363,17.1097492968191,14.2420525908311,10.024918752788,10.5454944407553,12.1317657824407,11.7461743559339,10.9803388836593
"67",67,12.449151979151,11.5647907460533,15.6141459580728,4.92990902552978,3.81506212269211,14.0297333901967,14.1414966676091,7.03370357635293,8.22533166504549,10.0345441849643,9.13422848411403,8.45611128119776
"68",68,10.0061665986531,9.42792861661563,12.7814902495758,6.26784332924811,0,12.1193248986897,10.5060547780792,5.41197126747731,5.29173827773067,7.39423491647378,7.53958891452313,6.19163249878415
"69",69,9.48003739444102,10.3265127221149,13.696854748445,8.67734953773328,3.79077656951712,15.2605814764707,11.0963100172985,9.03038194098123,8.30410314242303,10.5453028880161,11.1875869605559,9.63874898521587
"70",70,13.1911613969354,13.7699830428363,17.3488348888333,9.75192560472033,5.51903261450773,16.1479573011573,14.5860665705323,9.96526216413798,10.0504308862854,12.5874739721677,12.5695539300327,11.1945628766826
"71",71,14.2679243409825,14.4569447325498,17.2991498635049,10.7973184170886,5.34679763970921,13.073644518649,13.6641263899307,7.93283366773816,7.89467282412641,10.6708951358356,10.7329737724454,9.19464931359538
"72",72,12.587724575951,13.5625103870928,15.7093590257528,12.4556940392738,6.28244395120243,13.8303614558695,11.3885820451889,9.39155924221319,8.12805856278115,10.8135132126428,11.8336218039956,9.93862540797267
"73",73,14.1154004194001,15.6963040554138,18.2440693377327,14.1971517213841,8.67956410195812,17.4756900006838,14.2686953152697,12.6591350415421,11.7149102002534,14.3965093338628,15.220583300255,13.4211974875568
"74",74,17.4007806146736,18.4861206314359,21.0450175813659,15.5895832529289,10.1740378414865,17.1462390628382,16.7959445402752,13.0258836552458,12.5880889733112,15.4027666346017,15.7940199126125,14.1277543509222
"75",75,17.4325772621262,18.5310736332248,20.243680124918,16.9403857689251,10.8933057425191,15.5422213985003,15.2834141800842,12.7820237443059,11.7571864831685,14.4447119043614,15.3134780830483,13.4893196640898
"76",76,16.8351743976711,18.6809874203694,20.1291576078086,18.4794601923325,12.4187693834776,18.2755316475335,15.1490737010551,15.224269506285,13.7430638141573,16.3017114132228,17.6023601258468,15.6494089345253
"77",77,19.5828017658352,21.4762439220642,23.4104561681314,20.2046481038399,14.5242220101457,20.9961287145988,18.7074579245818,17.6041099746622,16.5648298814084,19.2716674161838,20.2056263451545,18.3528460463221
"78",78,21.9558487196464,23.4968277220564,25.070506377016,21.9588455753029,16.0676037728094,20.2821465086908,19.9286153056353,18.0847483255919,17.1117335474814,19.7617488345541,20.6304457053162,18.8323606061481
"79",79,21.9543654428909,23.886216820585,24.8390438020468,23.7675553223296,17.6457330252954,21.5363170017531,19.4730002054126,19.7605648451657,18.289905904624,20.748014218233,22.0785567236629,20.1588774737087
"80",80,22.5561095492995,24.0809489430961,24.5658927173429,24.0881662232724,17.8574606257441,19.4975520514756,18.8943651653079,18.950300182319,17.4117102548831,19.6576626789657,21.0441881050327,19.1939185420799
"81",81,24.8293073000436,26.0319966771664,26.9479181756217,24.7548977982136,18.7412329637087,19.8553788430239,21.3873255457526,19.4623013541565,18.4215891551191,20.7894129546748,21.7212141925814,20.0240597282369
"82",82,22.3419357711009,23.1379864724656,24.2353053415879,21.3984466258652,15.4985975494559,16.2534148411957,18.8302593981071,15.7882022725832,14.9173588144819,17.2929416236799,18.0505730379952,16.4215132372142
"83",83,24.4743648130038,24.7935703157089,25.6379146187829,22.7086303197705,17.1482566752425,15.2184260355662,20.2627290363366,16.237359206472,15.6301777661036,17.6835337249092,18.2073324240538,16.8345313567084
"84",84,24.8379947056923,24.8600084271908,26.3274721536269,21.415392151441,16.3911531321015,15.0366128167217,21.3733251975447,15.3769621837345,15.4161723848691,17.5874358278858,17.5358739160613,16.3748829614138
"85",85,21.1653694746867,21.1862451840811,22.8914791571012,17.8036527993555,12.6238761479983,12.8976471110044,18.1295688310561,12.0253999517688,12.0007226865718,14.3760748815523,14.3890773852947,13.0828647474473
"86",86,20.4365099270888,20.2309460975012,21.2099971947193,17.9853444226125,12.718999410331,10.2205329606631,16.2310059146068,11.0547932138055,10.5680747537099,12.5267895328372,12.9217503845261,11.6179359182257
"87",87,23.328896137623,22.6596160823611,23.6072976852498,19.6499424172184,15.1423697286785,10.0654135036768,18.9516344941538,12.4147216642178,12.5354014295514,14.0491917561118,13.9048914415036,13.0731868341273
"88",88,22.1581669142553,21.0343832094026,22.4878910972105,16.9455341904586,13.3015279197542,8.45292523331421,18.5097576969554,10.0144803160224,10.9038285478083,12.3001702833741,11.4772285853337,11.0036407611299
"89",89,18.602368370721,17.523697868886,18.7705085173524,14.486578926717,10.3744286107718,6.00828170111888,14.7308371113118,6.97170122710375,7.31360724950417,8.79456667494198,8.47785149669419,7.64713645752448
"90",90,20.0383323158391,18.9387350686364,19.2300605563269,17.2956715394344,13.1615818958057,5.14875577202881,14.8993236423671,9.37925386158195,9.01901358242685,9.73015693604168,10.0185110171123,9.30720521961346
"91",91,22.6756962847891,21.10869503309,21.6244766179438,18.3639822478677,15.2118154077677,5.58087770874797,17.9022511154324,10.7042137964448,11.2158586831326,11.5226513442003,10.9616254725292,10.8992664432062
"92",92,20.5651065885883,18.5642185130428,19.4979041437791,15.2290757762906,13.057220569478,3.75624027452984,16.5702094736307,7.99259682456209,9.15137284782999,9.08608259922834,7.84535811802113,8.28038586057437
"93",93,18.1205779709147,16.163107188904,16.399636124012,14.6717475441748,12.1193248986897,0,13.3841620955516,7.11347039074459,7.23947415217431,6.5216128373279,6.31149657371372,6.48361141648696
"94",94,21.1531072185625,19.2408797356046,18.7424464251602,18.4097029579513,15.7955835283158,3.80410133934416,15.6022693221211,10.9101196143764,10.7670087303763,9.84402321208153,9.93107154339349,10.1570573494492
"95",95,23.6479438852514,21.355312734774,21.2555657887528,19.335919424739,17.62939817464,5.83024150443187,18.7139341401,12.3533221847404,12.989708772717,11.9731405236888,11.2003268255886,11.9599605768581
"96",96,22.222038182849,19.5573044410522,20.0421916466239,16.6782448417092,16.0539643390659,5.88854642505262,18.2901116453673,10.6446641093085,11.9057309309425,10.6661971198736,9.15501884214336,10.4315815675285
"97",97,18.7709600447074,15.9875869661435,16.295469493083,14.1860368320402,13.7284966766212,4.80922540540574,14.968599600497,8.47559343055104,9.36313884335803,7.51974208334302,6.30043966719784,7.72901895456338
"98",98,19.8360589331651,17.2790304704865,16.4750525644078,17.1898909246103,16.0189170045918,5.5488887175722,14.8397998975727,11.035777951735,11.0357719258781,8.98614633755761,8.91709610803876,9.83215973222567
"99",99,16.7933067619215,14.6146016709317,13.3917775892523,15.9304192662968,13.9759854750926,5.40131558048592,11.24013402945,9.71244546960239,8.81711869036592,6.70042610585327,7.79332951953143,8.07507083560262
"100",100,17.9143560308486,16.2760094003414,14.0365444109296,18.9887742100432,16.3368881369739,8.15774245732237,11.3211400927645,12.7155225217055,11.2022088000537,9.45197090558366,11.168593689449,11.0007918351362
"101",101,17.2366447140968,16.3881299421258,14.0852005310539,19.5809897860144,15.8391010161562,9.34151299308629,10.0512065942353,13.096310243729,11.0206302451357,10.0683446007772,12.2844614859586,11.4884366212292
"102",102,16.0858406370323,15.367135679755,12.0937703798278,20.2172442484133,16.9551312881971,12.1904692690643,8.90300544760026,14.8625600082893,12.5769864037455,11.2688353879183,13.7659114482115,13.0261744192222
"103",103,13.0619194990629,11.8583075099274,8.99747331199154,16.6283678994663,13.9435416949927,10.5595736182859,6.36104393948037,11.9292198403751,9.7302423916365,8.07684523808646,10.6253341594512,9.98508938367604
"104",104,12.3220132689427,11.9038698329577,10.0300516449318,15.8896145013024,11.9080563065515,9.95413406580402,5.1716061334947,10.5779632254986,7.95042118381159,7.42409920461735,10.1981060006258,8.91242335170407
"105",105,12.7746587038559,13.12465317637,10.2083684298716,18.6656731729665,14.6584404013524,13.6509036697209,5.57318939208062,14.1631101810302,11.4356813964014,10.985931594544,13.8197534710283,12.5165309091617
"106",106,10.2651850933142,10.2966850490825,6.64708612852278,17.0827661987162,14.1511007699048,14.5314562587512,3.83851090919382,13.9882276933141,11.4336560644441,10.4875001311085,13.2543407983951,12.2099864045788
"107",107,7.39069015721807,7.67647581902008,5.85888163389567,13.7951340334192,10.5060547780792,13.3841620955516,0,11.2058808667592,8.62337897810365,8.30097036496336,11.0024734491841,9.67413220914414
"108",108,9.10193215751469,10.6295180041242,9.03339814244894,16.2848123415654,11.9076001360476,15.1976769606411,3.79520724071822,13.2883234457925,10.5219133716259,10.9586140090798,13.6777028773109,12.0277819235302
"109",109,9.05925786143655,10.9642222250372,8.2477338705853,18.2398823186993,14.7258560022839,18.2120857399695,5.34799177261895,16.3025309078069,13.6323277909534,13.6052873913049,16.3244957655665,14.8985275111334
"110",110,5.39742846177696,7.63282123464188,5.79794868897613,15.4422668672705,12.8193654289126,18.2014715339173,4.9363286965112,15.0263303903515,12.6691792946505,12.6163099200995,15.0376918774126,13.7551288979784
"111",111,5.72282185639218,8.75673146784803,8.78531075147601,14.747081202733,11.0914161404214,18.1532111759876,6.12752568334071,14.2721206903529,11.9399749580977,12.7369680065548,15.0053482798634,13.4042419032185
"112",112,8.88771117892565,12.1296982650023,11.2343895695316,18.5088471277927,14.6568791357506,21.0067099280206,8.61754263116812,17.7516319531473,15.2693411776671,16.0470949395833,18.4811978237343,16.8253561923663
"113",113,8.17795726327791,11.480377824793,10.243451078616,18.9895315634694,16.2744203276184,22.9184325162084,9.7459192485881,19.392934847516,17.06893561415,17.4140348856892,19.7578099494858,18.3488181635766
"114",114,6.28096369994287,10.0192630966554,10.4845504433905,16.6427664467179,14.4632387451774,22.906955515738,10.5314866946695,18.3238150503655,16.3596200750506,16.9744209032297,18.9426599504927,17.5810010522723
"115",115,9.05556657531708,12.8483308643574,13.5787627197768,18.1760560628537,15.0301666657426,23.895597209528,12.1912457525882,19.3011961028326,17.2827432428998,18.4154444420981,20.3882700345076,18.7868630963235
"116",116,11.5277187248822,15.2665369026508,15.0808564743518,21.5466161844499,18.6071365072652,26.7184159148704,14.1955864267736,22.5910718205224,20.4172579206905,21.2883983662463,23.4462625166571,21.8868274996629
"117",117,10.9794524453636,14.563824841023,14.8186839834042,20.9970349811586,19.144502657421,27.9362655700435,15.3378736792295,23.2855789921574,21.3698342997787,22.0251471277719,23.957725956359,22.6087421366161
"118",118,11.1909181482129,14.806003005538,16.2129485905556,19.7255230348906,17.9257351034762,27.9295816474218,16.3400290085422,22.6206511400534,20.985312125389,22.0160058366635,23.652290248515,22.2649973276441
"119",119,13.7688419992387,17.5266604348918,18.6835053723866,21.9936100720186,19.2789686446137,29.0726981891946,17.7406940957788,24.0478673690621,22.2670673866138,23.6024722857585,25.3589150595999,23.7730756318992
"120",120,15.8743624753878,19.6633567327656,19.9671028193877,25.0910233749044,22.2213468088683,31.150994301948,19.0828184763153,26.6700533370295,24.650195739588,25.7926417026252,27.7966111063921,26.1879897853959
"121",121,19.0262840828155,22.8301295659924,23.4253801890172,27.4587185789869,24.3018362680683,33.5197573081906,22.0740820194182,28.9551078222824,27.0124937019891,28.425643985669,30.344372937993,28.6497982366369
"122",122,17.8074538887512,21.568071401959,22.3370249809593,25.5621205301908,21.7932221114731,30.8045214538386,20.1647511514524,26.3875096399793,24.4414119068437,26.082270529998,27.9777215119459,26.1842672419909
"123",123,15.8948989930732,19.6455326728496,19.7149221910714,24.643054072091,20.7079799594263,28.7669920916317,17.4479806567981,24.8736449078136,22.6766661129894,24.0620437619085,26.2038297010189,24.4133589045014
"124",124,18.742267125404,22.4415465376163,21.8582413290731,28.0496897130788,24.0432760870893,31.270315460513,19.6396027963908,27.9099207093105,25.5570944162281,26.780026941734,29.092012752644,27.2996804376901
"125",125,19.623746584177,23.1035066169619,21.8359401217351,29.0898773459085,24.7043136314288,30.5339769437261,19.1345543716074,27.9992811514867,25.457176316316,26.5331810757776,29.0325828165529,27.2205158841635
"126",126,21.067217756505,24.5021755360621,23.599096147946,29.5795982731341,24.6793929017713,30.3707871811055,20.1395705267019,27.971138500247,25.4936840413464,26.8779408065425,29.2865511967524,27.371686557463
"127",127,18.0295198771348,21.4991231681667,21.1562594992593,26.0511143907511,21.1775180084919,27.7172479333717,17.6256699730819,24.7644261391214,22.4078907753496,23.9557568237783,26.2247008371878,24.29794151775
"128",128,15.7783570120593,19.1243648260537,18.1293350402049,24.6598243708263,19.9986218025143,25.7817026978437,14.7884851489258,23.1797224098996,20.6433646966768,21.8274016318938,24.2904408152672,22.4416704592149
"129",129,18.3924261857972,21.4177336102586,19.9887197689097,26.7459398227095,21.6229588400848,25.8462741802373,15.9679545966288,24.1917805049566,21.5565127281757,22.7229470139769,25.27802848325,23.3943110605976
"130",130,18.5645219168176,21.5310665318744,20.8210372700305,25.6459225609062,20.1194036690952,24.7532077921226,16.2459490027514,22.8592693890247,20.3954448345703,21.9660855411245,24.3110844883563,22.3367969279393
"131",131,14.8902630265553,17.7920826493134,17.3475821370011,21.9072962503363,16.5038965399084,21.7837009940919,12.7780443730643,19.3914813255718,16.924457716571,18.4837144805907,20.8102683308025,18.8491233217887
"132",132,15.1973737533825,17.7208492177999,16.2758631721946,22.7262817680324,17.4442073766623,20.808811667176,11.5337740570899,19.4592409410028,16.7643984980076,17.8582533580415,20.4458137035433,18.5766791973162
"133",133,18.3265948282817,20.6151432204581,19.364784042173,24.6295485951326,18.8712669421001,21.128462887773,14.1137550991931,20.4869478693143,17.907217371775,19.2397376801244,21.6890053483326,19.7738196866463
"134",134,16.8950291802056,19.0422417010183,18.6311612091142,21.866865916267,15.8623129776209,18.9949776783233,13.1387188873193,17.7243887905902,15.3465915759819,17.0871588334632,19.2802608384845,17.2951800800107
"135",135,14.2314814408058,15.9827740395715,15.2044789124784,19.4050355835798,13.6554952308585,16.0909539182735,9.54358135083471,15.0123841211181,12.4121850614628,13.8059753005719,16.2121394331532,14.284596914159
"136",136,17.1523197264976,18.6150263496993,17.0280799563544,22.3981132687555,16.7647699059665,16.757530784695,11.3977370122319,17.2049325776069,14.580581538471,15.5612885713234,18.0595104307952,16.2764529612566
"137",137,19.3075298782625,20.6474615388914,19.7313604447337,23.0043664985585,16.9932384788774,16.6161451004738,13.9002797453864,17.2802977115558,14.9783899001194,16.4006933999755,18.5360109246839,16.717074953472
"138",138,17.0047795928086,17.9141895993093,17.5032165615352,19.4953174121377,13.5221923148578,13.2326708188483,11.6750620555096,13.5252992573177,11.3149892178473,12.894249144483,14.8800744621793,13.0502875830382
"139",139,17.1049467114049,17.5640445797658,16.2553840003858,20.1014515893753,14.6903146324372,11.992886725055,10.5869430432018,13.7019368338932,11.3104793001888,12.0793498997256,14.3421164756113,12.7454823761206
"140",140,20.8282521830325,21.3712488404398,19.8860748766568,23.661446173047,18.1276988887172,14.2407795783798,14.2746899090663,16.905573341357,14.7368633365449,15.5126026507482,17.5762642788506,16.0808647155556
"141",141,21.6836239360491,22.0071446807622,21.276897612199,22.8172264966626,17.1853944092069,12.9783854542851,15.6395230745698,15.6896223663924,13.9691835480818,15.1324431933512,16.7175121952999,15.2593439570645
"142",142,19.9150875970958,19.6577887362745,19.0055318525949,20.1589280965035,15.0260879140247,9.2481084552464,13.7415824780118,12.6588079612576,11.081252366046,11.9011874197493,13.3575292251224,12.0938055631799
"143",143,21.5935573262026,21.2181760290558,19.7159033523701,22.7403439287976,17.9698372279773,10.6965961875729,14.7154467482302,15.2585835187936,13.5430499519126,13.6916075754456,15.3599433267184,14.3289359339764
"144",144,24.930024348163,24.6437119363135,23.4050358042879,25.3994907822972,20.4407575202095,12.8851270851319,18.2661648684118,17.695269113523,16.2951475599333,16.7374096562162,18.0675841495204,17.0749071154135
"145",145,24.6336002443817,23.9408245680887,23.2834883554849,23.4804133481504,18.9048716208283,10.3872373131647,18.4268643018827,15.578370582317,14.7112449847047,15.1910277795809,15.9868730526016,15.2195419773395
"146",146,23.7172156249421,22.6210543299821,21.4976428010143,22.8087686866258,18.8555422356399,8.75337152187658,17.1945952554865,14.95635443549,14.0343077848535,13.7998006869665,14.6842652523032,14.2132819573806
"147",147,26.8392459841926,25.9047480782964,24.3389302558679,26.5857061407065,22.5029252098477,12.512649080031,19.973601578083,18.7614247326796,17.7118077281795,17.4250355810254,18.439739531783,17.9589803162652
"148",148,29.0078643302122,28.0052844120534,26.9752278581665,27.5412746437052,23.4851357458287,13.3794553327107,22.5186309974652,19.5970671785346,18.9799317965055,18.9898558972942,19.5502302288234,19.1534873064933
"149",149,28.0684511329001,26.6014619711023,25.7467805754428,25.668724958595,22.3262864131051,11.1345847250807,21.8640827385921,17.8569373073884,17.6139731747269,17.2629722527727,17.4454488620958,17.4080319393089
"150",150,28.6431046850721,27.0710457869658,25.594955850714,27.1231486741492,24.0258833344375,12.4796353312106,22.0744953509701,19.4863512490153,18.9863247628392,18.174582801264,18.6315730146437,18.697077071029
"151",151,25.1914213374315,23.5411220420778,21.9080539984728,24.1771836449161,21.2391169543369,9.83354102040562,18.6261397503616,16.7462096606964,16.0405888607619,14.9508221513066,15.6440099079488,15.711251255072
