"","site","da1","da2","da3","da4","da5","da6","da7","da8"
"1",1,16.8004191911988,20.8100513454436,14.7296133350472,12.5895242960169,8.04937202519551,5.43881917331327,12.1619229153946,16.7808405629754
"2",2,13.3035380632372,17.6257591325877,12.0804706448052,11.4957135489712,10.2262015430951,6.2352682380151,10.2631754832508,13.7792276996935
"3",3,10.5499707108598,15.9180550947658,12.061412272201,13.0639038958498,12.0895343582786,9.99062565608381,12.4383978871879,14.3598908422035
"4",4,6.74331861919634,12.4376470443569,10.1154255471532,12.9654546005915,14.4333667243648,12.51776925015,12.440329497244,12.5637079319761
"5",5,6.25874060814155,13.6758052779352,13.1255556834749,16.6343113172743,17.8394434049945,15.3762493801317,15.4042691485185,14.613583099295
"6",6,5.38733004372296,13.1709186847387,14.8776612745418,19.2717763062983,21.0161652068116,19.1225064256755,18.3405823517139,16.3997139609202
"7",7,3.77934200622278,11.1494943383097,13.4363966151643,18.5874810827073,22.2016998223109,19.2169598792317,16.9232360380632,13.844656622683
"8",8,0,7.89419698259424,10.4757129590305,15.8913776306524,20.166376496535,18.2341715742723,15.2773317696514,12.1842664530943
"9",9,3.80898162242876,5.69516593261338,11.3255319080386,17.3886674015003,22.8026379175744,21.2862923967515,17.2023741675386,12.9880719893293
"10",10,5.58276186130127,3.80370871650288,9.3613410364114,15.1138514284083,20.6617386248108,20.4124157071132,16.2525692122815,12.710341498166
"11",11,7.89419698259424,0,8.19968475003765,14.389926928237,21.7656554001941,20.8209326159997,15.2283772608903,10.711683387778
"12",12,9.52847002409096,3.81617937209456,5.67633482099145,11.167580310882,18.7953184064543,18.7105896753683,13.2486973321908,10.0592901340005
"13",13,10.7096563436928,5.72898289402229,3.8068155983709,9.60463304869062,18.7645781727168,17.1670071357823,10.4673834839467,6.63668365978069
"14",14,10.4757129590305,8.19968475003765,0,6.45580707580392,15.1611494616998,13.4897995908019,7.61023784122415,6.22506377477372
"15",15,12.5286733535518,9.55326949269202,3.81713688515358,5.57755672315397,13.623689992069,14.3436570301998,9.73273312076315,9.82954246137632
"16",16,15.7049766316286,11.4436010503687,5.7692873910042,5.65451571754823,15.3281985242885,15.7136343981906,9.96685251220264,10.1320109553829
"17",17,15.6020697665406,12.6564252852059,5.18015163870711,3.80438667855937,14.5160460870032,12.9067655901856,6.34971078081514,7.75983324563099
"18",18,15.8913776306524,14.389926928237,6.45580707580392,0,10.7211429428023,10.2435953649097,6.38046181714145,10.0821827993743
"19",19,19.6813260732096,18.0481591859115,10.167510904838,3.83817287260488,10.5166926835389,10.5760772028196,8.08848403596125,12.9055562065337
"20",20,20.1701222108345,19.1672038127631,11.7339863644032,5.60477983510503,7.4196356379542,10.7023635240072,10.7298810804221,15.5929002754459
"21",21,17.7749923769323,16.1910874866391,9.62597922291545,5.02925213128155,8.63535042716855,12.5248887021003,11.2321939085826,14.6502803727437
"22",22,16.1890096361698,16.2335803506189,10.1578541533141,6.78519962860342,6.21970738861564,11.1983143374349,11.8242880969638,15.3421184326025
"23",23,12.6424761815081,12.6540531846519,7.62492426191893,7.08278553960234,9.42654151849977,12.3989656423429,11.4167623256333,13.335092838072
"24",24,12.4943001804823,12.1955271718774,9.70591371278356,10.4976040123449,11.9266070615242,15.9537574257602,14.8976869681169,15.7322233012375
"25",25,10.8063224549335,9.5686661034859,9.85907566661297,12.6139637703618,15.6380244276571,18.6779890780566,16.4035111180503,15.6690028400023
"26",26,9.98254301267968,10.5180888473144,12.5614853819124,15.893285563407,17.7684965599231,20.6297348989268,18.9643263787565,17.7819786300625
"27",27,8.61335944913481,10.2942747680446,14.2535379818486,18.5732261602555,20.8610682852053,22.6535354856587,20.6904440986655,18.5614584017528
"28",28,5.47811956788093,9.12582127810971,11.6683540398807,16.0743434391579,18.586491788393,19.2898739498214,17.4631615121661,15.5895934841163
"29",29,6.91147950875932,8.89512287717264,8.81558943009485,12.441000522466,15.1920833331048,16.3632185098165,14.5523643783407,13.6587162647154
"30",30,9.41311345942457,12.4676148881813,10.2618053479882,12.0118222597573,12.1126556130355,14.1738186103816,14.3455338346121,15.1047844738017
"31",31,12.0189242031057,14.7244636235077,10.2109473115867,9.9220143116204,8.47017178102074,10.8604849799629,12.4022735415729,14.8179024831452
"32",32,15.7095335385873,18.0324191943289,13.1892053589289,11.2731143434279,5.91952945765117,11.5391253134716,14.6392702686985,17.9952491786027
"33",33,16.7719664321152,20.1925144050958,14.8546732040796,12.640626922744,5.5948798914722,9.5058197437149,14.6123948755842,18.6581193854043
"34",34,20.3975931423293,23.1761764318448,17.3224369532696,13.8488428758507,3.83394431362794,10.6106588391108,16.4651404488392,21.2424680534066
"35",35,20.166376496535,21.7656554001941,15.1611494616998,10.7211429428023,0,9.28504410328782,14.0183725517622,19.1335335471522
"36",36,17.8608675321217,19.9038246827086,12.9185526666109,8.93754966419768,3.79971025211134,5.74295899341097,10.8007171521154,16.0835033497059
"37",37,20.1267276277094,21.9340064055794,14.302720755157,9.61124247951325,6.37475160300384,3.8201138726483,10.0477098385652,16.2356956734228
"38",38,18.2341715742723,20.8209326159997,13.4897995908019,10.2435953649097,9.28504410328782,0,8.41541353707588,14.2826764298573
"39",39,18.6508962519231,19.9685418846745,12.1458370234414,8.5165525889294,11.1907233903801,3.83405346858909,5.65324234400048,12.1132987249551
"40",40,15.5916386887331,17.3218937475092,10.1229381604354,8.71095344953697,13.1223648783289,5.52190401944836,3.8052659565397,9.135787979151
"41",41,15.2773317696514,15.2283772608903,7.61023784122415,6.38046181714145,14.0183725517622,8.41541353707588,0,6.61178485735887
"42",42,11.5657778380877,11.9682127738439,4.74977588944994,6.33004849902432,13.7342471945134,9.48173011638699,3.8212525433423,5.52585522792626
"43",43,11.167846479962,13.2276503204462,7.7751427639626,9.9991407630856,15.9907926632797,9.87127864058147,5.41940633280067,5.74080429905079
"44",44,13.6778583484404,14.0024644616582,8.49928944088857,10.484685116874,18.2233917808952,11.7577605010478,4.90838109767365,3.85834757376782
"45",45,12.1842664530943,10.711683387778,6.22506377477372,10.0821827993743,19.1335335471522,14.2826764298573,6.61178485735887,0
"46",46,8.55493272913353,8.62310999581937,6.32752352820596,11.6065518135233,19.3532622831398,14.9247981895904,8.78167717466316,3.80475032032327
"47",47,8.99073662165676,8.63309845883852,9.50308891887264,15.2104592304112,23.0850345895344,18.5114968060392,12.2775546017927,6.30265531343735
"48",48,6.86029664081663,9.82425437374257,11.1495905754427,16.7090794779365,23.0123168107863,18.3809509275228,13.6987636668423,8.95104312356945
"49",49,7.94751344761366,12.0395306386919,10.7509673983321,15.1974182346871,20.5957016146574,15.0932951008055,11.4272210095018,8.34534714676388
"50",50,5.34594781119307,11.1887437185772,10.0761252473359,14.4072597325099,18.4163587334739,14.3231819439676,12.0072126657272,10.0183628902132
"51",51,8.16198780935135,12.7459516317927,8.90585004365108,11.6396256812666,14.94881333083,10.4907746139167,9.23228167897839,9.46194979906362
"52",52,11.2038133686705,16.4588728046607,12.2662824034016,13.7934744353988,15.32852533677,9.40285919282002,10.4889711602235,11.9345134379245
"53",53,14.5700633492103,19.6954786689737,14.6003658173349,14.5444272833275,13.7723497995077,7.41310805263218,11.5462308135599,14.6478371440974
"54",54,14.9500943475284,20.7896815511927,16.3708631721116,16.312187652182,13.3773840492078,9.48299572919866,14.525247157966,17.4705189962977
"55",55,16.7202709906269,23.3585741859387,19.7298734410538,20.0865454720318,16.7043485057035,12.891669054083,17.9708721546841,20.4348958646723
