"","site","min.da.CM","min.da.CA"
"1",1,16.0553914778184,16.5894826923566
"2",2,17.3682080520484,16.320530812446
"3",3,13.2333830654321,13.4894271931761
"4",4,11.0252934202359,11.0789034655962
"5",5,13.3084874180217,12.5552093570757
"6",6,10.3953448289342,11.3203825023716
"7",7,9.3407127947162,9.3747495966559
"8",8,5.77816295332646,5.62327031183812
"9",9,6.6134992680653,5.09460705059772
"10",10,4.70186692691124,4.3316115938528
"11",11,6.68694626449884,5.56404079783749
"12",12,6.59689972787665,5.73779652828505
"13",13,5.05681707110814,4.42068603273293
"14",14,7.6164929803136,6.37194609205069
"15",15,9.16556615517049,8.7235456667573
"16",16,6.24989985491307,8.01148194780466
"17",17,11.7845736816307,11.7322094679562
"18",18,12.1804769230579,12.7864023869109
"19",19,9.66080991598396,11.3574854171159
"20",20,10.7611071972215,13.129086525726
"21",21,15.4552302042837,16.1423682277416
"22",22,15.4763509595957,16.5430051683483
"23",23,14.5585067233583,16.7906944764057
"24",24,17.6134631476558,19.3826142715579
"25",25,15.1792732715738,17.8348629935865
"26",26,17.4554717391731,20.20823260456
"27",27,19.8078479258608,19.8495489621301
"28",28,17.7712269410831,20.5102762048686
"29",29,15.0590198927053,17.8143425643497
"30",30,14.2551395811462,15.3239870464576
"31",31,16.4685665881003,16.7238662097016
"32",32,13.6051719231751,16.1797504925138
"33",33,9.8292138621487,12.6779620207666
"34",34,10.4263739998845,11.6862629184868
"35",35,12.5913729234599,13.1377223672903
"36",36,9.63887023829459,12.1818117289671
"37",37,9.14788371769655,9.65949346498045
"38",38,6.63408994068099,9.17241663903249
"39",39,7.82586194060513,8.51179070466374
"40",40,6.11379511077058,8.44341862044042
"41",41,10.4705590428712,10.9685491292149
"42",42,10.7043594528649,12.3505533884114
"43",43,15.2038920200762,15.8493443712981
"44",44,18.9584215186329,18.9290396481174
"45",45,22.6646727535743,22.6423671244859
"46",46,23.0602975069685,24.6591981418699
"47",47,23.9700955013373,24.0496443632749
"48",48,21.3668551644188,22.3555349298557
"49",49,16.8031571502861,18.5869959649213
"50",50,15.6601986585495,17.2920759019847
"51",51,11.6132562769715,14.0858710770758
"52",52,12.8956147737398,13.8463489050363
"53",53,9.94995204489337,11.9266442053077
"54",54,11.8648631936269,13.217865523601
"55",55,12.7617032763723,13.8259518298018
"56",56,15.4388813968828,16.9521972027227
"57",57,14.6686846153315,17.4106331877965
"58",58,14.4539508629103,17.2275516542543
"59",59,15.2209822114377,16.7203879739676
"60",60,13.6997923347881,16.906173694837
"61",61,16.791737525086,17.5718902227393
"62",62,15.6861473100801,18.7264502242149
"63",63,19.0734984189408,20.3233329943688
"64",64,17.6170246973168,21.5157817659503
"65",65,23.4892225730461,22.9944354573014
"66",66,20.3500048032196,21.8624995368782
"67",67,23.6647827162778,24.0371184213083
"68",68,24.2119458997352,25.608437789135
"69",69,24.8646320244212,24.8045454503807
"70",70,20.7441786239452,24.2397139834611
"71",71,23.7895595735011,24.2076210727118
"72",72,17.5634549532293,21.1667049395979
"73",73,19.1120857642172,20.8843959692398
"74",74,15.5303656525875,17.3711423343429
"75",75,14.0018035046845,16.2639085093344
"76",76,15.0000989000554,17.473831005249
"77",77,18.89384797238,20.6604630635424
"78",78,16.5068895119711,20.6999953864729
"79",79,21.7794178219331,22.9606808261428
"80",80,19.7237129749234,21.7262997539848
"81",81,23.1913682680713,22.8956730846682
"82",82,19.4470083194062,20.2964454277098
"83",83,20.2921549971983,20.477482731039
"84",84,17.5206846884265,18.3555546361313
"85",85,18.8123695925109,19.5539897207705
"86",86,18.545580541934,18.871903083685
"87",87,19.4529599173816,19.2163839990775
"88",88,18.880886565495,19.3602655715256
"89",89,16.3796990379517,17.0220756372424
"90",90,15.4412367622267,14.7056654728713
"91",91,12.8359096141316,14.3607836137169
"92",92,15.7535944960271,14.6208141018207
"93",93,13.9330597177245,14.8235433348441
"94",94,17.7008546708331,16.9083756168356
"95",95,15.468788396523,17.9571688748533
"96",96,21.2268784601043,21.1867616449518
"97",97,19.5731819470005,23.0943016564693
"98",98,24.2421927645413,25.8097545319594
"99",99,24.2589120589893,25.5918231863226
"100",100,20.5664454004389,21.9699967455619
"101",101,19.060381376006,19.0369550086142
"102",102,14.0695784943697,15.2769006346183
"103",103,12.9070569184319,13.2792201954783
"104",104,10.4505325558055,10.3926755938978
"105",105,10.814066352858,10.2882208374432
"106",106,8.38250291061652,9.45587034598085
"107",107,11.0525539548908,10.3640935445412
"108",108,10.7751795058783,9.54574365882512
"109",109,11.8616120733333,10.5458263308287
"110",110,13.7243307030985,11.3497161638519
"111",111,10.6993329394952,9.45058183394017
"112",112,8.44786823016843,5.93218973061381
"113",113,5.19542415563302,5.02014591421405
"114",114,7.40086927554794,5.89464926861641
"115",115,5.16623026358277,5.04227894904675
"116",116,8.20069981761342,6.37722776761188
"117",117,7.11685053731477,8.18013086692383
"118",118,12.1332938782376,11.5287646345998
"119",119,14.9821460351276,14.5025027495257
"120",120,16.6690735671913,17.4433089464127
"121",121,16.8650776296172,16.5539078467895
"122",122,12.7873407984052,13.1990309113965
"123",123,10.7281757145162,10.1295017152869
"124",124,5.82091401301915,6.60033211285614
"125",125,5.79996271325375,3.77599549787867
"126",126,0,0
"127",127,5.06104268578995,3.77629792256914
"128",128,0,0
"129",129,6.89389143732919,3.80134989181475
"130",130,9.43869531658574,6.75809529379395
"131",131,10.6737898148817,9.34345824628119
