"","site","da1","da2","da3","da4","da5","da6"
"1",1,58.5618834646094,63.6740703718274,58.3739920245802,65.17296723878,63.9616360902714,50.4522385355019
"2",2,54.7960837165142,60.0751263674263,54.8280562090396,61.6732873122568,60.3571675136581,46.8148212378963
"3",3,52.9104897552881,58.6934459611932,53.5327104564878,58.9923784470662,58.4320890148701,44.5288340860139
"4",4,50.1684231683316,55.1874592934493,49.827930469838,55.9974868501257,55.0437339333592,41.4600923717999
"5",5,54.9318816686682,59.7232794266685,54.3133761859062,60.7332907378947,59.732983392427,46.2721185930554
"6",6,57.2163740506362,62.6581983384634,57.3699023856681,62.5437875246473,62.2755412885872,48.4073596963067
"7",7,53.2316786865033,58.6550937581072,53.3386780898707,57.1906530214048,57.652598887963,43.6442203749396
"8",8,51.9032187174998,56.7029487286068,51.2479415491509,56.0206696270087,55.9587322051082,42.2874916364603
"9",9,54.3450292512347,58.6660675948589,53.1095234097594,57.5956461614649,57.7744831205588,44.3344548556752
"10",10,54.1757768280289,58.0392416171336,52.4202265142926,57.9133089293419,57.5040011261155,44.4239409451122
"11",11,55.0311481473258,58.3872273789439,52.7067182627385,56.9751447649325,57.3009093917586,44.5171410377321
"12",12,57.1899310550402,59.9215955122433,54.1894751182785,59.5094302619028,59.2393351219092,47.0000842295495
"13",13,54.3571644097036,56.897998805992,51.1627936603935,56.1294611751806,56.005177382052,43.9359397649627
"14",14,50.91787894934,53.445561840453,47.7089231241473,53.8532138726422,52.975082333177,40.986143614593
"15",15,47.3401199945286,49.4008657893942,43.6533782802563,49.7383315105431,48.7847495450211,37.257393692128
"16",16,44.4248104715545,46.458372511505,40.7356696074352,49.2813525084963,46.8280584718495,35.5686050221847
"17",17,41.864413835022,44.4879718875434,38.7744016886691,46.342491112448,44.4186871596698,32.5431285745187
"18",18,39.1265231859251,40.6129436136271,34.862664044497,42.3373267529432,40.3006870968931,29.5632907353575
"19",19,35.3630544743692,37.6418846882426,31.9176876189651,38.8008335321684,37.0172102614676,25.4798245559578
"20",20,38.0862100210908,39.6608706033286,33.9603635284118,39.3189343263249,38.4331008195628,27.5433479171366
"21",21,32.6772549665596,34.7159452760718,29.121206970973,33.2367649754946,32.8138784874571,21.5206717055444
"22",22,29.5114990627579,31.5176428007579,25.789222682138,34.2439162594959,31.2721747911179,20.3449332609035
"23",23,25.4720061934682,28.1195619847259,22.5131329769956,29.4161363465084,27.0380997239365,15.3995513386303
"24",24,23.4578190842242,25.7211008968509,20.0504888379435,30.6959529897144,26.1502638521162,15.7389601934893
"25",25,20.0549503342919,23.7580574004079,18.3574574782318,28.4446676036125,23.9439265389777,12.4934977967345
"26",26,18.4047395957302,21.0177800979631,15.6032264123382,29.3430253403138,22.750353677453,13.8436004773552
"27",27,16.2407417483213,20.7319740585976,15.8071706380686,28.4170532706984,22.1673589137553,12.2476588432586
"28",28,17.7805478400999,23.6497480351895,19.1765532235034,30.5909649335202,25.0125561612636,14.1831285493109
"29",29,14.0473684175666,20.8933940794312,16.8843108325357,27.0234440438164,21.5976025362886,11.0480563876747
"30",30,12.7229475306482,20.4024200013771,16.8064899555898,24.3375096629466,19.941818441277,8.89634808114573
"31",31,12.082621301235,18.4098385153058,14.2818890353533,22.100148833506,17.4852020802342,6.00261275770742
"32",32,15.656731933061,21.5765612585097,16.98025731995,25.4298188213821,21.1942242288124,8.90286127399686
"33",33,18.4463567481998,25.1516045219993,20.7422028560107,27.5460332977233,24.4785720343755,11.346148856624
"34",34,16.9318711046635,23.3936203809901,19.1606561598673,22.6563329072576,21.0897745345066,6.96499632056718
"35",35,17.3322937701796,22.3512707935965,17.5812051664108,22.4477856024196,20.2409457829805,6.49449823691261
"36",36,21.0454017526893,26.5738332294591,21.7079540729662,26.3430608655278,24.8108320681704,10.8125691064043
"37",37,22.1996495367009,28.6887017247187,24.2877135726938,25.7579059432506,25.992890669627,11.574839522595
"38",38,21.7175931554995,27.2514217905422,22.7563058506434,22.9181316040413,23.8197750369748,9.57078269734289
"39",39,23.7740979151802,28.1807710761771,23.1375130684479,25.4248211852939,25.4323668967406,11.8204255762203
"40",40,26.2465779512936,31.6740649518783,26.7322400118858,28.947844303184,29.2459602501661,15.0472078337018
"41",41,26.795087729968,32.8495522043014,28.4121592411179,26.7045730323782,29.1613098284331,14.9899851674662
"42",42,26.6455881693291,31.0465654141638,26.4256510921457,23.7092086361909,26.7136985654191,13.6944316787234
"43",43,31.0357779435227,35.4898850488247,30.4914359154568,29.5365565728944,31.954679701789,18.5455814940946
"44",44,27.9356526542932,31.2479437771077,26.0729846544479,26.850992286482,28.0102859677644,15.533139283528
"45",45,29.718190932025,33.1860988974053,27.7580728596044,31.0069539769126,30.9867945130851,18.1991762557098
"46",46,33.1161561142098,36.2029706338451,30.6071121458666,35.287228300585,34.6717469921806,22.2433270154492
"47",47,30.7469317429257,33.9314480294602,28.3013309829491,35.7834213854465,33.4872625840001,21.2774506266387
"48",48,26.6830817397397,30.7875065814451,25.3467072213303,32.5618269368909,30.1756971430664,17.3199539169656
"49",49,25.1603122259633,28.6788182079236,23.1793808724451,33.1370965192265,29.1316669375855,17.4210164915308
"50",50,23.2146214795177,27.7481176404659,22.5620276493542,33.1138187855178,28.6085347330835,16.7626530627383
"51",51,21.7431616310769,24.9681434257737,19.7790479826989,33.6461235511051,27.2156307517725,17.6173685252943
"52",52,19.474217752031,23.7285637731247,19.1899108544739,33.9669458449343,26.72609025409,17.9047174653422
"53",53,20.489437666412,24.0397530066965,19.9551079608651,36.6314389695498,28.2539184497388,21.0590060404965
"54",54,19.1634015140257,24.6567864567766,20.9997832054511,35.6585228613809,28.1297143250567,19.9550125365793
"55",55,25.6912537873279,30.3284569913469,26.2013643666984,41.1081055732984,33.9345222733889,24.8512078499454
"56",56,25.249258910905,31.5071228057242,27.8058152040554,40.6803606206523,34.4240551054048,24.5914294257996
"57",57,20.2166983758152,27.1375684215948,23.3229985987578,34.477324573848,28.9681730604375,18.4639788277668
"58",58,23.0210663629138,28.4699963805346,23.8950655397421,35.9900249349557,30.4331875187407,19.47060614532
"59",59,27.7667484887738,33.721343228615,29.2904405841247,40.5547558673083,35.6278432219836,24.0928747192939
"60",60,25.1435688748856,32.1486572725021,27.9827969243806,37.1644069928787,33.1735272291483,21.0601851399194
"61",61,21.9092697126449,28.9712368029065,24.7452526175177,33.1203650111675,29.4181416506969,17.0158593209346
"62",62,27.5097599759119,33.3132974021352,28.46490435798,37.5724991196917,34.0207464564614,21.2877529156985
"63",63,29.6284685044773,36.428944696059,31.9847717548632,40.1473284304638,37.0628983995223,24.178749736477
"64",64,26.329512978152,33.8913238943668,29.7109586905628,35.1876114359984,33.3640385251593,19.9599518938597
"65",65,26.2209224174979,32.7989653382881,28.1131405382775,33.4186346079835,31.8940856490798,17.993935908577
"66",66,30.7306896043625,36.8856153334355,31.9937086952923,38.5583169403991,36.6253554576401,22.9742124444391
"67",67,31.7550248705956,38.9914787381343,34.5438920861999,39.6148287719461,38.40119345042,24.6134690012105
"68",68,30.9594673459951,37.8606774540363,33.2596151350454,35.7406435059134,36.0688359589286,21.7347647408358
"69",69,33.2109685542129,39.4823747678285,34.5876193064386,37.4747461633311,37.7842845617271,23.4624589192567
"70",70,36.4824957396669,43.2215100975097,38.5357093982425,39.0955388524464,40.8225657444352,26.3900156248346
"71",71,33.4284555506485,40.5294985758316,36.0960497449244,35.8722691679169,37.8343774720705,23.4586973981176
"72",72,31.601761982318,37.5983584980403,32.747612595749,33.5884543676136,34.9982599779758,20.6426089836018
"73",73,34.74159658054,39.8930633393797,34.8656910799648,34.4017115970906,36.7705135032746,22.8412899333782
"74",74,31.5218101414262,36.4062599124638,31.1457165096174,34.4503366008189,34.5386059329553,20.6860452178784
"75",75,34.5276818154562,39.0823463738305,33.6715535654795,38.1982221195376,37.7630571343071,24.1931706366236
"76",76,33.0833804545026,37.1650255634967,31.661817754767,38.8343191620026,36.8330742104582,23.9106935578342
"77",77,29.2682536465862,34.3816723344801,29.153925024362,36.1556040268615,34.0118779383718,20.6162391826934
"78",78,28.8236788906948,32.9849444245984,27.6144070002182,37.3513714246752,33.6646722137538,21.4264565679253
"79",79,27.3045781927762,31.7448254195655,26.6550718626278,38.2952493940998,33.3836622177664,21.892412149187
"80",80,26.3248150709663,29.868055542683,24.8116950407891,38.5082904141596,32.379250810989,22.2411300949384
"81",81,25.397378543695,28.4567430827017,23.9283091061368,40.0892641623304,32.3611226406095,24.1103883845099
"82",82,29.3104047416277,31.2558431402792,26.1769285657966,41.6100592691823,34.5920024973796,25.9276278852505
"83",83,24.7458138430288,25.8504396907923,20.5948610073355,36.4615321772872,29.0399263220067,21.4434247351189
"84",84,31.086405065589,32.5569934536248,27.15418980878,41.2571739711621,35.1202097768503,26.0497556712378
"85",85,28.858760615829,31.368141929719,25.9047706764375,38.613035832197,33.236463245554,22.9805529854383
"86",86,27.6408044356422,29.0176852545951,23.3836592496881,36.0539220685528,30.6129488900017,21.3083396757103
"87",87,31.1772900143005,32.2463052314729,26.5677993202017,38.3424821030807,33.5399919054323,24.1130139137344
"88",88,31.7833788173956,32.5401527554157,26.8031171941382,36.8846610899386,33.016064783445,23.601179327061
"89",89,28.5624566854852,29.3532266847359,23.6054999216915,33.6097162108045,29.613425931198,20.3273695423739
"90",90,30.4653589137882,30.9606018112027,25.2907746311963,32.5429261628159,30.0769005423761,20.8746756470625
"91",91,24.388644680517,25.4982910533623,19.8488924154454,27.4882055077886,24.4255848372467,14.8611902873571
"92",92,22.2994561791719,22.9248604118047,17.1751434050363,28.4384564140069,23.2890245145152,15.014492639662
"93",93,18.7420981180723,20.8291305539595,15.2169727491462,25.3704103000981,20.5491663503394,10.7951653405584
"94",94,16.3079600396877,17.2569869307592,11.5734422059488,25.8356535479037,18.6319879066655,11.9751880546898
"95",95,13.3602717378087,17.1400499131593,12.0821665225963,24.9901773508014,18.2014764520319,9.5605107395421
"96",96,13.0737608968104,15.5782646341772,10.721816076382,27.3762899899818,18.6858235639582,13.0920823595628
"97",97,10.0937456761278,13.6640374349094,9.83141023188167,26.8643430357594,17.427164087984,13.4932272092234
"98",98,7.69907427571769,11.6486418629325,9.05569271711565,26.2666898589011,16.0715029924037,14.4280872402186
"99",99,6.05601887090763,14.4726467065473,12.77053947995,24.7679365582173,16.5994907675336,12.9956357034402
"100",100,0,9.87258195981848,9.94502747211412,20.7428159959976,11.2797296159003,13.0934137833923
"101",101,6.14410817949445,13.7547812449916,14.6254520761239,26.1443579910816,16.9606720272593,17.9439480545389
"102",102,8.25081126599838,15.8580878054263,17.7742313981975,24.0107641794083,16.7348663003689,19.2187137052448
"103",103,7.05933522475741,11.5231480035284,14.6332618194169,22.3382531621242,13.0928615193712,19.2372205621631
"104",104,4.72675275609172,8.63902243039229,10.9225224107747,23.6455352788314,12.7296818240594,17.6879140401965
"105",105,6.43460489350788,4.9858806908743,8.72572075660388,21.2128017928746,9.12700754998095,17.4542320528795
"106",106,5.67376874130172,6.41684396482916,6.68959864311825,17.3787639677822,5.98461031847448,12.6078669251859
"107",107,9.87258195981848,0,5.7515356432469,21.949359327727,8.82256660926228,18.1247488629413
"108",108,8.83133629585556,5.81042113610723,9.00606627448682,25.9994892360317,13.4261285095574,20.1349092060229
"109",109,7.27030531834636,6.67767024627787,5.79039371004631,24.8461832040031,12.9444064190784,16.1790690362121
"110",110,12.2474355043328,6.48976481587918,5.69906043503743,26.9244762622438,14.2965012459553,19.3818794476456
"111",111,15.3833817490511,10.7849652623195,10.2568714346053,31.6548486059449,19.0155510016161,23.0124904455953
"112",112,10.5121413463077,10.4331558874893,9.63271104142815,29.3960530097782,17.5427686773658,19.4423931354523
"113",113,11.535253678407,10.6250608216771,6.97509416670574,27.6109124557937,16.4153905450662,16.5251300982109
"114",114,16.2637401608019,12.1917678093184,9.1698717984567,30.6770319842018,18.9317750601753,20.7621116045198
"115",115,17.3675521307834,14.6932065264267,12.2860912743264,33.7903344162637,21.9668179495538,22.8737863923527
"116",116,15.9439840680239,15.6648676584906,11.6515826027278,31.7226673776739,21.2345606983538,18.9065376322453
"117",117,16.5552679634872,14.7070474100227,9.74931196706106,29.2223764164689,19.1989304315192,17.3221312992722
"118",118,21.6482927934109,18.1956270440507,14.7957254459015,35.708169155312,24.5854916580489,24.5057530702652
"119",119,21.8316771254191,20.3962861555195,16.564598644861,36.9113399294581,26.3915734124749,24.0251636452538
"120",120,20.1911204494581,19.7939521277723,14.7449366583775,32.8385781728121,23.8639457192797,19.1972307763386
"121",121,22.1408756796521,19.9259228648586,14.8249921195581,32.4679917687882,23.6233809589896,20.3896017151324
"122",122,25.6967084714881,23.4512532477756,18.6468479957567,36.6863108760643,27.7208788133149,24.2380929928345
"123",123,26.5207404715596,25.8790021868636,20.8287040059579,38.0614156575186,29.7915624994713,24.1832452485194
"124",124,24.498781840802,23.8647392805865,18.3658362670806,33.6150372121981,26.404928756745,20.253952128101
"125",125,27.9572007007567,25.9753047117675,20.694592380591,35.8219145216821,28.6066633095912,23.7594099770269
"126",126,30.5484580436675,29.165081786475,24.051223413226,40.3347350878999,32.6525625701963,27.1575760834923
"127",127,30.4224974836046,30.3414366545647,24.9125206299085,39.5948547293703,33.0003940441845,25.5781200318052
"128",128,29.2591403145883,28.668291186388,23.0555171609858,35.6031837333653,30.0826143684906,22.8433045031118
"129",129,31.8828882385656,30.1359714003199,24.7256761583947,37.3058847927762,31.6658517609659,25.7982529916089
"130",130,32.6281044942131,31.0348126444873,25.5794712384727,35.7972336651553,31.473373677619,25.194209268142
"131",131,27.1986026748899,26.061443457715,20.4779954385922,31.5145089420206,26.5486205975229,20.1221818273021
"132",132,25.5906388729906,24.7564660613428,19.2604916320568,27.4983457315096,23.8397845684204,17.1707829656464
"133",133,22.1659269129158,20.7606249595029,15.1817048246736,27.1104675572988,21.2022653523392,16.0381061837421
"134",134,18.7004215024986,18.9084125110204,13.4028725108349,22.4693225778312,17.732391399635,10.7866451674235
"135",135,15.6397668170739,14.795454783485,9.18500893360772,22.1275644780225,14.9160729054859,11.1049086681531
"136",136,12.3536265003862,14.2999794890439,9.11794472419225,20.2287500020968,13.59664899505,7.10684888663233
"137",137,10.9792338682644,11.7542465285384,6.30958268332934,22.3839165518544,13.4366074966515,10.3475756350122
"138",138,7.15388283573412,8.07575415602871,4.08960518039103,20.4276509403888,10.0205290350054,10.9792858357875
"139",139,9.94502747211412,5.7515356432469,0,21.6817223389958,9.88464975290514,14.3386936630389
"140",140,12.1073891999075,9.85981906339468,4.94109882831377,19.0834543183207,9.73167834898299,11.2447728930238
"141",141,14.3286857797834,9.35669698732805,6.23750999435997,18.4872178462771,8.62774231000357,14.3399972876559
"142",142,14.63031862622,7.93308913383941,4.74422758968709,23.2604019589076,11.8206793160713,17.3464583829842
"143",143,14.0558802188034,10.3507692649292,5.06427204400508,24.4352707444262,13.9480362644103,15.229933792225
"144",144,17.7250991911759,13.4762820532998,8.7013733571917,23.0907423310844,14.5134038167821,15.6566086455547
"145",145,20.6037325130111,13.4964828259278,10.6600073585227,27.2109522456212,16.9681670721797,21.6241585821166
"146",146,19.0497005075049,13.7098814602735,9.63515003654974,28.504016342842,18.0680674868896,20.0057034047531
"147",147,20.7174340257785,16.6449516511702,11.7919221559611,28.6751291217594,19.656492384314,19.1945302801918
"148",148,24.7028865813036,18.857072355545,15.0210684866138,29.2293087432595,20.9562183888627,22.8206245532474
"149",149,24.7561045558046,18.2649043566213,15.0179391811338,32.0615836922165,22.2541781074972,25.0202331903985
"150",150,23.5360752271562,18.8261603243472,14.7279142056158,33.3617530817617,23.42777925098,23.6382515158047
"151",151,25.8610908917351,21.7265754121496,17.0470870684237,32.9780932994583,24.6953073410655,23.3583291632204
"152",152,28.8150377261086,24.0615837491821,19.6614867750181,34.3370360621797,26.6019178034531,25.8538888246225
"153",153,27.7089114364644,23.8712211426124,19.0171377326247,31.9024949967868,25.2945572903368,23.1726523908073
"154",154,29.512879331133,25.3447314282066,20.7287149778388,31.3278558939695,25.803368560842,24.1930223477735
"155",155,27.2769583251539,22.0462731517015,18.2143295653177,27.162666871971,21.6511771374792,22.8490771261989
"156",156,29.1083199809228,25.6660010196032,21.0457177650504,27.9872178142263,24.4193314912507,22.1145192430163
"157",157,28.2115755320522,25.5334588028063,20.3844093853367,30.0700452168675,25.4149630701354,21.4184058866449
"158",158,22.7826152097921,19.3985826749161,14.4434063633622,25.6430699409457,19.4637757256185,17.705283433965
"159",159,20.8014229148723,18.9627788061472,13.9562515381628,21.6187261166773,17.1649198280465,13.6926394468067
"160",160,17.1932764090995,15.4042083091492,10.7597388737628,18.4240087241093,12.989472790422,11.3241668999605
"161",161,14.9743345956772,15.29963308391,10.9061892084781,16.135263352798,11.7479102763843,7.62403841406695
"162",162,14.7918580654863,14.1335237303388,10.7038805017502,13.808522873839,9.26594603512917,9.23358000079661
"163",163,16.1448228292819,15.1929994439107,13.1378752121577,10.2228859613972,8.15885154269328,11.3824374327757
"164",164,18.3626581714358,19.650642046624,16.4094640394061,11.4836951871775,13.297869377775,8.77519237092311
"165",165,14.0229472145119,17.2139809752365,14.7952029555565,10.2301552999519,10.6724006259624,6.42343421158941
"166",166,14.3524976194249,15.5225729867846,14.1968218972776,7.85702107309263,7.6050736431831,10.2685769846406
"167",167,19.0340590577169,20.0608719545992,18.4238501789308,5.66909845603671,11.9173667603568,12.3615225812789
"168",168,18.5485421445441,21.600000111971,19.7633409900045,6.80692664400878,13.8268920019953,10.7130192322271
"169",169,14.046085177916,18.1238294313236,17.0196045168956,8.13458416207902,10.8109076300682,9.61182565423709
"170",170,20.7428159959976,21.949359327727,21.6817223389958,0,13.1713407796854,16.5457301794251
"171",171,23.6140807434301,25.739648965216,24.0396201062029,6.66382731224579,17.4616757341192,15.4083626942673
"172",172,21.1867321796269,26.0838216825163,25.1732204045338,9.14973584054953,18.3666324828732,15.3409721523173
"173",173,21.1139759564948,24.7819615413717,24.7085795307422,6.40817986782382,16.5785725171001,17.3300027808337
"174",174,25.6404513403356,27.7140065967709,27.3324031416694,5.86096580415879,18.9713661912464,20.2214754047474
"175",175,26.4452816442458,30.1541881193613,29.4326077585479,9.56772788077532,21.7617994881304,20.179660559603
"176",176,24.5828744061553,29.1221232839945,29.0690517748681,10.7660151342842,21.1591621008378,20.5364115467386
"177",177,26.8833598474323,29.7884732512405,30.4289330662818,10.2389491445057,21.4319944675087,23.9810813459184
"178",178,30.5556213188558,33.2728205746387,33.0433244056453,11.6614118790271,24.5871961111427,25.0169389216661
"179",179,31.6191564295691,35.4352109702019,34.7570321532244,14.3831060545442,26.9754666702324,25.0616140963146
"180",180,30.2034148857568,33.5967715123146,32.4600198908989,12.4489005760624,25.113910764547,22.5657438479725
"181",181,28.1652802618959,32.2489656308678,30.2900722838612,13.2155653453775,24.3082747095847,18.8048309625476
"182",182,25.3894223748656,28.8431320415409,27.0342472122659,9.71517811338551,20.7572210637269,16.537934594334
"183",183,28.4817630371797,31.4908195495121,29.1923741343392,12.7662284198505,23.5486273223963,18.385868273355
"184",184,30.6236147183791,33.0551719484863,31.2740930750707,12.5901838372953,24.6824652656163,21.5390577781705
"185",185,27.579244689003,29.7496163911478,28.451311196948,8.63408581602392,21.1850463666999,19.8007837556597
"186",186,28.7940801903945,29.5719936264004,27.9953928570405,9.84805716645832,21.1627650695292,20.6297096518287
"187",187,24.1658217023987,24.4293184570304,23.387689731198,5.13170940873218,15.8591560199556,17.8517180976501
"188",188,24.1826139379432,23.1477377594828,21.5666795612928,8.54536209717749,15.2401709065453,17.4869984302987
"189",189,18.884898809455,17.7311180712421,16.9387621595275,6.61576250403738,9.39778520799978,14.9832376231225
"190",190,20.4092354766411,17.0201166537326,16.3780718729664,10.6600546078147,9.85910105358223,17.5352481596425
"191",191,17.6604648224655,13.2538888240313,12.7209791063053,12.9859743677059,7.20686898087821,16.572494044061
"192",192,13.142650850699,8.30039180903477,8.90246897184672,14.7869389721539,3.25069202777825,15.5789465555349
"193",193,10.462653571422,9.93952383890493,8.15940970955319,13.5774020377684,4.66454474717581,10.2576462892775
"194",194,11.2797296159003,8.82256660926228,9.88464975290514,13.1713407796854,0,14.4330323317762
"195",195,11.3969093656326,8.97981332929461,12.05704045798,14.6922586453459,4.10712020192535,17.4389116050547
"196",196,15.6174493796987,10.4503227711919,12.6279895737399,14.2556380505861,4.90049570948946,18.8703222298831
"197",197,15.9205313459756,13.1412581665234,14.1720132059515,10.1304289581919,4.91933803785304,16.7770783469079
"198",198,19.6970237967409,16.0335326892574,16.6835797291793,10.351400514832,8.54212716298654,19.0359768662318
"199",199,21.9557327067544,19.7076907243188,20.559647006636,7.6712274805616,11.4803800226918,20.5961099250523
"200",200,25.2406366925557,22.8886999277917,22.8816044360684,8.71743994997238,14.8004906651707,21.6976743469776
"201",201,25.6027318620755,24.0120835321467,25.0374594657111,8.2950260382772,15.7024430326495,23.7771670778441
"202",202,30.310401637881,27.7857475767239,27.9592869326127,12.276020743746,19.8280488068028,26.4393830366993
"203",203,29.1779886641204,27.7120978920972,27.1786427759188,10.1739261694783,19.4183609264873,23.744500357863
"204",204,27.7065070521513,27.3021086662135,27.2271044218828,7.43210320034267,18.6100411390163,23.0367942839598
"205",205,31.1783195949014,31.2876663331703,30.2879023662197,11.0490985663547,22.7104543395031,24.1148842883969
"206",206,33.1480198345736,34.3273649501442,33.3795467319767,12.8605595174505,25.5997193804933,25.8063129040157
"207",207,36.1928876856025,36.9164205313661,35.6043606457532,16.2092806831517,28.3518323833061,28.0089570949328
"208",208,36.7353996952789,36.4860615995769,35.34267485994,16.6887473511739,28.0502517194337,29.0841061319829
"209",209,36.2637975310514,36.4538458625068,35.8344544185707,15.6083799893981,27.7686715933558,29.5562523897636
"210",210,34.3174014072577,33.0567331635752,33.0052202214749,14.2298479637055,24.64418321976,29.2224465515787
"211",211,32.0456716641987,32.032725965838,32.2350927038646,11.5314694336847,23.318555975537,27.4303464193299
"212",212,32.712006335041,30.89275194346,31.8247856458819,13.8794975842089,22.737264295358,29.8914697653587
"213",213,36.8878975246587,35.5314728103493,36.0632789807243,16.9662317760663,27.1915894581058,32.804532125904
"214",214,37.2253315616903,36.9653833337137,37.5284516454612,16.9992992138753,28.3813280913879,33.0309264177126
"215",215,34.3043805795466,33.8396317954016,35.1377672141122,15.4730316557192,25.5317089673855,32.0068334953448
"216",216,34.6429854817264,32.9341166424332,34.460102184651,16.5577036000057,24.9987331449112,32.9254723911496
"217",217,32.7801855625737,31.4553272566519,33.4560827405766,16.0384722157191,23.716640164916,32.2787496336048
"218",218,29.4452561535833,28.5758232668917,29.8899824346911,11.2401852546501,20.2902705400099,27.6605090095437
"219",219,28.4788228338128,25.8566973936031,27.6298414009973,12.8540492296029,18.2838306423576,28.0108157636408
"220",220,29.4960585107239,27.7455685149612,30.1462891677197,14.8221134054898,20.4103079438121,30.2506266203733
"221",221,30.5506254664614,29.6952454782107,32.405204775432,16.8201731966535,22.5814133891096,32.0121848350036
"222",222,30.5348366675641,31.448572731244,33.3059983581469,14.5492552448924,23.5050262038926,30.045652810873
"223",223,25.7676045359429,26.8826286107327,29.1770755138987,13.0961207856367,19.4711757254357,27.0359114896781
"224",224,26.979039678873,27.9282475775171,29.0356593172535,8.98520481664209,19.4492296362216,24.9930490887125
"225",225,22.9445165518592,22.1231291983138,24.5049735315283,10.7858610793023,14.6433362964822,24.5410152339069
"226",226,20.8689828531678,23.0511102846845,24.9569268878326,10.3225100242994,15.6216278329773,22.1846230979435
"227",227,21.2312671814928,23.0423423615668,23.9458321302626,5.53034430417502,14.6285457490789,19.7489831472689
"228",228,17.9847128832425,17.5528164375702,19.0523650668445,7.1513405517615,9.22679954843085,18.6506913058199
"229",229,17.5219208912945,18.9012753727976,21.3198832171568,11.0930237717568,12.0623034949383,20.7561449060962
"230",230,16.9856389126068,20.2534854041407,21.5284622823664,8.90833558464413,12.8499759369793,17.8428748992536
"231",231,14.5779451953189,16.6786127510176,17.2204493274932,6.78431585313114,8.49554899076853,14.2223643507529
"232",232,12.1558783926034,13.2564327800056,14.9710407455614,10.7129412511343,6.04476572175296,15.5668562367862
"233",233,12.2136951534494,15.5465176618295,17.5770614502394,12.6861350594886,9.86335243863238,16.9175337050776
"234",234,10.8389437360912,16.1519401464434,16.4756473443712,11.57306436742,10.1664932085761,12.2956798011778
"235",235,7.1826586841487,13.7534455018615,13.9901895064933,14.6870620319241,9.73575830818488,11.4906640801979
"236",236,6.77297858165439,11.7474109148919,13.6622739337943,16.5078420579599,9.12607450907072,15.0858386929812
"237",237,12.1988870683288,19.1156103590147,20.1445504623703,15.7884820699757,14.6716144067988,16.0464608944408
"238",238,9.81663058529643,18.321788942273,18.0659773168667,17.1285296287681,14.8278325196496,12.2488744432959
"239",239,6.27201647760837,15.5851416854501,15.8007019303853,19.9788296334876,14.3524013561536,13.5506496216379
"240",240,11.1868921523948,19.2753965269795,20.7136612577312,21.3547219067655,17.4660495814893,18.539375693757
"241",241,12.9104447793154,21.8741042928464,22.2514609166015,21.1112801680492,19.2261071159624,16.9664015001472
"242",242,11.7320496829253,21.3313181663925,20.1978910883353,21.7198756376877,19.2396578401885,12.8864178454587
"243",243,8.40378906707049,18.2750732629848,17.6209516423019,23.1775309204993,17.9325743081757,13.923793860671
"244",244,9.8311283021686,19.3152059891092,17.4752788490213,22.5381047002001,18.3170491791517,10.9964288717586
"245",245,8.21690722293358,16.368249097532,14.2371656872072,17.9463455746724,13.8688182982158,6.90707605822538
"246",246,12.3717903317582,20.1964259943143,17.1692591190124,19.6630931891383,17.5191842737797,5.98275489659856
"247",247,16.2424285865052,24.1806526152546,21.0982506989765,20.8154651951515,20.8655770589532,8.36771444627107
"248",248,14.4121025253417,20.3488679877285,17.3615847553162,14.7741102957577,15.4327040514678,4.0104853999634
"249",249,13.0934137833923,18.1247488629413,14.3386936630389,16.5457301794251,14.4330323317762,0
"250",250,16.7075042067813,22.07283181918,17.9441524512812,18.7168011114464,18.3943158716344,4.09340814627147
"251",251,18.9552438217626,24.2023081389838,20.451267460497,17.00721594514,19.2948213976522,6.33559455761798
"252",252,17.367379591833,20.6519336229068,16.7214172730788,14.8866553520897,15.6093604235121,5.07774708203805
"253",253,18.0067546358013,21.1297307412646,16.4144428378743,18.7078780885306,17.5978404929864,5.81159320829178
"254",254,21.7159951921905,25.2175648875214,20.5909161321251,19.8004113679997,21.0395496645346,8.79959428589005
"255",255,22.722523086439,25.18764572592,21.0443964084846,16.6668970441673,19.7694057270336,10.2780638372396
"256",256,21.4091215680061,22.695049458069,18.0881776936999,18.1103316359492,18.3714520817935,9.97574592335869
"257",257,24.3788947346862,26.3568436293843,21.2927029522956,22.5041040891139,22.8467871755946,12.3404943047223
"258",258,27.2429166357138,29.7498081614134,25.0925440163373,21.9224126637164,25.0290768203643,14.4339228761552
"259",259,27.4030888402464,28.2068663625415,23.6054504815962,21.2463284129694,23.5603021451346,15.6096527909886
"260",260,27.1037594668973,27.5329294211607,22.4351124475262,24.2202527411443,24.2552874467642,15.9824791392494
"261",261,29.0852581108867,30.5545858294298,25.2094339028749,27.4953462004005,27.701362683285,17.4565452795806
"262",262,31.778617280348,33.5607296140467,28.6624507638719,26.182571077459,29.2170120169546,19.2210800960304
"263",263,33.8183154541806,33.7448111047527,28.9121052399801,27.6231175637089,29.7564834114485,22.3440239671971
"264",264,31.9615306415674,32.6336296117674,28.220272785211,23.4021475584775,27.4678010984963,19.9658978979437
"265",265,32.4351978709089,31.6510416459841,27.4968116433293,23.2682150839534,26.6078614305939,21.5857930601621
"266",266,28.1350401266321,28.8796559083246,24.8776539219578,18.6057890623268,23.0856564181537,16.5211937849056
"267",267,27.2606758802061,26.3994618254904,23.1983523721204,15.5595198165632,20.0316827745261,17.6890604301675
"268",268,23.6858208796927,23.5280510912728,19.8144887118832,15.2540947977121,17.7651455753199,13.6020831810312
"269",269,20.354049874263,19.4366652378484,16.5576097322658,11.7841226408365,12.9989554178659,12.6945657286581
"270",270,20.0265720026265,17.9692851273877,14.2870129527403,15.8991365883107,13.4888738735328,13.0939338793591
"271",271,18.7286800159614,15.0632624940779,11.2294630901699,18.4925931753095,12.5962031099116,14.4140516570653
"272",272,22.4787903122964,17.6182546691955,14.4186870335553,20.2153243987032,15.1995393626471,18.3074031407657
"273",273,25.5230125575307,18.9600939743582,16.3836215529691,24.6861981716557,18.3363156266283,23.0494431806468
"274",274,24.4753184983609,17.6587992902593,16.215101210708,21.4433138052893,15.6424603141288,22.7488742973044
"275",275,28.7817084220939,21.0694832689678,19.6076603628918,27.2917428678403,20.8448534373376,27.5422249462336
"276",276,31.5487217574442,24.0012676203834,22.8928129450967,27.2890122905293,22.5745447889804,29.7016279474361
"277",277,29.031255459328,22.5999993207439,21.2743566364318,22.4077262248122,19.4106427058066,26.0232970894391
"278",278,28.2031967850651,21.8624979319909,21.5539858793745,19.7696848652042,17.6136954587276,26.1530403398932
"279",279,30.0875301792061,22.0772260400182,22.613513768934,24.9464120898385,20.0824794163015,30.2298707627191
"280",280,27.0359395382358,19.0688945837695,19.0788383171963,23.6589947190154,17.5786255199674,27.0733404149397
"281",281,27.8128309586784,18.8117492701334,19.4642273128691,27.3802076019245,19.4219402729664,29.6199787038722
"282",282,26.3116060722494,17.3436097927791,17.3889035790626,27.6562940041877,18.8459500944627,28.0482764127588
"283",283,25.3567065937684,17.2052625940729,15.6782540714338,28.1360859016856,19.2016464232312,25.8658566137088
"284",284,21.8078902951003,14.0176901696676,12.9178456427266,22.7842341221875,14.1736552147685,22.2006374094541
"285",285,20.2839765780026,14.0367957725925,11.0344058620401,22.4450124036095,14.1805355188822,18.9536715163721
"286",286,19.0790209393942,13.2362845644505,11.7305847315878,17.324011270077,10.1938123197003,17.8639199323976
"287",287,19.0000863563861,15.4268377918135,13.2523938349823,13.9462576239857,10.1226854325507,15.1233549751332
"288",288,23.3678882952407,19.227798367821,17.1320419100158,15.6775583356102,14.0888282310432,18.6255477480944
"289",289,25.5184532603001,22.535749425399,20.165801778086,14.9077985809564,16.5292459022072,18.9291333430854
"290",290,25.2483683637533,22.6988151891617,19.2716259622484,17.6579438544141,17.8300225655815,17.4528126843626
"291",291,29.3434976955671,27.2412544517217,23.4689111074494,20.8388478352206,22.4565574531849,20.1992392138082
"292",292,26.8859821572216,25.8576741833321,21.4911729735188,20.7436860341611,21.5449395240744,16.8571202498536
"293",293,30.7063851916613,29.4359858884527,24.6941957044636,25.7764958028417,26.0418728480465,20.5874112507597
"294",294,32.4036718234965,31.8506631862057,26.711709527585,29.0852048593512,29.0636748970294,21.8085014674297
"295",295,32.5738047972705,30.9458326667497,25.8699628835012,30.2179793902201,28.8839600576219,23.1535580063685
"296",296,28.1857903919182,26.2769094661509,21.4670562240319,25.259269104225,23.6822608151807,19.2287122849759
"297",297,27.1708174912072,24.1741923002687,19.9181608962392,23.2480999830459,21.2873633577914,19.4349044607256
"298",298,31.70612965123,28.866671748471,24.818989107875,25.0704326383226,25.2212583679121,23.0244464337381
"299",299,31.7539505931511,28.5008534073954,24.9764894603649,23.4338324143922,24.2515607176743,23.594452715219
"300",300,29.12182535389,24.851467133579,22.0461184458153,21.0115181930138,20.6005176016372,22.782646563623
"301",301,29.4520786827233,25.9380464864857,23.6306853030722,17.9499522775694,20.2215693653531,22.6923335616162
"302",302,32.7804591193425,27.9915794158135,26.2938825591566,21.3313685383102,22.843460570086,27.2859084634791
"303",303,28.2087774174113,24.2137129863605,23.2164411954238,15.0351500239034,17.7248883471153,23.5351426641728
"304",304,33.9184591842694,29.4191022049866,29.1444938414762,18.9609572495951,22.959074514037,29.8633095160856
"305",305,29.2355157603005,24.387885697424,24.5984948771852,16.1083661007855,18.0824275666806,26.6510726666389
"306",306,31.6546973951513,27.3934005294111,28.2661408393925,16.4121214819494,20.5199237085183,29.5718543959355
"307",307,31.6655410982674,26.2633731368265,27.8664595569651,19.0849488277175,20.4680121453947,31.3477494025109
"308",308,28.7431317087199,23.7435925829989,25.9440512146108,17.1614837316541,17.8342566839247,29.6467062862897
"309",309,26.8412280709506,22.5491800932833,23.5373063606899,13.4674101961786,15.6579256272349,25.5556509766527
"310",310,28.6528878256139,22.4269137790313,23.4030465839931,18.7564796436556,17.4890342440135,28.0808832985828
"311",311,26.9274334359566,20.1791029899664,22.5439962239207,19.7123190917351,16.1841445864737,28.9712525286223
"312",312,22.2935441195692,17.3108688580543,19.3098157132578,13.8554058244098,11.240324031708,23.684739030024
"313",313,22.8458392551975,16.6596691427286,17.362806723747,16.1536397747959,11.8925805102929,22.8052157281597
"314",314,25.8890791822273,18.3322462573979,20.0034738138835,20.6761398005938,15.3970614949973,27.4768133918151
"315",315,21.3822631465411,14.2513889859201,17.4137866274843,18.916159446194,11.5419930626565,25.4657696364516
"316",316,18.4699150960857,11.394719037698,13.041391595549,17.1309551754119,8.32077128597428,21.0062061231397
"317",317,20.6954517273293,12.4724799952289,13.6950900864941,20.4639893351652,11.5209797104982,23.1111811105267
"318",318,21.4509000968922,12.4761555456067,15.0981841417558,22.8186672112748,13.0716891427181,25.7950025274437
"319",319,17.0590992503126,8.23832571171795,11.6381847787029,21.0282989125397,9.59494842701864,22.6275883851726
"320",320,16.4796027178606,7.71502771421536,8.87486022253306,21.1557032797706,9.6167048416328,20.3806918997272
"321",321,22.5013075165769,13.0868737515999,13.7621648275773,27.2963712779573,16.5370649849971,26.1476648889538
"322",322,20.5999452141405,10.7639680590642,13.8700669685335,26.8700804555478,15.1676142412706,26.8843127618174
"323",323,16.4269982090485,6.7304224205111,8.96596702398245,25.6846632920229,13.0406664787981,22.798944552623
"324",324,19.5109711716434,10.6830431628981,10.202513280749,26.4920132169748,15.0868736138856,23.043327945679
"325",325,24.0303661713484,14.5165167615236,15.5755752063911,31.6375794702723,19.98924935974,29.1343631132852
"326",326,21.5438267478671,12.4607221597511,14.1781379432028,32.2547737995807,19.6479037851574,28.4390293343528
"327",327,19.9190738877282,11.963257706251,11.2553275456273,30.9933165653791,18.7740977197574,24.9363211202623
"328",328,22.7005181751511,15.4946495281698,15.4174593553046,35.9899969735212,23.3551442495249,29.0711630141732
"329",329,23.5909269340995,16.9336002971683,14.8190022423139,34.8530268354463,23.3078699053365,26.9837531972574
