"","site","min.da.CM","min.da.ca"
"1",1,50.4522385355019,50.5963150930974
"2",2,46.8148212378963,47.6732806087435
"3",3,44.5288340860139,45.2745198649306
"4",4,41.4600923717999,43.1052518841962
"5",5,46.2721185930554,46.1829481735413
"6",6,48.4073596963067,47.8074515217032
"7",7,43.6442203749396,44.8208295103962
"8",8,42.2874916364603,43.1774403247807
"9",9,44.3344548556752,45.4165709075443
"10",10,44.4239409451122,44.7701162942425
"11",11,44.5171410377321,45.7407381444594
"12",12,47.0000842295495,47.7628613255111
"13",13,43.9359397649627,44.636267787529
"14",14,40.986143614593,41.0482906099633
"15",15,37.257393692128,38.5287151875066
"16",16,35.5686050221847,35.9324749356345
"17",17,32.5431285745187,32.5066385527633
"18",18,29.5632907353575,29.8525973744329
"19",19,25.4798245559578,26.2204430549905
"20",20,27.5433479171366,25.3973910668005
"21",21,21.5206717055444,21.6220409073704
"22",22,20.3449332609035,20.1586265901227
"23",23,15.3995513386303,16.6348315290537
"24",24,15.7389601934893,16.3004791954102
"25",25,12.4934977967345,13.2838484634537
"26",26,13.8436004773552,14.7305577287488
"27",27,12.2476588432586,13.7821798348447
"28",28,14.1831285493109,13.9641214904483
"29",29,11.0480563876747,12.433868947355
"30",30,8.89634808114573,9.92576692251032
"31",31,6.00261275770742,6.86000014577259
"32",32,8.90286127399686,9.62924067619041
"33",33,11.346148856624,10.5309959168162
"34",34,6.96499632056718,7.351099169512
"35",35,6.49449823691261,7.06120258879463
"36",36,10.8125691064043,10.8590579241479
"37",37,11.574839522595,11.5374959588292
"38",38,9.57078269734289,9.60893318740431
"39",39,11.8204255762203,11.7991773018291
"40",40,15.0472078337018,14.7368450151313
"41",41,14.9899851674662,14.7355734533814
"42",42,13.6944316787234,14.8540604549732
"43",43,18.5455814940946,17.6422554113696
"44",44,15.533139283528,16.4775409573152
"45",45,18.1991762557098,18.3109277208993
"46",46,22.2433270154492,21.7440244665057
"47",47,21.2774506266387,20.8388335566077
"48",48,17.3199539169656,18.0344299050455
"49",49,17.4210164915308,18.8643347351557
"50",50,16.7626530627383,17.262748043113
"51",51,17.6173685252943,18.6410200632905
"52",52,17.9047174653422,18.8785363044914
"53",53,19.9551079608651,19.7825971247458
"54",54,19.1634015140257,19.5434588801471
"55",55,24.8512078499454,23.1457159102932
"56",56,24.5914294257996,23.710739950495
"57",57,18.4639788277668,20.622252859472
"58",58,19.47060614532,19.9145125222788
"59",59,24.0928747192939,22.8370603405955
"60",60,21.0601851399194,22.0755638886077
"61",61,17.0158593209346,18.4747926104733
"62",62,21.2877529156985,20.1058422852662
"63",63,24.178749736477,22.8575298971696
"64",64,19.9599518938597,20.8010336762383
"65",65,17.993935908577,19.0005259137741
"66",66,22.9742124444391,22.4989955553576
"67",67,24.6134690012105,24.1516866698788
"68",68,21.7347647408358,22.0328633182344
"69",69,23.4624589192567,23.2869928071445
"70",70,26.3900156248346,25.6831898525086
"71",71,23.4586973981176,22.8065241981324
"72",72,20.6426089836018,21.0729542779364
"73",73,22.8412899333782,22.2517451899845
"74",74,20.6860452178784,21.170733643405
"75",75,24.1931706366236,24.394860872733
"76",76,23.9106935578342,23.439441866222
"77",77,20.6162391826934,21.1401254963162
"78",78,21.4264565679253,22.3409853408483
"79",79,21.892412149187,21.6968662714227
"80",80,22.2411300949384,23.6348412518468
"81",81,23.9283091061368,23.7987314157709
"82",82,25.9276278852505,25.3357160151435
"83",83,20.5948610073355,23.4476658539821
"84",84,26.0497556712378,26.5160528548274
"85",85,22.9805529854383,24.2851632277817
"86",86,21.3083396757103,21.9941554509374
"87",87,24.1130139137344,24.9245871781259
"88",88,23.601179327061,24.6476429907608
"89",89,20.3273695423739,20.933984475011
"90",90,20.8746756470625,20.1647387783725
"91",91,14.8611902873571,16.5548377823523
"92",92,15.014492639662,15.578721256894
"93",93,10.7951653405584,12.0131584939182
"94",94,11.5734422059488,12.1955826839065
"95",95,9.5605107395421,10.6744670124555
"96",96,10.721816076382,11.6920473399657
"97",97,9.83141023188167,9.70100128852687
"98",98,7.69907427571769,6.96189557520077
"99",99,6.05601887090763,3.77460064112748
"100",100,0,0
"101",101,6.14410817949445,3.78907310565526
"102",102,8.25081126599838,6.06840118976984
"103",103,7.05933522475741,7.43541101755646
"104",104,4.72675275609172,5.37790749269639
"105",105,4.9858806908743,5.24107069213915
"106",106,5.67376874130172,3.79862883156541
"107",107,0,0
"108",108,5.81042113610723,3.78479180404946
"109",109,5.79039371004631,5.37830103285415
"110",110,5.69906043503743,5.8772722414399
"111",111,10.2568714346053,9.11235562299892
"112",112,9.63271104142815,10.2369168209964
"113",113,6.97509416670574,8.12990381246912
"114",114,9.1698717984567,9.58653524481082
"115",115,12.2860912743264,12.8511452018877
"116",116,11.6515826027278,12.6738826726461
"117",117,9.74931196706106,11.8267781326953
"118",118,14.7957254459015,14.7861939998094
"119",119,16.564598644861,16.9900062978211
"120",120,14.7449366583775,16.0970699507705
"121",121,14.8249921195581,16.0459684967907
"122",122,18.6468479957567,19.6232371182738
"123",123,20.8287040059579,21.1296232100811
"124",124,18.3658362670806,19.5801588093662
"125",125,20.694592380591,21.1107299731677
"126",126,24.051223413226,23.9629894211887
"127",127,24.9125206299085,24.9843943692858
"128",128,22.8433045031118,24.1685848365187
"129",129,24.7256761583947,24.6448092912078
"130",130,25.194209268142,24.6730392534037
"131",131,20.1221818273021,21.1627934356502
"132",132,17.1707829656464,18.3908587347084
"133",133,15.1817048246736,15.6283842415011
"134",134,10.7866451674235,12.5617355886836
"135",135,9.18500893360772,9.71872568807248
"136",136,7.10684888663233,8.46675864779433
"137",137,6.30958268332934,6.21653866713624
"138",138,4.08960518039103,2.87052416816163
"139",139,0,0
"140",140,4.94109882831377,3.87492709608839
"141",141,6.23750999435997,5.70342940694456
"142",142,4.74422758968709,5.60837106475668
"143",143,5.06427204400508,5.9716445808504
"144",144,8.7013733571917,8.66253415577682
"145",145,10.6600073585227,10.137361688329
"146",146,9.63515003654974,10.5649301938063
"147",147,11.7919221559611,11.9571491585578
"148",148,15.0210684866138,14.3052370130662
"149",149,15.0179391811338,15.5369007849056
"150",150,14.7279142056158,16.1999978086418
"151",151,17.0470870684237,17.6188269189524
"152",152,19.6614867750181,19.8696737265613
"153",153,19.0171377326247,19.9758833346613
"154",154,20.7287149778388,21.2863272078581
"155",155,18.2143295653177,18.4800463744007
"156",156,21.0457177650504,19.5324833802566
"157",157,20.3844093853367,18.7848264298609
"158",158,14.4434063633622,15.0174423255094
"159",159,13.6926394468067,13.2523750324234
"160",160,10.7597388737628,9.88910354885618
"161",161,7.62403841406695,8.46171661071204
"162",162,9.23358000079661,8.98296710447055
"163",163,8.15885154269328,8.56601062338823
"164",164,8.77519237092311,8.90401830636034
"165",165,6.42343421158941,6.54647447104165
"166",166,7.6050736431831,6.17630965868778
"167",167,5.66909845603671,4.88128917397853
"168",168,6.80692664400878,5.3737774423584
"169",169,8.13458416207902,3.80272244582746
"170",170,0,0
"171",171,6.66382731224579,3.81714199369109
"172",172,9.14973584054953,5.47300548145167
"173",173,6.40817986782382,5.43576820697866
"174",174,5.86096580415879,6.25861646052864
"175",175,9.56772788077532,8.61157860093026
"176",176,10.7660151342842,9.94879032847713
"177",177,10.2389491445057,11.0462803694275
"178",178,11.6614118790271,12.4064360716525
"179",179,14.3831060545442,13.802293903551
"180",180,12.4489005760624,12.860136779988
"181",181,13.2155653453775,12.1486345734819
"182",182,9.71517811338551,8.60943075934757
"183",183,12.7662284198505,10.9545211670798
"184",184,12.5901838372953,12.358977101686
"185",185,8.63408581602392,9.29676997671772
"186",186,9.84805716645832,9.07274732371623
"187",187,5.13170940873218,6.92603515728876
"188",188,8.54536209717749,7.53331115778447
"189",189,6.61576250403738,7.43684563507943
"190",190,9.85910105358223,9.80989444387655
"191",191,7.20686898087821,8.2785018572203
"192",192,3.25069202777825,5.19038553481338
"193",193,4.66454474717581,3.7746525667934
"194",194,0,0
"195",195,4.10712020192535,3.7428889911404
"196",196,4.90049570948946,5.6066734343994
"197",197,4.91933803785304,5.73287013632788
"198",198,8.54212716298654,9.53949673724982
"199",199,7.6712274805616,8.77635425447264
"200",200,8.71743994997238,10.742574831017
"201",201,8.2950260382772,11.1971552637266
"202",202,12.276020743746,14.0718395741282
"203",203,10.1739261694783,12.5630569926272
"204",204,7.43210320034267,10.3530519654834
"205",205,11.0490985663547,12.2977493062755
"206",206,12.8605595174505,13.4448664180794
"207",207,16.2092806831517,16.7454177911451
"208",208,16.6887473511739,17.1863362587842
"209",209,15.6083799893981,17.2458177248862
"210",210,14.2298479637055,15.8785925383832
"211",211,11.5314694336847,14.0767798164211
"212",212,13.8794975842089,15.6326936258599
"213",213,16.9662317760663,19.2168916841408
"214",214,16.9992992138753,18.9017809478366
"215",215,15.4730316557192,17.7865683592985
"216",216,16.5577036000057,18.9106931390682
"217",217,16.0384722157191,18.2187378816426
"218",218,11.2401852546501,14.3987080323201
"219",219,12.8540492296029,14.1812424349914
"220",220,14.8221134054898,15.9347531201459
"221",221,16.8201731966535,17.3403991880233
"222",222,14.5492552448924,16.3414375132667
"223",223,13.0961207856367,13.7854365182971
"224",224,8.98520481664209,11.01397226254
"225",225,10.7858610793023,10.8258378890504
"226",226,10.3225100242994,10.3477924698942
"227",227,5.53034430417502,6.59258340864945
"228",228,7.1513405517615,6.86601849691654
"229",229,11.0930237717568,9.60757747821999
"230",230,8.90833558464413,8.37382314119423
"231",231,6.78431585313114,6.20163276887627
"232",232,6.04476572175296,6.42722218380538
"233",233,9.86335243863238,9.19502936373778
"234",234,10.1664932085761,10.1385309093576
"235",235,7.1826586841487,8.94639061297907
"236",236,6.77297858165439,8.72369468745898
"237",237,12.1988870683288,11.6988029302147
"238",238,9.81663058529643,11.1256445206559
"239",239,6.27201647760837,7.91605318324732
"240",240,11.1868921523948,10.1461238904322
"241",241,12.9104447793154,13.0708912090951
"242",242,11.7320496829253,12.1891802431501
"243",243,8.40378906707049,8.91160327887188
"244",244,9.8311283021686,7.61360223547304
"245",245,6.90707605822538,7.33982036564928
"246",246,5.98275489659856,5.70655833230503
"247",247,8.36771444627107,5.51783191117671
"248",248,4.0104853999634,3.81381029942497
"249",249,0,0
"250",250,4.09340814627147,3.82399372384422
"251",251,6.33559455761798,5.2604270739171
"252",252,5.07774708203805,4.69279873849284
"253",253,5.81159320829178,5.80682245294275
"254",254,8.79959428589005,8.37226624039155
"255",255,10.2780638372396,9.63378087772397
"256",256,9.97574592335869,10.3945117730464
"257",257,12.3404943047223,12.0725382997943
"258",258,14.4339228761552,13.9781086345757
"259",259,15.6096527909886,15.5595482260893
"260",260,15.9824791392494,16.4812774383541
"261",261,17.4565452795806,17.8553892704696
"262",262,19.2210800960304,19.6050680437483
"263",263,22.3440239671971,21.016109582889
"264",264,19.9658978979437,20.283482886329
"265",265,21.5857930601621,20.6234928661466
"266",266,16.5211937849056,18.0949958275762
"267",267,15.5595198165632,16.1534653557681
"268",268,13.6020831810312,13.8423692336247
"269",269,11.7841226408365,12.3700598624259
"270",270,13.0939338793591,12.7612715667366
"271",271,11.2294630901699,11.3365671611824
"272",272,14.4186870335553,13.9006860622057
"273",273,16.3836215529691,15.5401654109601
"274",274,15.6424603141288,16.4509356876744
"275",275,19.6076603628918,18.9108697578932
"276",276,22.5745447889804,21.9305321640858
"277",277,19.4106427058066,20.1174185471198
"278",278,17.6136954587276,19.5495509411342
"279",279,20.0824794163015,21.128988925171
"280",280,17.5786255199674,18.6807405902443
"281",281,18.8117492701334,20.9654392036036
"282",282,17.3436097927791,18.0716578652873
"283",283,15.6782540714338,16.0622560681867
"284",284,12.9178456427266,13.1553154656207
"285",285,11.0344058620401,11.2077475435522
"286",286,10.1938123197003,10.18254678359
"287",287,10.1226854325507,10.7606472853635
"288",288,14.0888282310432,13.9522847591353
"289",289,14.9077985809564,15.0969822812375
"290",290,17.4528126843626,17.975385753858
"291",291,20.1992392138082,19.593579688255
"292",292,16.8571202498536,18.0388557009584
"293",293,20.5874112507597,19.9914028272155
"294",294,21.8085014674297,20.6417497804813
"295",295,23.1535580063685,21.8942357939253
"296",296,19.2287122849759,19.2762364065188
"297",297,19.4349044607256,19.6286019114964
"298",298,23.0244464337381,22.6576237942111
"299",299,23.4338324143922,23.3269035021796
"300",300,20.6005176016372,20.8198224295982
"301",301,17.9499522775694,19.5289186080541
"302",302,21.3313685383102,20.6552244964803
"303",303,15.0351500239034,18.1391431991701
"304",304,18.9609572495951,19.833894095714
"305",305,16.1083661007855,18.1744819458492
"306",306,16.4121214819494,18.9734050976624
"307",307,19.0849488277175,21.1213318945563
"308",308,17.1614837316541,18.3317709182719
"309",309,13.4674101961786,15.6848346181909
"310",310,17.4890342440135,16.9294150223804
"311",311,16.1841445864737,16.5409362794251
"312",312,11.240324031708,12.8645975452013
"313",313,11.8925805102929,12.3318862304191
"314",314,15.3970614949973,14.3936604795306
"315",315,11.5419930626565,12.4883601405469
"316",316,8.32077128597428,9.18129625924357
"317",317,11.5209797104982,11.6286703453146
"318",318,12.4761555456067,13.1368924788171
"319",319,8.23832571171795,9.89319306392026
"320",320,7.71502771421536,8.8561078358385
"321",321,13.0868737515999,11.8489421468754
"322",322,10.7639680590642,11.1961674692727
"323",323,6.7304224205111,8.38853032419863
"324",324,10.202513280749,10.7883363870432
"325",325,14.5165167615236,13.674274130644
"326",326,12.4607221597511,12.9566682445758
"327",327,11.2553275456273,12.5988539955029
"328",328,15.4174593553046,15.6013770546064
"329",329,14.8190022423139,16.9554515127141
