POS;SEQ;SCORE
1;I;-0.8172
2;V;-0.6918
3;G;-1.126
4;G;-1.302
5;Y;2.247
6;T;0.5245
7;C;-0.8072
8;A;1.066
9;A;0.5317
10;N;-0.4729
11;S;-0.5342
12;I;-0.5258
13;P;-0.9173
14;Y;-0.2391
15;Q;-1.113
16;V;-0.6008
17;S;-0.6759
18;L;-0.5604
19;N;1.081
20;S;1.183
21;G;2.334
22;S;0.5783
23;H;0.8665
24;F;1.845
25;C;-1.294
26;G;-0.6881
27;G;-0.9691
28;S;-0.886
29;L;-1.011
30;I;-0.7096
31;N;-0.1902
32;S;1.002
33;Q;0.1574
34;W;-0.7267
35;V;-0.9485
36;V;-0.5222
37;S;-1.126
38;A;-1.317
39;A;-1.204
40;H;-1.257
41;C;-1.318
42;Y;1.071
43;K;1.115
44;S;2.383
45;R;2.257
46;I;0.4241
47;Q;0.9012
48;V;-0.8385
49;R;0.5911
50;L;-0.327
51;G;-1.217
52;E;0.0299
53;H;-0.5328
54;N;0.04183
55;I;0.3514
56;D;1.459
57;V;0.343
58;L;2.38
59;E;0.1463
60;G;1.054
61;N;0.5505
62;E;0.1323
63;Q;-0.08832
64;F;1.03
65;I;0.3727
66;N;2.169
67;A;-0.6689
68;A;0.5393
69;K;0.7023
70;I;-0.3353
71;I;0.154
72;T;2.36
73;H;-0.9344
74;P;-0.1008
75;N;2.007
76;F;0.2426
77;N;0.134
78;G;1.959
79;N;2.382
80;T;0.293
81;L;0.9478
82;D;-0.08463
83;N;-0.6411
84;D;-1.32
85;I;-0.9193
86;M;-1.187
87;L;-1.041
88;I;-0.4992
89;K;-0.08679
90;L;-1.19
91;S;0.6456
92;S;1.432
93;P;-0.1873
94;A;-0.7131
95;T;1.049
96;L;0.4386
97;N;-0.5489
98;S;1.257
99;R;0.7786
100;V;-0.9133
101;A;0.01573
102;T;-0.3497
103;V;-0.2285
104;S;-0.06909
105;L;-1.12
106;P;-0.9581
107;R;-0.2109
108;S;0.4652
109;C;0.1092
110;A;0.6117
111;A;1.015
112;A;0.3159
113;G;-0.3476
114;T;-0.4149
115;E;0.8736
116;C;-0.7828
117;L;0.4985
118;I;-0.6675
119;S;-1.128
120;G;-1.319
121;W;-1.219
122;G;-1.315
123;N;0.4765
124;T;-0.338
125;K;0.9196
126;S;0.2244
127;S;0.7754
128;G;0.6015
129;S;1.653
130;S;2.314
131;Y;1.14
132;P;-0.1481
133;S;0.9074
134;L;0.6934
135;L;-1.17
136;Q;-0.5275
137;C;-0.585
138;L;-0.7101
139;K;0.5007
140;A;-0.813
141;P;-0.1253
142;V;0.1756
143;L;0.2836
144;S;-0.1262
145;N;0.3152
146;S;1.135
147;S;1.239
148;C;-1.318
149;K;1.032
150;S;2.378
151;S;0.8003
152;Y;0.1134
153;P;2.228
154;G;2.383
155;Q;1.145
156;I;-0.4665
157;T;-0.2997
158;G;0.6305
159;N;0.0567
160;M;-0.9694
161;I;-0.07
162;C;-1.318
163;V;-1.146
164;G;-1.153
165;F;0.7814
166;L;1.1
167;Q;1.082
168;G;-0.4763
169;G;-0.08987
170;K;-0.00745
171;D;-1.011
172;S;-0.6148
173;C;-1.31
174;Q;0.5555
175;G;-0.8282
176;D;-1.322
177;S;-1.321
178;G;-1.319
179;G;-1.249
180;P;-1.31
181;V;-1.133
182;V;-0.9569
183;C;-0.6135
184;N;0.05847
185;G;-0.09456
186;Q;0.5896
187;L;-0.2829
188;Q;-0.5702
189;G;-1.315
190;I;-0.6719
191;V;-0.8427
192;S;-1.172
193;W;0.009681
194;G;-1.214
195;Y;2.377
196;G;-0.2113
197;C;-1.31
198;A;-0.5638
199;Q;0.9673
200;K;0.8472
201;N;1.066
202;K;0.8653
203;P;-1.142
204;G;-0.3305
205;V;-0.5242
206;Y;-1.057
207;T;-0.9742
208;K;-0.3886
209;V;-1.03
210;C;-0.3564
211;N;0.588
212;Y;0.0764
213;V;1.041
214;N;0.7291
215;W;-1.3
216;I;-1.149
217;Q;0.773
218;Q;0.8436
219;T;-0.06999
220;I;-0.3753
221;A;-0.00943
222;A;0.1143
223;N;-1.177
