"V1","V2","V3","V4","V5","V6","V7","V8","V9","V10","V11","V12","V13","V14","V15","V16","V17","V18","V19","V20","V21","V22","V23","V24","V25","V26","V27","V28","V29","V30","V31","V32","V33","V34","V35","V36","V37","V38","V39","V40","V41","V42","V43","V44","V45","V46","V47","V48","V49","V50","V51","V52","V53","V54","V55","V56","V57","V58","V59","V60","V61","V62","V63","V64","V65","V66","V67","V68","V69","V70","V71","V72","V73","V74","V75","V76","V77","V78","V79","V80","V81","V82","V83","V84","V85","V86","V87","V88","V89"
0.932553151826241,1.03558325008753,0.814111205646592,1.27775033301245,1.35388762853917,2.21516755568829,1.62344287064009,0.984960256378726,0.482339893073742,0.431568353288684,0.419722210507047,0.499032666716505,0.747516527262817,0.984061614371602,1.23979717168444,1.51988763808273,0.999880586178571,1.84416841294595,1.46678067508118,1.65512985185321,2.04794511294186,1.83814234471896,1.78833873490107,1.91112978804296,1.53631553223908,0.499874518270221,0.652875406820292,0.462499981567617,0.441900507723376,0.272709757185928,NA,NA,NA,0.165020452831972,0.268724466627423,0.284763429785945,0.417437772662794,0.911998037758954,1.04162485294703,1.11092037657016,1.39588450349886,1.56533986835386,1.73995151733101,1.83710605343236,2.06479132893445,1.66698934214528,0.706792483635673,0.664677231807441,0.838402827621364,1.02829149756834,0.430644207018398,0.493653318927192,0.491488295467514,0.492729461057352,0.518798885086399,0.690446645743999,NA,NA,NA,NA,1.22623900230569,0.857982609154478,0.888908310187958,0.88834422948482,0.989508841012521,0.675621348886662,0.61110608271431,0.7309270373788,0.869939014793489,0.943139642907692,0.923430515147863,NA,0.711609855835496,0.842664135238171,0.925265168854012,1.00010421816724,1.03848578765705,0.309457852100923,0.257097764050186,1.00007010132601,0.580263295632345,0.595735158300175,0.447299765275742,0.935332375237199,1.70399276287942,2.24220604019454,1.99971869118651,NA,NA
1.03378866860857,1.13986340042743,0.840378710544248,1.36667125644072,1.41697814275279,2.23178992657429,1.60148706575145,0.939698528672556,0.415968775811957,0.373576423739819,0.377135268105852,0.458948974062235,0.718505771023695,0.979605471500801,1.28879904079689,1.64689442307307,1.08026157130214,1.90207580232131,1.09888854899012,1.56036433656265,2.0935206619364,1.86708958141047,1.85004219330402,1.88536098658232,1.66004402736694,0.527503122153649,0.641359685424481,0.426005418117102,0.41126695044845,0.261592238673171,NA,NA,NA,0.153100445121385,0.242466703372258,0.26555326891653,0.383336880077212,0.849886204098812,0.973162785699005,1.09931385378641,1.32110284942304,1.56246054207379,1.80237461647478,2.00310861301306,1.88253643042898,1.82087526025912,0.777366814551398,0.718105736633617,0.918303262214021,1.075499589382,0.492361319181992,0.583729302007911,0.568435329799558,0.567334549551927,0.586420885419931,0.833926592925885,NA,NA,NA,NA,1.281308490012,0.896264280409298,0.928193472783122,0.943279309158792,1.02393526053934,0.711739075537507,0.670630043944589,0.783484879276085,0.933134686861567,1.01078739551815,0.922416123352953,NA,0.692360138083249,0.821521191478867,0.938566516636584,1.01647699460758,1.05801252516601,0.284686653244372,0.24856223076789,1.03667504926357,0.624529604596169,0.703054965941186,0.556946620215384,0.986145546172512,1.25135877965152,2.09970335988948,NA,NA,NA
0.58822880836921,0.657302723775544,0.385284834402266,0.24089365045388,0.1075120370169,0.630045073413815,0.773233722065119,0.309718351955418,NA,0.0756752636813419,0.936859215796548,0.719951139330167,0.172898550240423,0.244588257418426,0.134760827323828,0.320035792575549,0.53065530998971,0.727094429701317,1.7200396150671,1.85983039194484,2.07176435904639,2.18956149363908,1.79357054353062,0.504630603481743,0.291386345088063,0.114706137681257,0.265422323767898,0.396285033389219,0.978593250457969,0.866996877170529,1.06078982429734,1.04189374283948,1.06074469032612,1.0269477326328,0.957472904203521,0.778713773241504,0.391058976954283,1.19261755271456,1.35287600992213,1.25807858742495,1.09517104593043,1.11807388268925,0.905836192192737,1.13362887416088,1.35262540472263,2.86514024880515,0.502264794331124,0.658394373154304,0.730080663802615,1.0682693932541,0.932220066189692,1.16576276164951,1.08665581666188,1.22018219241978,1.18752146741747,1.60927384537011,NA,NA,NA,NA,1.65617472738763,1.43874473291935,1.10662269143246,0.930252601789475,0.966473050193763,0.611673251060176,0.369172120069625,0.586398313285158,0.820475815227251,1.11429288039471,1.28720265239998,NA,1.1361953429251,1.06075477550077,0.872358636050691,1.0006197309016,1.28489935366373,0.951645436652049,0.907692562827277,1.31192638978883,1.02502357872843,1.21906243899398,0.9651254863296,0.879930672226372,1.88369379583307,2.51303989067968,NA,2.60833232975135,2.13239696390536
0.694276362431318,0.758677696753421,0.485125188258007,0.365936243273004,0.1340234814922,0.618328271502473,0.706131099568283,0.319531264683414,NA,0.0689308149967414,0.948071515648912,0.771711961022188,0.191831202037679,0.239294119550374,0.162372257606699,0.383607663427177,0.61152485561943,0.786710720412343,1.97872823592103,2.13036553978026,2.08791200349324,2.2349301485269,1.86299806219478,0.509921629935528,0.288125721603117,0.0946387384504829,0.249463422485015,0.430069307916184,1.0588644406688,0.960245387103481,1.16949529098683,1.18060038029312,1.25641592968299,1.16964342119153,1.07721332277246,0.802017415475069,0.374079724924535,1.21744970500757,1.39859001725744,1.28754879084724,1.12468536805953,1.18953484685799,0.899025296251636,1.07742430044071,1.14395048432018,2.42914184215669,0.444912373108258,0.46225898859791,0.517101089753753,0.878345391824595,0.924758154328528,1.13588438635198,1.15530919238884,1.26039461930928,1.22607552701721,1.43467847676191,NA,NA,NA,NA,1.36422189325427,1.37745516115276,0.983608684152743,0.695393908137798,0.947193343097455,0.630573685130882,0.363351301726594,0.697273443013998,0.871965959601589,1.19546097598218,1.25711242206882,NA,1.10647228409889,1.05966554868585,0.776343829330833,0.946990516729657,1.3395130861775,1.06775313321613,1.02152583362836,1.17683893064506,0.96961949094574,1.10201437516864,0.984489729964103,0.862898912116447,1.82552406776296,2.23298642186429,NA,2.59084739579483,2.18402397422136
0.109339013517759,0.0902300799062721,0.0532991581843907,0.0754024460945542,0.233207760938416,2.30483637879038,2.12539325063815,1.64396039408955,NA,0.235864601607874,0.382642879921176,0.4215233780829,0.321909203588137,1.56828367572145,0.292872421023073,0.0736046009986375,0.101881403522201,0.14767727137604,0.0949854987860135,0.0941407956655799,NA,0.158766693161389,0.160976903111177,0.0692081009214589,0.0706969516908283,1.07565026711274,0.835012729559327,0.795105278744731,0.370261519703971,0.29536755215336,0.2575554395808,0.272518445935936,NA,0.235590641312519,0.211901564182669,0.105402851154508,0.432863609964387,1.68106726122518,1.90271306521552,2.99018604028768,2.80023272480468,NA,NA,NA,NA,NA,NA,NA,NA,1.19888829118879,1.57792865082019,1.93315205355594,1.7690887099335,2.13133154312702,NA,NA,NA,NA,2.13338785146196,1.89356671594686,2.02085744870467,1.82270624541369,1.53041152288266,1.26595949646019,NA,NA,NA,NA,NA,NA,NA,NA,1.39485387661587,1.57275832836897,0.660167586878679,1.40961354052385,1.78970198074713,1.11460513811487,1.79251213773052,1.79629377692828,1.38034823592166,1.79167189918795,1.42537159544473,1.58240868634806,0.575750699128278,0.344532136290293,NA,NA,NA
0.0242229535128879,0.0238710275064693,0.0285638381639761,0.461070368894951,0.457913560397671,NA,0.98864219978583,0.485178580067684,0.521402742298924,0.221063097065562,0.353437059596217,0.508939734819191,0.228911251999087,0.402398050785402,0.347683436635527,0.860396199937334,0.716908472654818,1.01887090023465,0.677842019849174,1.81148004984394,1.85278522905677,1.67518106695379,1.54805031728671,1.17654939414604,0.866265703522316,0.0841424271309117,0.300700092061287,0.267164204180741,0.342550492582184,0.204666147120693,0.200684101616883,0.151383684054966,NA,0.167375226392535,0.343227759451551,0.442972793163247,0.338874955649955,1.14815951487223,1.25215257109241,1.31744984064851,1.3238931312278,1.28684956354406,1.59155055439488,1.84383775444589,NA,2.53397747851935,1.88216708540255,1.66566414465593,1.05534584080703,0.707002099049521,0.833245315014654,1.1792398689799,0.993987386133191,1.08618518300885,1.00148136595057,1.53883831019729,NA,NA,NA,NA,1.76654326707776,1.64281257845183,1.67348216788336,1.48861722808111,2.06672646281274,1.81276649517882,1.85171640579296,NA,NA,1.95794316591459,1.97315288071852,1.36238521116094,1.40054568676423,1.62033768923103,0.873747643167845,0.871344194786844,0.915731257760709,0.23549719329166,0.195994474626612,1.43735266488763,1.24592304602532,1.40160663168036,0.978550723084266,0.956934413096363,1.46816621357847,1.8616572956699,0.583057887977047,1.0150109749346,NA
0.0256453078797063,0.0198474525284098,0.0196615526445576,0.0285997872674719,0.108229800260318,0.46152856220463,0.495165454413306,0.226806922660347,0.289987273317541,0.206477549867973,0.220426661576375,0.208629217232508,0.162436140050276,0.17368779739329,0.106086736648654,0.317728059290089,0.297722251457691,0.429390624144107,0.1452059915072,0.499046836910334,0.553885650462489,0.536798167448707,0.488885254540826,0.435319614900505,0.299595232038283,0.0750455343631185,0.155235479574353,0.17816373191001,0.186156916110872,0.0757468611547129,0.0584798557500411,0.0533460775466749,NA,0.0666935626126037,0.116821270758398,0.132634998622781,0.0656100225216725,0.38904717083968,0.932417286920667,1.05080838862009,1.33448232643987,2.68261248133551,NA,2.20022229346229,2.64281654931831,2.85549150483718,2.59726351432958,3.08302269098504,3.44398011041307,2.78156442781009,2.47674488189145,1.51914484059523,1.41020255811227,0.995227324770253,1.5254753886135,1.32407557986075,NA,NA,NA,NA,1.40419458877594,2.50535605190448,3.26138379014273,3.78245390851854,3.86251417346917,3.69123764499334,1.98210690624997,NA,NA,3.35198374131725,NA,1.83992362940592,1.16665754823487,1.06855390518154,0.241240079442537,0.262066683735691,0.258421802883474,0.0622028756414597,0.0542998259505785,0.26007568105115,0.406214449550589,1.11264486088098,1.01629108133264,1.53167879293517,0.627203331826646,0.763940984730662,0.322026133119026,NA,NA
NA,0.135350829388634,0.115056670980167,0.979494090135928,0.763322316657015,1.78902197127804,1.58643536538181,NA,0.481901010049698,0.0787945357101504,0.184030127759703,0.329268524496237,0.278214190787834,0.709028885749607,0.688294404321165,1.84229160232799,1.84623483694948,2.17106312985278,NA,NA,NA,2.68214670343424,2.44676160431628,2.03121344003055,1.56796701495491,0.0820805813774276,0.17385923676815,0.131215889874854,0.2226416699579,0.133461385403587,0.143237087173025,0.0886180190804427,NA,0.144741317188362,0.22988501496773,0.317250133267093,0.449522260630798,0.87222957502377,1.07710355469909,1.63394548004567,1.84411289182638,2.84183258915388,2.65751325256979,2.5140572519004,1.92781914814276,1.82639136483172,1.11097476659184,0.81461611188075,0.786086824425415,0.886248285848895,0.978413664655094,0.875854946753667,0.884743964036362,0.906055709223718,0.915790585605965,0.981109241973061,NA,NA,NA,NA,0.836503374952473,1.02970794104686,0.800579637063006,1.29253874359007,1.52471161569641,1.04654859277846,NA,NA,NA,NA,NA,1.38790097665468,0.926009856846531,0.913572513639049,0.446924707363168,0.36106316486286,0.455300516169223,0.145103994728434,0.0909903512974457,0.654973892656173,0.576279768235492,0.754860878836396,0.737563557220643,1.11411416238289,1.78088641478042,2.33774668684198,1.62881559291749,NA,NA
0.0736052181992269,0.0600091669986264,0.0314308425015386,0.0705029923429999,0.0887545448745375,0.472995824759456,0.856415586930223,0.638153492497011,0.84137522442434,NA,0.643575730179998,0.519331981419452,0.546543460908403,0.502088275138324,0.0984618943336248,0.570475144390065,0.297570014207634,0.720681906357386,0.256251942570812,0.385350598716807,0.79772613200136,0.832791994667332,0.793509766448869,0.759479693420443,0.65894455892095,0.102735088572834,0.195250998315172,0.222773275770528,0.507581470445117,0.195048565692673,0.190439565800637,0.17633389499542,NA,0.196280435838262,0.27801945062916,0.49642898245156,0.216328459266467,0.854288024498802,1.03872256244345,1.03566105329958,1.00527922423153,1.85703975952482,1.77869004518351,2.09064151011789,2.16595875995025,2.54974436633276,2.35914486465324,2.60307030354472,2.05225565774908,1.78505827706368,1.30783854614028,1.26464084387163,1.03232854636994,1.18684226334692,1.04500960726521,1.32357472491657,NA,NA,NA,NA,1.40401124470056,1.55740138889169,1.46820744784787,2.02926615652833,2.53953825061566,2.64382213660176,2.68545551805392,NA,NA,2.65919752446808,2.47974435477867,1.25442630957026,1.1787429517944,1.30314928958066,0.853279274455651,0.684137355342077,0.901287529098517,0.195562777583066,0.173497788683864,1.34705055404854,1.10605287669491,1.15692475072802,0.920079663615596,1.23187299276913,1.19520199172001,1.18913234177028,0.796127786977969,0.417794627589384,NA
0.179476863471497,0.171046785288637,0.314492765334848,0.337625910077654,0.223753801437678,0.297980910017128,0.277842117702862,0.181530568707303,0.137241522249338,0.0756679662902523,0.412343943048383,0.38471827603592,0.156683013355376,0.336750284017839,0.265778888646154,0.397500721258081,0.329240769876066,0.446127544707497,1.23666915200201,1.62533823996687,3.88125851272174,3.24962829128845,1.22188294678004,0.458827568648606,0.343885691465785,0.347338933512103,0.372948761821988,0.687129029736669,0.570100086730101,0.55062536554685,0.569649149192011,0.647767031900129,0.699373717001209,0.605126643516546,0.518447908139774,0.391678309463953,0.162524498911617,0.306311354627093,0.302910761638844,0.268442504576606,0.383653272150361,1.9751219186887,1.67605193558875,1.68408822355062,0.637104738235729,2.30255031745456,2.1461945960159,0.576375714810665,0.627214996648795,0.605506083478768,0.603374870600888,0.54215902698286,0.531304807909237,0.381662097329028,0.411850876286596,0.409892428989187,0.165019819863638,1.26387045570993,1.49271304400194,1.02220715633947,1.24812892931829,0.646141802508242,0.755739446200054,0.605024396644391,1.86271158317878,2.25687877605971,NA,2.54724053631487,2.17762637021897,1.94290182057027,1.7572686124047,0.471884767180821,0.404417227948721,1.21811632238218,1.18823144100774,1.1510602310222,1.16931943457156,0.693522256818854,0.809512998171285,1.32287736363703,1.09759338553701,0.613400384613227,0.511184077241636,0.500073891451875,1.09707925588859,3.47475734907311,3.61114260201064,4.27337635688534,5.21120488979276
0.170856333683836,0.182376257769113,0.128574799915433,0.158755368606308,0.253539859247159,0.271195084414585,0.281935366958559,0.231191442346058,0.450636296393912,0.207598505234993,0.440135555443979,0.399178721805202,0.203168686042817,0.226760656454059,0.215183590111804,0.203384354295573,0.178037675829592,0.278654387083302,0.445151875014545,0.503431495663067,4.20938891560831,3.60979219416508,0.44900364959552,0.195737760172737,0.184662214361721,0.252679085846773,0.283459025769287,0.424492712077702,0.475749499801099,0.377952804365079,0.482786051421495,0.361793303986051,0.314438057886538,0.50327018109331,0.587616945852517,0.621224500190954,0.591426146526573,0.506506449498023,0.601758294292963,0.438310212503273,0.512022440024314,1.2780211158343,1.18499314792203,1.57498757502341,1.08512787749813,1.8785921573895,2.17744381294557,1.60667309329982,0.939814328724153,0.967969730983915,0.948413734076935,0.642773218526835,0.512717595970779,0.488203018046309,0.539545814253888,0.529513780872275,0.398469450392025,0.7403440641962,0.78127396153818,0.850699185936645,0.962919919478988,1.05121041620997,0.98464453904889,1.23809287146125,1.98287571850609,2.21492195689289,2.72180003019763,2.67940556643705,2.117558888508,1.93422664342982,1.86014078301515,0.958237494996816,0.838135185076868,1.26349360805552,0.903006430230683,0.756833540183772,0.72032668638245,0.512565374079341,0.402277397913425,0.68860080821848,0.740726077080425,0.663204235102806,0.393801848988393,0.735534255812371,0.392223962483691,3.6301557932557,4.35928384992985,5.14505515075965,5.60934754747993
0.724579631091118,0.847278027302408,0.14375492911856,0.146723663945494,0.14426330762196,0.17696545812226,0.176508188459726,0.133706424223851,0.210165305244447,0.0962532525422064,0.290569222583262,0.290844861009971,0.127604457149825,0.149490826446031,0.148012306352338,0.151253910839116,0.694527571176621,1.40066353959281,1.51703970210919,1.98940160715213,4.82061481307738,4.03949636656232,1.55112925332191,1.03947331622635,0.128881437910637,0.172959650335688,0.202512292997064,0.31486751680993,0.352699459185429,0.350291277129502,0.441726956863722,0.435915624117287,0.395021564607357,0.422775555956252,0.47376197964655,0.386489717113319,0.158401265956603,0.33392353418927,0.366544836995346,0.382521149156511,0.363966394910389,0.972888569813558,0.754240990878103,2.17461455358579,1.43360241987634,2.09368094715589,1.50993551690118,1.0737756412723,0.557184795148587,0.534946622114044,0.558927775725071,0.498961679754063,0.376291861934523,0.390755143898621,0.404969457776883,0.447509274856747,0.320894645523668,0.795508947368158,0.91163123379019,0.835242690491033,0.957214524223253,0.754427977476499,0.71950277221627,0.791969466098481,1.46098797211006,1.55793281971966,1.82285960982189,1.85133459607109,1.50052487555587,1.56575512202055,1.5815589122094,0.844377195135127,0.703530550390812,1.23895319275265,1.03333924158457,0.813129283296375,0.817845709940284,0.494160673275638,0.506738392761499,0.811513732113761,0.669678293223793,0.594723360453034,0.363303219538632,0.460312989047426,0.51346939178504,3.91018897796959,4.69895157467654,5.58968368219533,7.03288896931997
0.235276931924209,0.254178719582875,0.105612366141764,0.153680479783683,0.192621569284993,0.416841307143239,0.410470378214547,0.217187839527043,0.30232824919678,0.135778542359207,0.536479480694764,0.383135937751756,0.163649012698642,0.203452218267936,0.199220256218125,0.185744095551303,0.267705411147715,0.38254928657769,0.587152734195411,0.789196687238813,2.94717384254664,2.46624656505467,0.669712846344102,0.277625983614004,0.17508217547806,0.14893930418498,0.249065139666388,0.371950085031561,0.466846914367736,0.368785778971711,0.42908102986738,0.360210325920062,0.340080376999648,0.443274199525667,0.404086106014679,0.476430613600867,0.334202023642284,0.44438953424478,0.496582300841468,0.47312828382926,0.754622377422966,3.16454149673341,2.86913142084132,3.03047826704046,0.789800164316952,3.34640744548098,3.9381034066651,0.996242286773309,0.470191492036459,0.532340714967402,0.368490572579851,0.359567295259558,0.413828696978253,0.388679776715283,0.419979730202091,0.437570977816325,0.353143211594657,0.714496038502129,0.827784724745183,0.633645103255405,0.638579345361656,0.449935675375515,0.515053322342561,0.893389478172043,3.07670460508421,3.93397599544611,NA,4.76499024260931,3.71785150333352,3.35522213020025,2.80791732018581,0.666396183130209,0.462072430958847,0.761406893443042,0.840822883282414,0.77275587990646,0.801094850189457,0.470596165294115,0.507253776667433,0.778180456749072,0.659030113033642,0.437656242487683,0.297805243409742,0.367345338841498,0.485962382259388,2.45082299804567,2.86938674001104,3.27112009725685,3.67247157374892
0.294277872978754,0.281142344774353,0.286655984157188,0.300630550735415,0.338061165328924,0.391298769834082,0.456241235012855,0.628706931948428,0.660205610304511,0.546325423878327,1.3048579320772,0.949803922185006,0.471226133620237,0.437762710198764,0.335080856885822,0.349571956928562,0.368566828022462,0.439683490052063,0.782369594280296,0.823420523591267,2.13335621143648,1.82014178618425,0.583668797290764,0.348295825191209,0.320766480446703,0.425597571712146,0.524976728011077,0.813950367288285,1.20756417892488,1.16221221595303,1.23816463228936,1.30596518129707,1.31887534665962,1.26153710887358,1.23603000505787,1.12506261919986,0.664698892573688,0.633679607651062,0.480195199557229,0.415038058866086,0.332558148039322,0.695184538311057,0.566456540849161,1.69667533764763,1.49508776258951,2.08877048877632,1.96369096263711,2.09144424001079,0.636471480379839,0.485010969020451,0.559404529931963,0.534248392092464,0.511831980038105,0.483778408439189,0.53711948126708,0.488635313231995,0.441689991400413,1.07500028824959,1.1229057586008,0.914090644568917,0.924035322781914,0.570137087958192,0.589029113350405,0.548554404943751,1.61213269018155,1.89125978023292,2.49932279017568,2.48681605716601,1.88225308932766,1.95517570488249,1.7148652826314,0.536936976568532,0.425773491736962,0.900412483331321,1.24535176929983,1.60143938825706,1.69422996952659,1.38418183430206,1.56968209144331,1.28559000529911,0.847820264303112,0.590563598896025,0.53244932039832,0.512887594138045,0.656488352333586,1.84557425231758,2.29178255565282,2.62572043029522,3.5938123909281
1.99916397842422,2.17532729535349,0.352403716368762,0.484446011330111,0.722720844527311,0.693570360869966,NA,0.957643119815021,0.363164502439146,0.341979245941489,0.443240902325373,0.265090224252182,0.748482314667813,0.722526972132863,0.661184392974092,0.405314183730147,1.4565311971316,NA,NA,4.27906599019921,3.74651184314823,3.83975790806636,NA,1.96612793605657,0.646999703919679,0.917543962638621,0.99819369020167,0.539819178290654,0.412610308980711,0.343810313659063,0.339458883709339,0.301253095971778,NA,0.318004499566754,0.31186044070275,0.158155765106571,0.078834693948773,0.750274356366649,0.844211912345035,NA,1.30086552474742,1.18848131794643,0.81400001676616,1.87272809087744,1.73471486534657,1.13445377407357,0.295974434897483,0.199516478541028,0.226092373932728,0.371888027613647,1.00733433870737,1.12264780786425,1.22844235255403,1.49996844433086,1.51141425345509,NA,NA,NA,NA,1.21884583018214,1.52109994371613,1.22980503011203,0.866044965430937,0.543045346816074,0.37513465190965,0.326320490522129,NA,0.231818002582359,0.301054518261007,0.55141688238092,0.825407787050881,0.973119012260066,NA,1.20919641842457,0.403808047348092,0.648075474479713,0.777826644794878,0.266778837667622,0.716581770009142,0.83205468107856,0.841659012894642,1.08664696480566,0.936003398304049,0.837788278733356,1.4107922663013,2.8242221462707,4.15164775084732,NA,NA
1.14646368285168,1.25507843046789,0.504966683965132,0.49011283901431,0.536035110637611,0.50475447080724,0.680303899045285,0.55799598479132,NA,0.161074543217041,0.809794743723797,0.598819695604886,0.447947755091302,0.427580079103076,0.458571406848097,0.395950660595094,0.937430827488756,NA,NA,1.31669356973749,1.7607040852593,NA,NA,0.388266670083984,0.412207784524923,0.983818192230844,0.875819394320507,1.15854942716974,0.709134092914373,0.745227081865658,0.785854685284408,0.804746647110271,NA,0.665092637007076,0.733854895230921,0.347886926870146,0.351970495412842,0.382371341955187,0.39419525151865,NA,0.525926479817472,0.426563565064731,0.444067058818843,0.668477535128019,0.278304269303946,0.665936868088229,0.0774915095074056,0.0533288034149017,0.0843448462462361,0.144889827100552,0.954511893597785,2.16709471382347,1.10726503496465,2.62269109521255,2.38127403523252,2.91752276760145,NA,NA,3.79316751405988,2.45727841105973,2.50377142739685,1.3263365323853,0.871272149174958,0.248684174818123,0.144691062308392,0.0837589476956452,0.0760622830007975,0.0837685486377059,0.0944922342274875,0.245379786947216,0.333580757624476,NA,0.405340717692887,0.518396047899336,0.49496471322077,2.60464490912718,3.18756635453763,2.81789047693971,3.57517263489443,3.25011405135156,2.49006109699615,2.15951045458097,0.95106054994603,0.68453442106966,0.665760014481879,NA,NA,2.34049495601692,0.343280477236755
1.16281198158427,1.28041825771099,0.488402481392153,0.483651558761955,0.560102826083307,0.529954529542949,0.651506835147894,0.53581808954228,NA,0.150313491830241,0.792080515719,0.617670560869247,0.443923578257604,0.420049801285727,0.491687584671722,0.428735614773132,0.980733435373477,NA,NA,1.33233549844953,1.81338413750558,NA,NA,0.435364969867832,0.457305665255291,0.965302207120314,0.852737759907845,1.16729535105843,0.705184542255698,0.733575949123796,0.785608752845259,0.822696888047455,NA,0.682902673544019,0.73083823010935,0.361157643359928,0.354899969219253,0.395844397274277,0.396095574907761,NA,0.492923425378791,0.42827520350878,0.494735388597328,0.683391458667574,0.28412436895019,0.677547452555957,0.0995893558691123,0.0565460569844071,0.0697046613585746,0.139481120634729,0.946678568273426,2.1466101624921,1.10596450916019,2.56771972912876,2.3229597941786,2.84582480293214,NA,NA,3.72859399589671,2.41953192294988,2.46639122052962,1.32758467765945,0.880812835217061,0.245418380929649,0.160454782125471,0.101674121913928,0.102266835738998,0.11678126028717,0.124165216862793,0.288350179707842,0.36642032138589,NA,0.443783658981054,0.509368482853439,0.490606145305979,2.6150723343767,3.16051243103093,2.78286668677069,3.50740535460456,3.20754182812024,2.48263130790412,2.1078200553945,0.942325262124344,0.68880142630782,0.686070271215519,NA,NA,2.31139901999942,0.362882572737991
1.20338638178119,1.33472204902999,0.561098734649009,0.590677387815999,0.583910367125606,0.546044192120244,0.679317560338878,0.530878716051071,NA,0.10782372293491,0.776404232497269,0.672483247597673,0.470040752133337,0.41978707138362,0.491086313609863,0.45736079601048,0.974946495027054,NA,NA,1.31787678243916,1.85881876062742,NA,NA,0.469711096415788,0.459846237337172,0.966344476277628,0.904789763367972,1.12857663748118,0.670166286661408,0.713816642107639,0.785758350334488,NA,NA,0.690495214196494,0.782506656628269,0.378763001317323,0.39490249669443,0.417067946713979,0.464986279271299,NA,0.571430563389587,0.49465137696754,0.536815434192012,0.756207002466326,0.340704117748069,0.750593666746216,0.0923860141397291,0.0363169998647701,0.0397203573130481,0.10732141730128,0.919660242076891,2.16970626972344,1.08548893446709,2.67870174613874,2.33375188047771,3.06502155303332,NA,NA,3.66285139877234,2.41002744878057,2.46312618449367,1.29194293617712,0.854156560140688,0.246856826096777,0.154075993234464,0.0837699694779544,0.0970679458978441,0.120339058039659,0.118773327237211,0.295962784832317,0.384988089875804,NA,0.443449860063511,0.469018463901619,0.492233141499001,2.52524412657149,2.8637399625171,2.55631214668844,3.28133391642132,2.86287120763057,2.39439629992107,2.14886995807061,0.930481942709325,0.665033388540296,0.703842397482093,NA,NA,2.3227649513153,0.373597489588251
0.603969847934639,0.648948747216295,0.290422308152698,0.283866420423407,0.233297401597182,0.223427122653858,0.280084229408629,0.220716081006551,NA,0.0496300112178967,0.163209903270498,0.129047540508821,0.193148381411776,0.184395840075827,0.191928323254629,0.200513240281957,0.44690663783574,NA,NA,0.60621717311825,0.776729380339677,NA,NA,0.185579829344788,0.17254065349021,0.449862719173409,0.399540192500276,2.05764028805445,0.168524661313691,0.158095514153791,0.148659280407684,0.126113063611299,NA,0.121969888200441,0.172864721011402,0.146814609428523,0.138322296180717,0.167550414960435,0.195523776428384,NA,0.18713108236284,0.137834555305004,0.187515805813076,0.363615456674161,0.151508438015552,0.333910018980575,0.0357145085801868,0.0330635566841177,0.0601716480984243,0.110045401919094,0.451717712386615,3.44868410911832,2.42962074381087,3.97219481143009,3.36331651801007,4.27825640075379,4.98617761655525,4.83551511434253,5.05347906664387,3.57398259651181,3.56768232449766,0.616352443255246,0.423112121135468,0.122298169713604,0.0724509292883518,0.0379305065711873,0.0300961044019639,0.0283654418486129,0.0360052644321519,0.104655191368638,0.157557438122766,NA,0.189636949362855,0.228500948014329,0.199577428057937,0.991680849324938,2.90792446655558,2.86501805385316,3.26809390165914,4.06429708906615,3.48852168029644,3.33209741615339,2.05072466768814,0.339801087966325,0.279566666740433,NA,NA,0.984821119094615,0.083716081566831
0.418282035573717,0.457395493358497,0.32985814004301,0.916623733898663,0.774529202964252,1.29085543882507,1.26746006510029,0.121916221495626,NA,0.315825484520283,0.349116202067358,0.523722468959609,0.231941440720552,0.0599718103908137,0.740941107248891,1.66739120229922,1.18740939935992,1.66173702665942,0.630190800321144,NA,NA,NA,2.06122180417365,1.75132764167486,1.52100650324837,0.0596049121642442,0.256945930651668,0.493679586458286,0.669024482362978,0.625680034298288,0.435761401628869,0.095242670073025,NA,NA,NA,NA,NA,NA,NA,NA,NA,1.43231140238763,2.636305413823,2.59244057855099,3.02823802578314,2.48755504942786,1.09288454160242,0.754008215481891,0.944201246674357,1.74897299381952,0.720564446951932,0.591571036308881,0.612938972665905,0.631073036295343,0.70520781223794,0.652870575939382,NA,NA,NA,NA,NA,NA,NA,NA,NA,NA,NA,NA,NA,NA,NA,NA,NA,NA,NA,NA,NA,NA,NA,0.818109265793628,0.49141675691824,0.431640923194772,0.455103610971832,1.22551249605278,2.01047172683934,2.52177035499874,1.50016927673992,NA,NA
