"","dataset","site","mean.z.RSD","mean.RSD","ndata","se.z.RSD","se.RSD","mean.z.SD","mean.SD","se.z.SD","se.SD"
"1","exp",1,0.769812877257401,1.22335175222697,18,0.437701880773139,0.260261870919652,0.842884249895899,2.64810561440496,0.566805886186087,1.04642121834226
"2","exp",2,0.438472763190619,1.02639971479995,21,0.276971233161566,0.167997485151594,0.372970871948013,1.61795947488662,0.274615035162282,0.462448667118688
"3","exp",3,-0.180208703044656,0.654926736234392,27,0.126471392567964,0.0816929873108493,-0.188503321502502,0.602446378404668,0.0875317449673002,0.14192858980245
"4","exp",4,-0.372750093426952,0.545635093994579,27,0.106171176791149,0.0676342440491934,-0.302921017541134,0.416651820969226,0.0486220005705278,0.0873886420652649
"5","exp",5,-0.606417689560151,0.407883890845493,27,0.0641411064824589,0.0394105959209028,-0.426832997884572,0.206752340253115,0.0327257821466891,0.0492599107004122
"6","exp",6,-0.648618971490064,0.391203124817918,27,0.0638678697860159,0.033915281251763,-0.450244471157018,0.182946288729344,0.0254656841858321,0.0308714618089967
"7","exp",7,-0.473092663329843,0.504054690633586,27,0.0765152717001462,0.0420154077641822,-0.39163941581765,0.299968787879073,0.0292794392478642,0.0484387502989368
"8","exp",8,-0.303579569878555,0.607194421716604,27,0.0899205883734885,0.0519329186555194,-0.316472612003952,0.438807794805862,0.0424816836673188,0.0750408521131219
"9","exp",9,0.680855275919401,1.2193807320427,18,0.137438772369527,0.0784566905667058,0.309653914741839,1.59153205868655,0.0974974590690459,0.171165106919521
"10","exp",10,1.92694226775296,1.96474904790457,25,0.207221947073376,0.126604534858642,1.80633970722758,4.24492781916445,0.248987424329226,0.474453049519212
"11","exp",11,2.94756244699447,2.56215383920327,18,0.401268498000322,0.234840796672799,3.61195894241652,7.5021856920366,0.603279439862826,1.1286017058155
"12","exp",12,1.90773899772603,1.96695349455893,18,0.243389327414912,0.149282588825868,1.71323078183364,4.24775600230901,0.294673287685572,0.587790577933261
"13","exp",13,0.195304866505014,0.907411951921107,27,0.070402763293126,0.0465167880440538,-0.0777210847784626,0.879655551307595,0.0399152713690917,0.0825588405300727
"14","exp",14,-0.463879710588216,0.490860811345548,27,0.0517649989643129,0.0375707555652924,-0.383984192768289,0.27764493963223,0.0221852879847493,0.0418869942758828
"15","exp",15,-0.579357121178667,0.433261085018258,27,0.0559873704645916,0.0290479936001651,-0.434542631667291,0.209653602028274,0.0246688511184593,0.031335761526228
"16","exp",16,-0.559211643107021,0.434262682991165,27,0.0441988204750015,0.0319337567003568,-0.422897752694665,0.215097963080622,0.0210637863862915,0.0351644099838934
"17","exp",17,-0.650998778579501,0.388703821999699,27,0.0611485440223897,0.0312830309842161,-0.451801465204097,0.176534989953719,0.0271972369754685,0.0330373851810993
"18","exp",18,-0.62081845882873,0.398992292451251,27,0.0748464372612,0.0467893614248426,-0.430355641341039,0.216115202341663,0.0355931772505863,0.0555073606425269
"19","exp",19,-0.340605784153144,0.561679549067682,27,0.0744430983742335,0.0525895306013255,-0.3253538712908,0.387391042791437,0.0371210458438439,0.0675064727289091
"20","exp",20,-0.503296913726019,0.463546009252999,27,0.0814291300838519,0.0534662055193408,-0.378405950152453,0.289199416142928,0.0438823708152894,0.074627472657464
"21","exp",21,-0.206597445561723,0.632691724914001,27,0.124271385447583,0.0783086264337408,-0.206989423074518,0.559737084097072,0.0955593736807723,0.159255525557535
"22","exp",22,-0.542052285229008,0.432959914311739,27,0.0662509722977458,0.0493951025344246,-0.389439300241267,0.250891067414873,0.0308969171647655,0.0549274045554568
"23","exp",23,-0.50855671616481,0.468409338437635,27,0.0519887390405269,0.0371485227484715,-0.403431914563543,0.255287639637819,0.0220199301756703,0.0356504622905515
"24","exp",24,-0.513967751273519,0.465569403710796,27,0.0641630679435048,0.0416854134704295,-0.401916035351672,0.261934385772843,0.0298025047090419,0.0490518174899657
"25","exp",25,0.135568634034786,0.854181883256171,27,0.111486032554359,0.0755714819497409,-0.0421317583049745,0.878113960669138,0.0750701668327251,0.144148444106718
"26","exp",26,0.107887151067608,0.825827352032587,27,0.129916480954116,0.0854640936927804,-0.0217238074384183,0.871897709444091,0.113721710110688,0.197377432979912
"27","exp",27,-0.201424239709704,0.63913994886238,27,0.102411129089377,0.0721803901213331,-0.220725909665585,0.543960100901569,0.0582538739150005,0.104574978563794
"28","exp",28,-0.108054039546062,0.694087098375194,27,0.157867070722513,0.0995962446450316,-0.095878870456474,0.739661610763114,0.13186390785725,0.21337465006726
"29","exp",29,-0.410416176694849,0.528197581763629,27,0.073677032612646,0.0470999587020391,-0.351058755230622,0.336671244234024,0.0406547828475019,0.068396790154246
"30","exp",30,-0.347791710770803,0.56787386299343,27,0.0796278021696751,0.0497883961036681,-0.325150120296786,0.386931718322051,0.0484380342194854,0.0785396930091731
"31","exp",31,-0.595635968766363,0.4249246777138,27,0.0542062737455472,0.0242408113511689,-0.443499630919043,0.195839022039214,0.0238576379084223,0.0218187949069884
"32","exp",32,-0.647700254177505,0.392885509339944,27,0.0511795050990994,0.0231890755469962,-0.457762194255068,0.168340087292139,0.0226798080264182,0.0180786130623949
"33","exp",33,-0.46886969431481,0.49750644447767,27,0.0552362321777897,0.0311215401431357,-0.391756543765938,0.272694969079714,0.0177342644773951,0.0304129616543281
"34","exp",34,-0.332971867010277,0.575970355481446,27,0.0627112419912425,0.0394335335259009,-0.330982295667317,0.37217194311822,0.0212586906116058,0.0409757595484437
"35","exp",35,-0.323782081473267,0.593168729568716,27,0.0927806938900148,0.0518485048256014,-0.316654056763141,0.421744095507075,0.0386760346053295,0.0639835558311599
"36","exp",36,0.816237198210667,1.32008083135915,23,0.210522042563252,0.128510985686865,0.54141067139175,2.10594501705049,0.17356438901167,0.334954441841217
"37","exp",37,0.439670945043031,1.06338602332159,26,0.11972215171054,0.0697199635353961,0.13473502598946,1.25231166748013,0.0849492399418064,0.143891638942015
"38","exp",38,-0.444534434565716,0.52249573453475,27,0.0876571837940655,0.0478711366795245,-0.373409729369591,0.33258458150874,0.0369312158478684,0.0547397402086164
"39","exp",39,-0.501190360135267,0.49052822797856,27,0.0778344326520394,0.0394132008955322,-0.403584016350035,0.281006352969407,0.0328859032314729,0.0437324231879055
"40","exp",40,-0.222716157960559,0.651529960554161,27,0.0660182534582483,0.0384672981397968,-0.29442070492298,0.462964348180283,0.0291921136937244,0.0483995426805134
"41","exp",41,-0.194704130365515,0.666432881416432,27,0.0606793913129288,0.0347862202839853,-0.282219235659579,0.475594894595803,0.0295352884656972,0.0463220301559684
"42","exp",42,-0.259448842549047,0.632307370885811,27,0.0734405308688631,0.040109214907433,-0.305669094615926,0.441640088409283,0.0326888872713087,0.0514116469533979
"43","exp",43,0.0824327234056329,0.828494603570365,27,0.109115382077636,0.064789044240899,-0.0905003371444777,0.795541434740094,0.0912094223229992,0.148268393967749
"44","exp",44,0.569381349784164,1.13482331428278,27,0.153308197094236,0.0908302576847839,0.290635991853661,1.50232748312794,0.13979984812484,0.241359388592265
"45","exp",45,1.94065800333197,1.959788300015,25,0.157462797378047,0.0965635285469281,1.72929946816301,4.06455854196608,0.2313137124365,0.407642849360532
"46","exp",46,1.67389589849151,1.81323518107635,20,0.308088301796075,0.182458706348594,1.67311623893117,3.92035423281862,0.408703088691698,0.695243476385363
"47","exp",47,0.961087555216249,1.36797683624161,20,0.168857728293576,0.0963104563386614,0.626267329254882,2.04759900049666,0.192077124039819,0.303803010014315
"48","exp",48,1.17736688984158,1.50084619930989,20,0.204028590597843,0.116849163468504,0.900985881506245,2.51196012704543,0.203140037520729,0.332186093273299
"49","exp",49,1.32696204641382,1.60241986971793,21,0.309539643041998,0.182460387398188,1.28509053651322,3.23358529825678,0.3505743279775,0.618122063904163
"50","exp",50,0.7123929482177,1.29366272364299,23,0.298360723513443,0.215762550655747,0.583636811737818,2.69773976438383,0.342575880486817,1.05890004319071
"51","exp",51,1.53198268319762,1.7813334830681,23,0.415812949792501,0.272329450323985,1.80152377689363,4.80474222720235,0.480250470492404,1.173986877501
"52","exp",52,2.12572069002864,2.09421206732072,23,0.347137966087223,0.213934670616221,2.32271103732046,5.39262113532848,0.40397800858551,0.765269776000686
"53","exp",53,0.970536270297803,1.42337428018092,27,0.248416953483526,0.166393617929394,0.856009096924016,2.74585207975903,0.315379229843532,0.669861047860151
"54","exp",54,0.255670712231883,1.00000367469571,27,0.264704652785277,0.17813588594895,0.331437597989511,1.82504958983817,0.30648996627194,0.656762228475666
"55","exp",55,0.181320089112386,0.931670107336921,27,0.223295907309072,0.146016191343322,0.170669732581406,1.42234812039984,0.209296280535709,0.438353377946443
"56","exp",56,0.277667602847199,1.01175310100729,27,0.228847884497699,0.151628948541831,0.228524524306905,1.62141912633129,0.238331289600957,0.505412179776722
"57","exp",57,0.641258257068885,1.23229485245837,18,0.293788829953042,0.188168587257598,0.52780663728637,2.12047669631425,0.273325536360554,0.568888218823466
"58","exp",58,0.535865671416249,1.14481651227675,27,0.232705250265927,0.153326589237094,0.427220210832548,1.9218399639256,0.244843418469266,0.522418948713649
"59","exp",59,0.534114128198387,1.13809979312288,27,0.202439487966443,0.130206461605154,0.341250106848744,1.73606792784343,0.215280845049075,0.457106801689561
"60","exp",60,-0.15534014877112,0.679796224830053,27,0.144623560435336,0.080238619534187,-0.162584479395484,0.629517044976744,0.155659309858331,0.221730912818216
"61","exp",61,-0.117249669520213,0.693470743135113,27,0.10272559248281,0.0652096950169485,-0.199771762336155,0.591461584013655,0.0664677564977384,0.11444060476844
"62","exp",62,0.180223788950127,0.877733784254855,27,0.0997156248460046,0.065793908686834,-0.0465161403424568,0.882966394949926,0.0683505411449837,0.123130747665703
"63","exp",63,0.157890115381495,0.850049269670464,27,0.149893809571952,0.0904303129393969,0.0336970062575916,0.935202439823537,0.138108192523557,0.207750459142035
"64","exp",64,0.230891616061243,0.895858302642664,27,0.126300079002978,0.0795836356796276,0.0413217436014391,0.967234530181475,0.107501494794299,0.168466331300291
"65","exp",65,0.0670128832762137,0.806276101715655,27,0.118901824114814,0.0801372888118407,-0.0630058357948429,0.817052763708715,0.0932593636728247,0.172801368084637
"66","exp",66,0.055315097864076,0.803857471905626,27,0.172031024944468,0.106701970148692,0.00409237996676955,0.942204906412424,0.129671820190129,0.23064150640911
"67","exp",67,0.183946786807762,0.879848883456651,27,0.183969500258748,0.119360029971026,0.105705877974929,1.1445512933417,0.2496091696684,0.460551566569523
"68","exp",68,-0.0151160053597998,0.75578977619984,27,0.167006330970461,0.0964609063553186,-0.0550102399189124,0.813140553635332,0.174196354771554,0.263476647233306
"69","exp",69,0.0142421168259597,0.781191613996701,27,0.09356246267764,0.0636032333976538,-0.134029070226669,0.715439991543318,0.055328932513625,0.103517627750734
"70","exp",70,-0.0942434285526829,0.719186319570288,27,0.107812966656965,0.0696280855580331,-0.177168281458367,0.643278790017453,0.069719275808518,0.123797556573206
"71","exp",71,-0.256398803592296,0.614399237274624,27,0.0737918904074513,0.0515267790334057,-0.280496543095587,0.446516655660133,0.0343551029332939,0.0662435742700066
"72","exp",72,-0.478822143714282,0.484276886295609,27,0.0626912103302335,0.0389955600102702,-0.383290287371202,0.27406109881355,0.0290559756904725,0.0470518575270889
"73","exp",73,-0.636836574964262,0.384383963764489,27,0.0645751601728546,0.0435484559868977,-0.42719443900819,0.197059200089212,0.0241026429529022,0.040639830402689
"74","exp",74,-0.557593873703103,0.444711838933663,27,0.0597489539201955,0.0343851647787726,-0.420287427053419,0.228509448166207,0.0227405588108809,0.0319736250835469
"75","exp",75,-0.674561622524962,0.37580817075813,27,0.0489354198880682,0.0237157560548962,-0.462501791854475,0.155855145425211,0.020039405758126,0.0158542835636492
"76","exp",76,-0.631489224226961,0.403998808606383,27,0.0623209891845427,0.0324509333191922,-0.444384731803346,0.19059467726083,0.0227002045714584,0.0257598703059464
"77","exp",77,-0.309114962644774,0.594291352841521,27,0.0583700422892028,0.0335485258562682,-0.327002201162485,0.382445305327552,0.0238695928839705,0.0402687326531189
"78","exp",78,-0.0633124956484225,0.736798974713697,27,0.114278253885199,0.072376469430263,-0.160145282867168,0.67906991564609,0.0716695170601532,0.13513663089255
"79","exp",79,-0.592493617518551,0.424529185938149,27,0.0353198525571905,0.0154350773842818,-0.445335360351502,0.186419311673635,0.0182064550381674,0.0144383210427003
"80","exp",80,-0.37379181885001,0.542498458865891,27,0.0478782878280856,0.036813193618281,-0.34758083563839,0.32954006970567,0.0234524187366014,0.0461575257672579
"81","exp",81,0.17958376250614,0.87461697654011,25,0.126523278440422,0.0799532112253119,0.00583632961182454,0.918375239297907,0.0900875686113786,0.138724179994298
"82","exp",82,-0.377727204363876,0.543820830421164,18,0.113079076123122,0.0737746217239943,-0.30440308924163,0.388266907378778,0.0553196254110165,0.0994490077783911
"83","exp",83,-0.41314906115965,0.528775492584092,27,0.0926451056022172,0.0550419855451178,-0.345120787058939,0.358373646049021,0.0472569312279803,0.0753930371428409
"84","exp",84,-0.660203365533643,0.376542711645341,27,0.0380502920063642,0.0255086223337934,-0.454823884001523,0.158702348840797,0.0174629619465677,0.0232749025732069
"85","exp",85,-0.715208466783603,0.349085852796946,27,0.0406766160301134,0.0195584487583946,-0.474341182959251,0.131806788486674,0.0186886939392463,0.0148261374651343
"86","exp",86,-0.407806842060654,0.517895523872359,27,0.0589016127888322,0.043708977206664,-0.354701449949727,0.317888115546794,0.0318767950134153,0.0550582176806281
"87","exp",87,-0.424531747488294,0.50683180240616,27,0.0526030103158847,0.0442408209029967,-0.361046331719945,0.307766982018723,0.0230617405964531,0.0479773807070808
"88","exp",88,-0.572514362375586,0.422490540576689,27,0.0437700916789124,0.0362427725748775,-0.41964772059743,0.212650259538555,0.0169781761309474,0.0340450912882774
"89","exp",89,-0.366889709969846,0.539194085126129,27,0.0626880202562065,0.0488415692789666,-0.331570423573636,0.352753232565438,0.0309163095730692,0.0607481065260437
"90","exp",90,-0.277485185007899,0.596549998320581,27,0.0532383971236003,0.0435393384465358,-0.30616455621688,0.405159424297697,0.0295074560012076,0.0572152047106821
"91","exp",91,0.0266182294898542,0.788390889382077,27,0.104561927710462,0.065689257782029,-0.124431047817318,0.733752237747463,0.0755981470766533,0.130961624190363
"92","no-selection",1,0.722685538546,1.22414711947054,270,0.0825736450918199,0.0385208375392814,0.805829242162011,1.89769314485978,0.103086761963287,0.121791834579442
"93","no-selection",2,0.170220044708169,0.969927434558839,270,0.0618597873274276,0.0280722955969308,0.143280676227559,1.1527456951518,0.0633281134932816,0.0669164745556971
"94","no-selection",3,-0.112753989252621,0.836455739025047,270,0.0477939958405553,0.0217586134201344,-0.154396706454023,0.82701282574102,0.0414733513708222,0.0426253164762969
"95","no-selection",4,-0.0842174610138829,0.850712128088904,270,0.0547946266460932,0.0250345006644278,-0.0923069633279927,0.892300479003688,0.0512698486845992,0.0533103465034598
"96","no-selection",5,-0.411654294819432,0.699993535453602,270,0.0466754853522114,0.0216289373020146,-0.358359910362572,0.615832089527928,0.034522982681218,0.0372071539085652
"97","no-selection",6,-0.430441560713684,0.692415560858783,270,0.0440118315734589,0.0200809950201338,-0.384396111431749,0.587912580028016,0.0327215117316151,0.0340664407813775
"98","no-selection",7,-0.51479392620266,0.650835274212272,270,0.0418027885756186,0.019075699464599,-0.438436026821903,0.521470895566099,0.0287665257307533,0.0294538836434787
"99","no-selection",8,-0.42374796401542,0.694953960025074,270,0.0431639963138891,0.019729085862297,-0.383709516104643,0.58766571354528,0.0318846831233806,0.0332169974075587
"100","no-selection",9,-0.0457326958037812,0.867121856428358,270,0.0545374551256834,0.0250597766932228,-0.070112099705948,0.92083027162468,0.048687905531277,0.0518765482695887
"101","no-selection",10,0.407963407148105,1.07670512697603,270,0.0655991141891346,0.0300418360279278,0.374652710724523,1.40206963476535,0.0707494244982863,0.0760542378886444
"102","no-selection",11,1.01320247169857,1.36042922066916,270,0.0851112389235056,0.0398599808539988,1.13579128604366,2.27815972627071,0.108469558662635,0.127229545251178
"103","no-selection",12,0.705907962677501,1.21320822553014,270,0.0750642055386707,0.0345259325869904,0.738207513535644,1.79253296414337,0.0914602697229262,0.102034238170323
"104","no-selection",13,0.223873925272467,0.993418810353036,270,0.0623509520121166,0.0287853073607628,0.196306532828754,1.20977269720386,0.0624645079750316,0.0672301600760269
"105","no-selection",14,-0.195457956518258,0.797879680044039,270,0.0480339244279378,0.0220692046209499,-0.207669134221908,0.767628378036944,0.0383021164421294,0.0398569825108255
"106","no-selection",15,-0.409749513098253,0.704468442815603,270,0.0460428884969069,0.0207931109149575,-0.36804500666935,0.612578868072384,0.035240955474476,0.036262423118601
"107","no-selection",16,-0.338448526281789,0.733016006890714,270,0.0464809685909565,0.0212377889006991,-0.310355742966851,0.658643215576094,0.0388213064458186,0.0398580826575654
"108","no-selection",17,-0.202189188797844,0.796417599568516,270,0.048473353540337,0.0224062860890916,-0.208660171282519,0.769330198448851,0.0406662216213756,0.043575732769342
"109","no-selection",18,-0.0229079322756154,0.87750740223713,270,0.0530888055703577,0.0242294307036319,-0.0575572517231835,0.927939809968701,0.0498494332684995,0.0511439362660732
"110","no-selection",19,-0.0791835953463176,0.85286508120067,270,0.0501645803612033,0.022937810431355,-0.119951072363019,0.868911353377931,0.0434958201315156,0.0455702842388594
"111","no-selection",20,0.053183094136636,0.912071230971595,270,0.0558224337263425,0.0254146456848107,0.0150855276786401,1.00562216427756,0.0526902622381649,0.0547356606493243
"112","no-selection",21,-0.147165527849569,0.821519464651273,270,0.046519571358051,0.0213320314807165,-0.182703289410187,0.797304178349275,0.0378567157383835,0.0395164205296766
"113","no-selection",22,-0.115389584289999,0.836322164678886,270,0.0511349194753553,0.0233206940782452,-0.135650981892847,0.845731696879483,0.0453624903803682,0.0467501716489335
"114","no-selection",23,-0.0928179132521881,0.847000911268909,270,0.0521202113871873,0.0240269563710789,-0.123155565044018,0.872702799821491,0.0460702334604819,0.0503903821705333
"115","no-selection",24,0.0634077641973363,0.920192511707956,270,0.0529216950230762,0.024175921322895,0.00370163936275616,1.0039780798205,0.0482311450101559,0.0510404339469992
"116","no-selection",25,0.145441006135493,0.958320026683836,270,0.0569324800585069,0.0260258987543721,0.0892577165822912,1.10058372575,0.0584167178027016,0.0629100140731157
"117","no-selection",26,0.379702165778175,1.06603954864336,270,0.0670602589251536,0.0309514445994359,0.354747306122639,1.39414014650276,0.0708266940664683,0.0778656948661149
"118","no-selection",27,0.169436217844782,0.965574871947071,270,0.0620002928931581,0.0283743516731641,0.147048872641186,1.14890776437828,0.0618016290157581,0.0652790762140993
"119","no-selection",28,0.0463422001054886,0.909117769791693,270,0.0595338601658852,0.0274760791476087,0.0356212007078119,1.02957261426362,0.0593208606937054,0.064914400591322
"120","no-selection",29,-0.492611065782878,0.665448781520243,270,0.0407480188623095,0.0186384867021329,-0.437017963295681,0.536270848007538,0.0289753381005398,0.0302352495112344
"121","no-selection",30,-0.129031187362625,0.825407781576113,270,0.0560779737611767,0.025608686179237,-0.111688506049754,0.857709499191767,0.0514939436089261,0.0532592093776813
"122","no-selection",31,-0.471353301835209,0.674626623448186,270,0.0422305510112271,0.0192781362447696,-0.418426583447341,0.555093999537442,0.0305319939124466,0.0323045271127124
"123","no-selection",32,-0.392974356344137,0.710543405833428,270,0.0457920460596134,0.0208865581011141,-0.355020353829831,0.622222726778085,0.0343037542163625,0.035718490787471
"124","no-selection",33,-0.303500439898907,0.751643037251007,270,0.0465100237898867,0.0212315116140718,-0.296239861177177,0.686226291425486,0.0368833751716159,0.0384399018179599
"125","no-selection",34,-0.252993781881463,0.773280174871199,270,0.0481234635033557,0.0222584109409527,-0.252714283491454,0.731234743547623,0.0410370587962695,0.0437232291400615
"126","no-selection",35,-0.0351347095206917,0.874033689095514,270,0.0557588443971026,0.0254234664188131,-0.052450369880176,0.937803751111266,0.0524668212853004,0.0544527703196485
"127","no-selection",36,-0.153256323469208,0.818418388707585,270,0.0494283506496639,0.0226361572467139,-0.174065424386707,0.807643079382271,0.0405201359578978,0.0421196467368884
"128","no-selection",37,-0.270862849027542,0.763750550234349,270,0.0487555655234947,0.0223487275967802,-0.253497942681763,0.717671156160748,0.0401340082411621,0.0415999506401559
"129","no-selection",38,-0.0746072802945262,0.853195393144049,270,0.0454593182047573,0.0208851009563171,-0.134770168266723,0.845276800768272,0.0391733645922684,0.0407982206260915
"130","no-selection",39,-0.498863751660542,0.66076031954122,270,0.0437671584194717,0.0199476610555804,-0.423787589115032,0.543641769727472,0.0311019279054856,0.0321544739762798
"131","no-selection",40,-0.409280585308006,0.701525920452653,270,0.0463042690964618,0.0210548405179288,-0.363104749438176,0.611388014251269,0.0344403913366253,0.03558087828392
"132","no-selection",41,-0.470002674014932,0.67316969622838,270,0.0459724235148296,0.0209067870464273,-0.3969021633045,0.570735657218863,0.0344656866830628,0.035258901473981
"133","no-selection",42,-0.209264004382792,0.793199710856151,270,0.0493936439098467,0.0225235877234962,-0.216026802592202,0.765632710361611,0.0437567226452902,0.0454325954452395
"134","no-selection",43,-0.194663430452944,0.798979583351971,270,0.0487968761604308,0.0223278630007605,-0.206262590064259,0.772473877015905,0.0397796579509048,0.0418121619512351
"135","no-selection",44,0.128607213336237,0.94838470842892,270,0.0638180746286658,0.0291542251635522,0.126823112935833,1.12807517445644,0.0671879960021376,0.0707890426126988
"136","no-selection",45,0.973851647213218,1.33854795880342,270,0.0836049371743812,0.038679663951285,1.08456714757965,2.1941659505272,0.106055048145608,0.125978763194095
"137","no-selection",46,0.111074891288487,0.94328476293607,270,0.0567455138430316,0.0261172337067317,0.0621122669670921,1.07327370614372,0.0566966841112051,0.0607170878454809
"138","no-selection",47,0.61670857683051,1.17494373758828,270,0.0767602421677573,0.0352919968598391,0.65588496227974,1.71553902289138,0.0870961176337478,0.0953386002497128
"139","no-selection",48,0.67197352371707,1.19846564716946,270,0.0788440602630177,0.0363679002225804,0.733209819026067,1.79210580826059,0.0973868601026562,0.107009586963735
"140","no-selection",49,-0.171341817243276,0.809717119235388,270,0.049399766484797,0.0225954215768423,-0.184590979998685,0.792980590690133,0.0402925431895652,0.0416540010778075
"141","no-selection",50,-0.158073465403086,0.813872593950272,270,0.0513649699975085,0.0232606340590934,-0.166281920419766,0.807932958230898,0.0431834865176912,0.0437904347088409
"142","no-selection",51,-0.129174874581065,0.828166101288036,270,0.0492438816440321,0.0225634703197751,-0.153473816502985,0.822809733205025,0.0416056601779085,0.0432713741175465
"143","no-selection",52,0.0732452398244883,0.922691248281914,270,0.0537413429019326,0.0245912984112763,0.0158448818304847,1.01403203623764,0.0508060589722856,0.0533860912525415
"144","no-selection",53,0.361272417316125,1.0554481276895,270,0.0704963650009494,0.0322238838074232,0.363208584619277,1.3932946172169,0.0772511188419284,0.0833541125594063
"145","no-selection",54,-0.100966368370373,0.841150080455037,270,0.0544352204896142,0.024946471772818,-0.107022861754969,0.874939273951845,0.0499118476457158,0.051907495375784
"146","no-selection",55,-0.16749834969733,0.812527326463036,270,0.0480356466297499,0.0221076379449823,-0.194403315651662,0.791673775580396,0.0392672102222882,0.041588808569928
"147","no-selection",56,0.180055624659841,0.969417497742455,270,0.0606006460586201,0.0273787113299875,0.148251137061705,1.14141102629966,0.0632134725652124,0.0648979938810176
"148","no-selection",57,0.435644673617129,1.08592518329528,270,0.0696080165592468,0.0319485912350621,0.440815110071962,1.45380516134736,0.0754888725855516,0.0801650001600878
"149","no-selection",58,0.0703270813673903,0.922700465991193,270,0.0571692898508253,0.0262974208393405,0.0337767520591671,1.03740426815393,0.0546732219713018,0.0587697948886852
"150","no-selection",59,0.185699171465254,0.971344909399658,270,0.0621625357657413,0.0284077161222134,0.16263603729545,1.16059348520702,0.0617540851596269,0.0657476829618291
"151","no-selection",60,0.0262537140592551,0.901828382890488,270,0.0527802255783506,0.0243445385156058,-0.0259832791345501,0.972719045626544,0.0479901924313174,0.0519114513724233
"152","no-selection",61,-0.0407560862666113,0.87143739017013,270,0.0529793367101515,0.0241521822417332,-0.0690204834755111,0.91631833197972,0.0485231020775017,0.0506839120816369
"153","no-selection",62,-0.229215330649112,0.784361518592488,270,0.0491483885793514,0.0223822685417373,-0.230776580365018,0.74998283107374,0.037825436162464,0.0397065856995378
"154","no-selection",63,0.00472625005406954,0.88903051532936,270,0.0565139534973092,0.0256164918449823,-0.0164582380617409,0.966894309232235,0.0547483377701793,0.0553801971391495
"155","no-selection",64,-0.235402917691079,0.779972851322531,270,0.0501688373646802,0.0229100452953024,-0.230780517004635,0.749547725991625,0.0410107376993713,0.0432801427835492
"156","no-selection",65,-0.165597081210338,0.814512215296572,270,0.0495594583508255,0.0227555843799434,-0.180719963631671,0.802722819774493,0.0448963550856028,0.0474802286237118
"157","no-selection",66,-0.167737516171168,0.813219856863963,270,0.0455983813549277,0.0208439900563376,-0.209721287500984,0.778199482472926,0.0357328372964925,0.0380499034411649
"158","no-selection",67,0.057589511341291,0.914185670049182,270,0.0573692239185351,0.0264516938800857,0.0265650952484159,1.0239526166781,0.0527826498546724,0.0570194002048571
"159","no-selection",68,0.383439680676936,1.06658591408552,270,0.0640150754763299,0.0292154529961768,0.345869875415985,1.36720849675027,0.0663284264654216,0.0694824442027162
"160","no-selection",69,0.651682104707308,1.18618231012632,270,0.0747431626019384,0.0342195382378139,0.680144686081977,1.72202123130588,0.0892846642573716,0.0964419229827028
"161","no-selection",70,0.378514544400987,1.06510491357833,270,0.0618176236885773,0.0284629867541294,0.319382598631927,1.35237657135448,0.0661612084887148,0.0732986781824104
"162","no-selection",71,0.114394135911749,0.944635304260672,270,0.0599749190292921,0.0274045940048352,0.0812314047218211,1.09435802487694,0.0589597078212584,0.0640707201458463
"163","no-selection",72,-0.217204705323599,0.791635215737897,270,0.0438828503007539,0.0200639241187988,-0.248806784754413,0.734975237527469,0.0335047948106376,0.0351353037573636
"164","no-selection",73,-0.189172761398179,0.801562458054753,270,0.0534744447579081,0.0245963450797501,-0.174714505685838,0.805242045617675,0.0476026054934723,0.0499739202966389
"165","no-selection",74,-0.300936397127066,0.752442881496158,270,0.0495463509450107,0.0227358619963917,-0.275175550941063,0.705221614087644,0.0418415039006036,0.0439280377685262
"166","no-selection",75,-0.261524747382434,0.765948802779723,270,0.0462998545884816,0.0212923384032036,-0.261357555909371,0.70863239696768,0.0374228880121712,0.0386054786183524
"167","no-selection",76,-0.318456264410103,0.741507010898633,270,0.0458282411605877,0.0208749650229534,-0.303794859788562,0.667053207518688,0.0350127773835021,0.0357384817839858
"168","no-selection",77,-0.11844592925692,0.833425021846666,270,0.0518785056512512,0.0237906008712606,-0.133817894251425,0.846849300600519,0.0458043790798538,0.0476203395548438
"169","no-selection",78,0.0292316475507242,0.901344574867116,270,0.0533694782605848,0.0244032649266815,-0.017594950917678,0.972616744855387,0.0503466351129226,0.0527995778414436
"170","no-selection",79,0.00919438690564542,0.894836079900849,270,0.0542166343968142,0.0246692536475132,-0.0328644991589115,0.964437498208635,0.0524310270514429,0.0557397103701719
"171","no-selection",80,0.00191705099230344,0.887397016571029,270,0.0551365600520643,0.0251339182803929,-0.021409935992488,0.957404490164914,0.0514058235703979,0.0527568308394077
"172","no-selection",81,1.21709887162024,1.46159611192791,270,0.0977138322144971,0.0471048458668553,1.43404673617386,2.73313828401649,0.133793264763398,0.189047388597994
"173","no-selection",82,0.422087585414486,1.08235686017677,270,0.0670269168060406,0.0307146545483343,0.396142781934262,1.42526828385405,0.0699060968501953,0.0747630709169419
"174","no-selection",83,0.421215221302182,1.08675374436739,270,0.0673335951405255,0.0312528354420391,0.395687880743713,1.44377668642852,0.0729109765577485,0.0821124133164452
"175","no-selection",84,-0.326628571224684,0.738626753291234,270,0.0451812156861214,0.0208011674732225,-0.308403172594634,0.661962705536543,0.0360109377654607,0.0378158981348811
"176","no-selection",85,-0.368747201357044,0.72010468105271,270,0.0445802199048507,0.020277244818859,-0.344910268176261,0.629154582526446,0.0340556556254457,0.0349019052128951
"177","no-selection",86,-0.237842471175024,0.778441376070306,270,0.0529444817211443,0.0244110771490925,-0.210398885982726,0.766268260936968,0.0437232905666585,0.0461046082568958
"178","no-selection",87,0.114484453291195,0.936227427376322,270,0.0614533924030145,0.0278537659537472,0.109532418763843,1.08522067850153,0.0619802777795607,0.0623615910631193
"179","no-selection",88,-0.4450636615658,0.686008396186781,270,0.0427263970042582,0.0195561943029548,-0.397330922009387,0.573485153519173,0.0305474058246771,0.0317249511628673
"180","no-selection",89,-0.0796995020516817,0.850230820166746,270,0.0496792872750808,0.02279923052563,-0.121712522485165,0.862719969040278,0.0413588484187158,0.0442097989955276
"181","no-selection",90,0.117400919030646,0.946077578286546,270,0.060248016054058,0.0273241952926636,0.0831118820936659,1.09590131755388,0.060019970055243,0.0631072264965038
"182","no-selection",91,0.555481454180198,1.14673563474598,270,0.0733802457297777,0.0336575922368001,0.570591056800209,1.61973483157933,0.0831811017916419,0.0908170387161018
"183","selection",1,0.933771981279989,1.32227890431883,270,0.0765514156577807,0.0364821256473085,0.970691505127412,2.10644583808629,0.0974454810822282,0.117862859313939
"184","selection",2,0.26463339974697,1.0093392943463,270,0.0574892889751527,0.0270507655819354,0.196238681011622,1.21560492520651,0.0580167533164133,0.064439465844731
"185","selection",3,-0.00134081323837616,0.883498612938497,270,0.0500091613814053,0.0234354907405215,-0.0629564375386154,0.928310577925248,0.0421772705655117,0.0471322813402095
"186","selection",4,-0.212282852140227,0.782154236228648,270,0.0467078051856962,0.0217371680403853,-0.22220698741655,0.738868952868309,0.037794710226042,0.0404024903485799
"187","selection",5,-0.39460781952601,0.693906658412782,270,0.0458293303557456,0.0213826611015494,-0.34152036932598,0.604498145255412,0.0363235006776143,0.0384717153222327
"188","selection",6,-0.456784528076604,0.668533620244961,270,0.0395652988687074,0.0185838969947655,-0.408755045694866,0.539839371598576,0.0324415342870369,0.0348839216608514
"189","selection",7,-0.603457831748771,0.598560688427457,270,0.039189399357486,0.0184850342249431,-0.48407459606631,0.450191253620729,0.0260876503330051,0.0279445260601915
"190","selection",8,-0.488050407201449,0.654443424408549,270,0.0424085763580842,0.0198495247446964,-0.416845601234138,0.534283172918383,0.0290061625181207,0.0315316182308557
"191","selection",9,0.0238332284291886,0.891155983068914,270,0.0543942752038636,0.025748439134331,-0.0138436491305352,0.972501175862343,0.0466637006548245,0.0521421349588513
"192","selection",10,0.595048457007153,1.16380689019873,270,0.0699070680138773,0.0331481202840087,0.567558166755363,1.65002310695372,0.0840975769939586,0.0994890399357105
"193","selection",11,1.2248610307221,1.46591362637121,270,0.0924064010958997,0.0440600675810049,1.42407088356462,2.67110965034109,0.124986588618495,0.154890946710039
"194","selection",12,0.766222345624564,1.24706397888395,270,0.0772090604484838,0.0366096781891446,0.796058522897649,1.91570080391318,0.093767038208301,0.109463731483893
"195","selection",13,0.231964580537877,0.992952943790591,270,0.0624539032306089,0.0292769848870476,0.189913669540007,1.21652670463896,0.0630120597293946,0.0706224579044712
"196","selection",14,-0.224559254820456,0.77691428584846,270,0.0476974740082637,0.0224643192904037,-0.227968956118393,0.739345485033167,0.0389072661082183,0.0427630670015168
"197","selection",15,-0.483831820632436,0.656414960562985,270,0.0408336751497981,0.0191482967148736,-0.423786372179844,0.529511405295651,0.0283430785287421,0.0316983682438194
"198","selection",16,-0.458646319434753,0.666525898915761,270,0.0418665485294729,0.019307665797013,-0.396539886388133,0.544536196769803,0.0297922161571268,0.0309244625456351
"199","selection",17,-0.267471101735039,0.758587366700015,270,0.0481228551829783,0.0226280699353902,-0.260455219850068,0.713190741598107,0.037042464377248,0.0411244774731449
"200","selection",18,-0.20472392081471,0.787721431684911,270,0.0466229601134856,0.0220605923978918,-0.223783796080221,0.751419213174179,0.037155811100833,0.0421091070046863
"201","selection",19,-0.114154318009656,0.827691443586235,270,0.0530229223851626,0.0250453922473725,-0.120755409284896,0.853809205775723,0.0451652143075344,0.0491968754701641
"202","selection",20,0.0106963907969336,0.886239863730452,270,0.0593438081777491,0.0276252532745647,0.0104183955131936,0.990709688437124,0.057603386397493,0.0620480202649892
"203","selection",21,-0.218084252913484,0.780236206901648,270,0.046588518397911,0.0218153738374798,-0.229763981795395,0.736788472655231,0.0360277410763103,0.0390632604132294
"204","selection",22,0.0390690257255787,0.903513326796616,270,0.0509801735326433,0.0238049259593608,-0.0253835169737138,0.968771772180433,0.0471514706389585,0.0516714873386806
"205","selection",23,-0.152671878423164,0.807969542736151,270,0.0482317503604388,0.0227009706772116,-0.172516590498303,0.791439646735235,0.0384848731113899,0.0419404834071411
"206","selection",24,0.18945975569163,0.972774625703854,270,0.0598365970004068,0.0284012810371114,0.147167973111513,1.16327468607695,0.060730319340517,0.068944560900801
"207","selection",25,0.0739798264462802,0.921313605648625,270,0.0579086200739576,0.027437695934239,0.0381111848665902,1.05132926550363,0.0556946637815953,0.063441337298918
"208","selection",26,0.459128407237957,1.10131716073925,270,0.0620357899199779,0.0294068769514635,0.391866132023126,1.44552111537712,0.0670251708072095,0.0761326562709182
"209","selection",27,0.145941675408122,0.950531357990765,270,0.060306844236252,0.027945564275704,0.116009969013481,1.11358663988671,0.0607006271011204,0.0654476454361421
"210","selection",28,-0.0321710219693233,0.867287387180191,270,0.0472270927873642,0.0218770902952394,-0.0961272491016283,0.880932716424292,0.040722541232856,0.0427901777394338
"211","selection",29,-0.393741825784915,0.696317125400688,270,0.0398392649392792,0.0187831645488432,-0.368610280054739,0.579762694882417,0.031747530631564,0.0341547890715624
"212","selection",30,-0.177138446497502,0.796761832468573,270,0.0496849156813528,0.0232444254074371,-0.180744100573124,0.780171008747072,0.042366288516212,0.0445057170348187
"213","selection",31,-0.57786628901837,0.613185886370742,270,0.0368035294031627,0.0172050278084067,-0.488450559507559,0.455624423372158,0.0236445360757898,0.0255934497851662
"214","selection",32,-0.39028974381973,0.698514128200141,270,0.0432263324228344,0.0203857091624219,-0.355089621964482,0.599712237431959,0.0321846514858045,0.0352567718915809
"215","selection",33,-0.26093932210313,0.759884886121222,270,0.0429353094090019,0.0203558095790433,-0.273843405183011,0.688887606748777,0.0325822084274517,0.0361677065341737
"216","selection",34,-0.339554278256001,0.724507282686021,270,0.0436097925615054,0.0204498339140544,-0.324702116678065,0.63740544787832,0.0309406011201758,0.0341827513050037
"217","selection",35,-0.143806440748273,0.815596849845562,270,0.0501694452546882,0.0234547023352532,-0.162097940714053,0.813181325057908,0.0419891639686516,0.0458583657483334
"218","selection",36,-0.127003564111357,0.82387939443444,270,0.0542109411080776,0.0250123286280243,-0.131748259187235,0.84706811750726,0.0504914270059985,0.0537660066792964
"219","selection",37,-0.294204485634735,0.745780370053256,270,0.044697794530814,0.0209906581308844,-0.29221920769811,0.674711839395273,0.0323259229517585,0.0357528939690435
"220","selection",38,-0.213447829488891,0.782795372969711,270,0.0432862898902009,0.0202838431708622,-0.245389944660801,0.723444420969645,0.0331519436810134,0.0358314967629157
"221","selection",39,-0.526868609468556,0.634312747671229,270,0.0425167859986459,0.0197692038000777,-0.431953734386531,0.507483623539367,0.0293043638564788,0.0306363257650805
"222","selection",40,-0.516592010065718,0.640608267031275,270,0.0393341140955415,0.0183401190530288,-0.445298862492658,0.500859782879338,0.0272680791245279,0.0293485370159576
"223","selection",41,-0.556386173632304,0.620529519467773,270,0.0418577943095242,0.0195963155467046,-0.452737909398511,0.488357076359524,0.028428435726157,0.0302994632479462
"224","selection",42,-0.33843632690864,0.727691627017129,270,0.0477651843442634,0.0223434818647401,-0.303862555355938,0.663828291945788,0.0374943901845027,0.0434746619105102
"225","selection",43,-0.231941514771153,0.774177586252344,270,0.0486684709061151,0.0227837933849587,-0.23169786928401,0.738989168886789,0.040497007092968,0.0440362914832211
"226","selection",44,0.155022295599716,0.952658022903264,270,0.0539931259913807,0.0254020276736832,0.0870370569621495,1.08113305827435,0.050627374667034,0.0552345375978583
"227","selection",45,1.05704356257521,1.38393339695015,270,0.0883508863926191,0.0422750140741181,1.18007056738378,2.39602221042006,0.115839219781518,0.147961886862971
"228","selection",46,0.223692563277766,0.9882960532392,270,0.0589193875911336,0.0276494971942007,0.168386289173097,1.18237816182796,0.0612783849572532,0.0683570976594789
"229","selection",47,0.633390928088188,1.18159254772615,270,0.0702056601835088,0.0331994151741357,0.617713759506777,1.69265306300832,0.0798038575619518,0.0898328762405504
"230","selection",48,0.771611077365062,1.24877670708397,270,0.0740747956312984,0.0354063941852258,0.777073154716523,1.89666509369017,0.0882982470526612,0.106288252382813
"231","selection",49,-0.0920855307002808,0.839640075722261,270,0.048948398701597,0.0229596363916822,-0.134023155203835,0.846797435729976,0.044959788588414,0.0499739247654584
"232","selection",50,-0.0643359974586547,0.852305157450707,270,0.0510117818435415,0.0238554033862519,-0.101918612689368,0.87950667424097,0.0463885565916694,0.0507858134623712
"233","selection",51,-0.065592842295603,0.850073289739821,270,0.0563382435673411,0.0263394371575872,-0.068435708850788,0.909247638419495,0.0508048221310209,0.0548785199358111
"234","selection",52,0.20473773205634,0.980427753677053,270,0.060072387355308,0.0283093893772176,0.160779542951632,1.17682097091927,0.062200128681356,0.0706253309408465
"235","selection",53,0.33805401897468,1.04142510746622,270,0.0621301867228094,0.029143487951375,0.277868710491118,1.31303949186349,0.062967375123577,0.0715742152909334
"236","selection",54,-0.0752807571324197,0.847058723414537,270,0.0545821128384859,0.0255951476729968,-0.0829125715997334,0.893733497116942,0.0481446729437662,0.0529725644173282
"237","selection",55,-0.243327275102544,0.770520555627722,270,0.0505445232591417,0.0236305571719732,-0.225428054383816,0.743912396122226,0.0412885737197611,0.0445101873088749
"238","selection",56,0.0567864526894782,0.911048936244744,270,0.0537529176060535,0.0251989619299905,0.00181943343201288,1.00082185078459,0.0485331676281869,0.0535552609966534
"239","selection",57,0.437741569160039,1.08490344310972,270,0.0643477251041171,0.0298906090600229,0.396956031750016,1.41735313005571,0.0696556020274437,0.0749742474503959
"240","selection",58,0.197572378709849,0.976963507736883,270,0.0604785309641636,0.028368190604965,0.158148277047941,1.17093658552525,0.0598503403121681,0.0658594339763007
"241","selection",59,0.246632726986763,0.997920818880943,270,0.0578002808867043,0.0273876717047852,0.181269949493398,1.19761870777506,0.061509108757984,0.0690637176321853
"242","selection",60,0.049320403628824,0.904355568328405,270,0.0500224089636512,0.0234970456269408,-0.0220466710739363,0.966376894175923,0.04356016022133,0.0474651501681434
"243","selection",61,-0.122278413789666,0.824910546768831,270,0.050051062948567,0.0234400405899599,-0.14494514072648,0.828275560439514,0.0455829234078594,0.0504207269012325
"244","selection",62,-0.350491383019867,0.71888040978478,270,0.0446959204795937,0.0209644196305374,-0.325848969783903,0.635016397102109,0.0343580372938905,0.0379809563220284
"245","selection",63,-0.178577909425437,0.798858511692151,270,0.0506735310509325,0.0237467933457763,-0.18453809606064,0.789866763944684,0.0424287868050302,0.0464543767080131
"246","selection",64,-0.305193577922255,0.740189633484878,270,0.0449189996152044,0.0209643454133905,-0.294621439435124,0.666107209965092,0.0365556778068517,0.0395516323221155
"247","selection",65,-0.143581415538598,0.815283529284349,270,0.0483763243479921,0.0228987790283533,-0.167210199421185,0.805738480908479,0.0401663739217935,0.0445734732986351
"248","selection",66,-0.146360079658318,0.811946510613331,270,0.0480751822540386,0.0225130883010148,-0.172966715407721,0.795596866061624,0.0378780176698934,0.0407452073673976
"249","selection",67,0.186627000972265,0.972791978132801,270,0.0566061721654492,0.0268715151083128,0.121912540376296,1.14056330193371,0.0588342112289139,0.0679396249165057
"250","selection",68,0.508309774112023,1.12105145226906,270,0.0724075955554283,0.0341409889117307,0.519300226967179,1.57030467495584,0.079259047113735,0.0894081749961739
"251","selection",69,0.77140298369246,1.25103416673374,270,0.0730061270377978,0.0346909892844825,0.784815774325716,1.88881850073238,0.0880081337063577,0.100743201408312
"252","selection",70,0.395562800526763,1.07104259087425,270,0.0606398390407073,0.0283619506764401,0.327396360262198,1.36351589768711,0.0621284311944258,0.0673804318328742
"253","selection",71,0.178973188589272,0.965708728466908,270,0.056746984444837,0.0266552921667512,0.123397488203969,1.12371908577029,0.0558198928433423,0.060588238539647
"254","selection",72,-0.245663706003391,0.768809646331825,270,0.0473816145782262,0.0222166954684737,-0.245348164109814,0.72384171127083,0.0363737047346349,0.0394071585504783
"255","selection",73,-0.192944969185029,0.792301726327434,270,0.0479340464354354,0.022554514366957,-0.204208972774171,0.764583971372006,0.0403828602297948,0.0437329363982302
"256","selection",74,-0.339679411782511,0.72412765981429,270,0.0451639608717623,0.0212524658605255,-0.316514261343172,0.645859372794223,0.035943674317424,0.0393802842676771
"257","selection",75,-0.369142986307837,0.709078215072041,270,0.0437288750844931,0.0207414283342449,-0.335871368811926,0.618517557563454,0.032148800128067,0.0355868732811441
"258","selection",76,-0.3794331741289,0.707422244265154,270,0.0448582818236145,0.0209231023547531,-0.345537181493545,0.618208032748818,0.0330957532998539,0.0364065475344897
"259","selection",77,-0.223018132350391,0.775261476116697,270,0.0470600968527027,0.0222183726829638,-0.229265311800146,0.73382384312931,0.0369242211570079,0.040658204816535
"260","selection",78,-0.0519175833959995,0.857203015591869,270,0.0564772118742716,0.0264988745916835,-0.0619687258492883,0.923686215334126,0.05109050340559,0.0556432878132197
"261","selection",79,-0.0445356611231954,0.859757540963857,270,0.0495323125804271,0.0230975825226192,-0.0908312930028196,0.882694076890914,0.041687109322102,0.0448151620389513
"262","selection",80,-0.0404659393960949,0.862998018885405,270,0.0535158514814401,0.0250781370152938,-0.0695460588317398,0.913943165806594,0.0496219776025152,0.0550807543369882
"263","selection",81,1.5732613940543,1.63397442468625,270,0.0963837893987608,0.046603614440273,1.87291209964991,3.25411268095221,0.133312396717273,0.177888429050267
"264","selection",82,0.54347504321246,1.14338781263525,270,0.0712024397389261,0.0338724685469384,0.524228808338689,1.61597125983245,0.0810267136564165,0.0972227262158152
"265","selection",83,0.332950805344089,1.04111846748712,270,0.0595878912252023,0.0276650679504944,0.261392844925268,1.28980842322849,0.0616948025014074,0.0671749560638239
"266","selection",84,-0.408589862687713,0.690159627469015,270,0.0431099976553295,0.0202251935953656,-0.365502046146948,0.586357036044104,0.0306342738881183,0.0334238122449805
"267","selection",85,-0.346944913705089,0.71741571602277,270,0.0437912308119218,0.020495355583443,-0.325460330848479,0.627681342128749,0.0324450568911174,0.035255640275512
"268","selection",86,-0.375906427030139,0.707478352620065,270,0.0447846114553168,0.020790914275544,-0.340945703438967,0.616804128741103,0.0352056243578553,0.0378964364030909
"269","selection",87,0.031423109256984,0.897536690323125,270,0.056331358220639,0.0265193557989382,-0.000462034504332335,0.99475341688168,0.05366996953117,0.059015190891361
"270","selection",88,-0.468346966819203,0.665336252779547,270,0.0423168247890384,0.0197085703313746,-0.406803652091026,0.547159392535042,0.0293889539167451,0.0322225167831138
"271","selection",89,0.0205544345295909,0.891459634004308,270,0.055196988573695,0.0257727010088376,-0.0106747571765457,0.973378718610357,0.0526131735106947,0.0574124927540557
"272","selection",90,0.22982740424654,0.99185454992199,270,0.0584469213065709,0.0273122887754793,0.173048108575614,1.18443898898469,0.0591244741039518,0.0643586805157553
"273","selection",91,0.572166164649866,1.15334924171706,270,0.0666230271166909,0.031331397878181,0.525933120718007,1.59428006998655,0.0738559836808685,0.0839120789844938
