"V1","V2","V3","V4","V5","V6","V7","V8","V9","V10","V11","V12","V13","V14","V15","V16","V17","V18","V19","V20","V21","V22","V23","V24","V25","V26","V27","V28","V29","V30","V31","V32","V33","V34","V35","V36","V37","V38","V39","V40","V41","V42","V43","V44","V45","V46","V47","V48","V49","V50","V51","V52","V53","V54","V55","V56","V57","V58","V59","V60","V61","V62","V63","V64","V65","V66","V67","V68","V69","V70","V71","V72","V73","V74","V75","V76","V77","V78","V79","V80","V81","V82","V83","V84","V85","V86","V87","V88","V89","V90","V91"
0.0409277408288649,0.0516654485564311,0.036548413289245,0.0630556558462555,0.0680334404418885,0.103375920596399,0.204860596063881,1.46006775632896,NA,1.67430141906415,NA,NA,0.822096974199292,0.917746375460878,0.343931484738666,0.30556822595411,0.188253227229458,0.181935193598388,0.35007956509665,0.0601931144374165,0.0741711389463402,0.163894303005156,0.37513018098206,0.760502078440039,1.48444883651941,1.12391127464059,0.926776540030362,0.10271299812962,0.0544402091260547,0.0927330225046879,0.0308913216979435,0.189361300531203,0.605711757655914,0.899238606180342,2.1207471799279,1.24959719200785,0.916997378113298,1.1728014244457,0.765644152507483,1.90420410545573,1.88208337333849,2.35035511017826,3.3047945760544,3.59253295025812,4.96835992163433,4.32864852901953,4.38111844384801,0.880185969954306,5.63127192551902,2.31748357114513,3.03072140668039,2.97802588535847,3.36723299092951,1.03692244037813,0.604789477154244,0.869682350177231,NA,0.430212879087064,0.202448829893977,0.178788975557965,0.125769831641218,0.0171355745304386,0.024934806979476,2.15207555509628,1.83349209959766,1.26737108548322,1.61895058545657,1.85998895174741,1.34824172399179,0.651758545752626,0.241685368825557,0.225955454853282,0.11368510179276,0.08023184174747,0.0924348661831807,0.360369884369886,0.432998919323103,0.566844717688738,0.489187230501546,0.427394228810816,0.149090785242616,NA,0.241760188856252,0.331153467769355,0.257536516659423,0.20736158370083,0.216060704543118,0.17388050693965,0.354874515275365,1.1232699938233,0.792290204071864
0.0405694100932835,0.0570987878457029,0.042354705903454,0.114538352081171,0.091771670918626,0.122693531285655,0.172950490598882,1.37023131357304,NA,1.3633834361977,NA,NA,0.856651877627125,0.820188052687571,0.355987911531522,0.337726840112769,0.223143406905823,0.217933909843711,0.357799225591638,0.0680017665533737,0.0720073769451086,0.131285533319662,0.40078701490406,0.752163662359323,1.40549499217826,1.23572620048821,1.01430569241344,0.120216146476128,0.0693311300681276,0.153464611464455,0.0490941959851637,0.184828914655788,0.501408807041052,0.731759663119451,1.93482905571166,1.12151830156864,0.846119705758466,1.12503232603515,0.784510294811165,1.91932398108118,1.97432081391601,2.49393605301328,3.38325213191092,3.72309286390869,5.14343481539031,4.39354917638529,4.41848773290035,0.858490666330704,5.9867366309055,2.26124702312978,3.06459695293457,2.98735388989701,3.2522419328907,1.00030720418347,0.611406926500368,0.817593146037853,NA,0.290698071293426,0.156784348957997,0.142725778830611,0.109894186304357,0.0316190456338266,0.0523699303083921,2.36298192661626,2.04642468651236,1.34107077969694,1.63605507178758,1.91502974501145,1.16682215353718,0.451340147907685,0.233984497332115,0.242223927936687,0.135790251627096,0.103976527141192,0.110477060247351,0.401112904923937,0.485952075727883,0.606708730130437,0.510329088078467,0.424694646765244,0.124749660597195,NA,0.205617134089503,0.32337420572071,0.273521025303457,0.225566795143778,0.259353642056891,0.183585743367469,0.255256146259648,1.06653271851387,0.58709709066867
0.0232424855216143,0.0518120176314956,0.0436973873528868,0.0586974156181083,0.0446385508172476,0.0817391797844533,0.192446694068502,1.39793171966956,NA,1.60877645051244,NA,NA,0.809111428511325,0.863365452298641,0.296278154703808,0.293219435969538,0.17442504989917,0.191103307828925,0.377747341142141,0.0890745278490948,0.1159180408917,0.0779636209315929,0.253892821343401,0.629464366002731,1.58425972307604,1.01331345356736,0.819673099544373,0.0972509637792091,0.0511825462756811,0.0879840426249415,0.0355694370785356,0.136799804505348,0.50070101378369,0.754650448664789,1.98821855710806,1.18189243542777,0.849210070796379,1.10818648792667,0.705950607739709,1.825265720846,1.86892957757719,2.37365869115759,3.24094214363888,3.45954799809777,4.9150699741767,4.16705193391681,4.21483312531193,0.840684359182298,5.47140613918674,2.32017888273,3.01837673779289,2.91780421026454,3.18538306542917,0.996850294731616,0.58267954542354,0.788235656503857,NA,0.351114439538269,0.131177483788682,0.134277141522747,0.102569315881702,0.0246983749193374,0.0331123555187915,2.15574051621863,1.85515773290089,1.26635696959642,1.55724117174371,2.04276520681407,1.64145250817277,1.13354954010605,0.591446567266143,0.38248117244244,0.176567809303681,0.10998780292155,0.069543917119179,0.322530004280258,0.396822658527866,0.527434571212748,0.515601924377499,0.45123489382337,0.235682693900295,NA,0.243019769863049,0.329785759577804,0.220562023917146,0.231528083726404,0.405112349466074,0.382190190232116,0.667156637167786,1.41693663601063,1.11887558192744
0.0392848577856778,0.0465369153800762,0.0344796704090001,0.0549278832345309,0.0535620004296707,0.0845465338421391,0.131177308138051,1.46331566681726,NA,1.30727180684006,NA,NA,0.827441910921877,0.817282347647375,0.301267263112626,0.274590925157218,0.191845345485507,0.165636676907707,0.302886797634756,0.067114211643617,0.0767882499749019,0.206457007282821,0.493925094519498,0.881025061156446,1.61084766348137,1.43645806043816,1.14699872954553,0.0740022278011009,0.0459487249598738,0.0981889336659411,0.0499969841987003,0.184949830220803,0.508324729249779,0.831359708720426,2.08186816815591,1.14847404060629,0.801840788369258,1.04232222361586,0.701439708001937,1.91002363463348,1.93405313275032,2.37590880923034,3.36096321920615,3.61506915335498,5.09813374339373,4.43694302485632,4.46991455552612,0.847466990480394,5.66210508899496,2.26200508455304,3.0497644754279,2.96589265628711,3.33343678287605,1.02397958461318,0.543978354032363,0.788414024810946,NA,0.370193564384902,0.197164591476226,0.166195663152319,0.132963421593796,0.0292683920173906,0.0378011556046179,2.1616557184498,1.8338459459198,1.46381449516551,1.78339256785785,2.0327762836047,1.40034054330824,0.586231602487542,0.237771105652821,0.241469166273503,0.138379562365134,0.101919958900496,0.0745382199514137,0.322979099367516,0.406926716134211,0.543637374842095,0.484550319601087,0.412443062987004,0.18438790904874,NA,0.177404512553166,0.224058925143578,0.180197192944078,0.162013436799315,0.212153630956549,0.188618496586601,0.309808628396532,1.19983559528769,0.738826770806651
0.0185695544119022,0.0350095094101589,0.0314170666574814,0.0596562550245811,0.0563182655331603,0.0961980297974619,0.14304323789384,1.4279942795395,NA,1.25072956696883,NA,NA,0.86171024842042,0.805063310809726,0.353740546891357,0.339566981172662,0.229641406300589,0.177055190418862,0.362017281632199,0.0618901426107104,0.067078284404375,0.17366870544369,0.45485410084879,0.859177638734421,1.68366900054527,1.43170694202395,1.15734553077983,0.0887603805046087,0.0454313925985389,0.0894217096519838,0.0350514923720295,0.15808287204386,0.525061563323558,0.863633384592786,2.06277903431405,1.12875094768466,0.796613437479543,1.03065186123197,0.680342705365108,1.90176756791614,1.90534910955656,2.33697509344519,3.31748839113671,3.52413131514823,4.96413715451687,4.31980690597706,4.38972497236536,0.883320086216055,5.62542973048182,2.298514616195,3.08268982319088,2.98708319314637,3.34789444397402,1.03080226493078,0.535462716177789,0.773703409269281,NA,0.409934385144371,0.186478377752341,0.160045718447819,0.104530081945938,0.0182374438914483,0.0322997526378336,2.26522446368953,1.96297604793773,1.47321027016366,1.90231287170858,2.07776028116536,1.42707628893837,0.556632509391082,0.234298568951593,0.175758591110046,0.0948240946420405,0.0795303593923388,0.0859745833986358,0.325870308381637,0.403040854892357,0.53941022759935,0.509949911902092,0.444381658216926,0.207317872534062,NA,0.216397805185025,0.28669582836886,0.236837089115505,0.192410919584906,0.195203687386695,0.143443966025991,0.214585335426871,1.18834829844515,0.783018895545272
NA,NA,0.0707417332015084,0.0798415830009581,0.0765235648110712,0.637821735586065,0.678940351140713,2.74553355625402,1.7144015529392,1.21142162935247,0.0798187650641066,1.28716756301692,0.429731891777587,2.0150722322113,0.805059504544749,0.654273790543689,0.802770372806567,0.0912178116292237,0.124056345305409,0.0622723738451903,0.0433268489403691,0.0203916113143384,0.0389684196904723,0.0827540171798748,0.275310347345717,0.311668958499488,0.305789425445424,0.325873097920665,0.19400177525916,0.210269214150008,0.109358344974893,2.29225130611132,3.95805782315103,4.30426696323067,4.9900803047521,2.26332164760894,1.27603800132541,1.41295026179256,0.428254885515456,0.58277779865876,0.454156326836358,0.490065254882309,1.68180816004521,2.27486340571593,3.14844041279489,2.39304401619008,2.41656472040257,0.0447295445010557,0.590728016912442,0.562049529871259,0.742864070448905,0.773784004886793,0.822747458841024,0.74281977195801,0.683998807013357,3.89510132908057,6.46860443965999,6.5742717621951,6.06170086166026,5.05010704693099,2.58962387756875,0.0844084168385794,0.113318474554101,0.327574137678092,0.393101769442167,0.354714712737622,0.335820240698943,0.189455507791625,0.186629471653128,0.0377155613451281,0.0514241218794763,0.0657485159980172,0.0706263198845032,0.085920628169421,0.113144572383313,0.0401150257019516,0.0192815857114241,0.0185735322653203,0.0997452452326151,0.0381638033179691,0.0289452863776968,0.0741165827728059,0.115631499654999,0.114173875765115,0.128371916302927,0.0761732596518991,0.0803563157346786,0.0420278946266477,0.0278689008767858,0.107111735515319,0.125290861144464
2.47595600253245,2.45618864132689,1.51765216476045,1.46738824549544,0.930958811947059,0.683305369984784,0.501332689045757,0.777632082683585,0.420769576747434,0.455352997202689,0.0394640598371963,0.416009917898528,0.122371546251183,0.65286376657416,0.591787074370041,0.922900194130623,0.341000919865041,0.423916981778145,0.963935775182439,0.672676750062397,0.573156294004527,0.566248340592199,0.640305579522285,0.669549888249461,1.32762679322669,1.04809792089728,3.76559887029182,3.03614426344332,1.44912719923925,2.74538604023242,1.01667844544294,0.851208587022765,0.87044350075188,0.398472038897666,0.822191555601935,0.478102690415323,0.642522567285251,0.522207687416155,0.688225125289563,1.47681589571971,1.58618034254701,1.7576587607911,1.34059147988488,1.71112978297425,1.19702702406895,1.43500858198043,1.18173534752908,0.380082195176289,2.07354682994509,1.76553232271153,1.38927542127837,1.86278415648672,2.09207723594163,1.94603224695317,0.800030970128713,0.541464966257035,0.481002269494243,0.188295891957941,0.247096033565817,0.5756187837716,0.65114872026524,0.790143798732425,1.43221998923794,2.09761042564686,1.71727789594868,1.49762878424391,1.11391493058374,1.53114522632372,1.64802085487122,0.55833523514819,0.89125417589201,0.722638279168852,0.583040397261219,0.43745400656087,0.610005006470699,0.423056886514202,0.228224154433089,0.280388040165795,0.623584689058489,0.424323744834869,0.211188513076389,0.274453303267319,0.47606032546827,0.928290003058689,1.03670208026685,1.00315139236439,0.762637554686469,0.590025626020672,0.684700006481561,0.926827064666262,0.870805394618507
0.891331387288836,0.852830628942732,0.698576741470285,0.373732810300088,0.36320523220667,0.467251759976598,0.686351821963605,1.10370538368522,1.74445779034819,1.45406116178428,1.54269252412397,1.59979482897124,1.4759978590492,1.40339862213669,1.06605353497259,0.863821075592025,0.4152753703461,0.301397435268392,0.435428152251326,0.158858802419104,0.19660507885049,0.182061432782872,0.371597002977923,0.608290413194468,2.9637621731668,1.38755004318535,1.51644352587967,1.38218993856415,1.05282805630443,0.937722344273429,0.633604427334134,0.407962601567016,0.74997083336682,0.998752908729499,1.06416928631334,1.33140162497566,0.755619210186343,0.526075955704849,0.663357653211318,1.02247296978454,0.856213637653501,1.0188390333565,1.16047615878664,0.966415921847231,1.3723026110252,0.963949655780015,0.932626606554192,0.00812710807865114,2.58081108410054,0.694609776140248,0.712945152366202,0.634572647469706,0.55047442015219,0.495453277409597,0.878221276463541,0.513853891806603,0.526328200463053,0.320621377877024,0.355703706576957,0.563854255647276,0.483464575421003,0.419047156079428,0.504863560044619,2.26614373081604,2.62567484764069,3.92374689890415,4.35803739424534,4.2365655518904,2.84231221604736,0.435262167343069,0.519242422527908,0.428000400177236,0.366140234049146,0.288141849377493,0.566370709977828,0.53004102628308,0.474053328957393,0.498959276057045,1.18384315511087,0.91843686570589,0.608633083210238,1.03603780702276,1.27168066753807,1.31761530703993,0.882772193663998,0.341712162607977,0.468859066841159,0.608054086820298,0.759806652833021,2.15795004532777,0.921471357433697
0.107417724947974,0.234494477222222,0.204614946217864,0.201199244648912,0.366850744945431,0.265960663295816,0.0890127653080711,0.253811234704234,0.219803252374292,0.201629337539435,0.110042116071071,0.18920562258486,0.1218977989432,0.288233818325482,0.252361594496652,0.230721538453558,0.224654963508405,0.172673830894972,0.172065979179374,0.065500336995965,0.115465133538191,0.331791498022986,1.19094776847257,1.35755895731244,6.66311067068573,0.330130589058781,0.561846549517272,0.334665269345322,0.424281688811505,0.565676367710421,0.333963001973358,0.180442383254509,0.253499814723304,0.214733453122455,0.305568747793446,0.18933761354821,0.228495551632825,0.241872371276673,0.213197722966224,0.21740911930106,0.529825711158572,1.12588129231974,2.14101703418878,2.56785630533953,1.02566744552679,0.937665462978098,1.24998221882959,0.140026840116155,4.35552963082303,0.959616489553125,0.44680284780881,0.304666576081711,0.120082476146504,0.13815110726237,0.244912371143054,0.261367620061465,0.223812900534785,0.263316231594564,0.137380791488096,0.242151548793,0.405330309520933,0.459683472423145,0.660785364333494,2.90691982290138,3.26660893150518,6.24755843342077,8.73810128536309,9.82271423850826,8.20108086912594,0.330251273950042,0.2970505203858,2.01008070793519,1.59825762460274,1.5014438873667,0.664165952873704,0.221482722307841,0.224661167247247,0.0708890764649694,0.211594107960373,0.20194941654124,0.137462668425788,0.191216465553038,0.263386036847273,0.263232010531312,0.218329697183351,0.126050493233718,0.178938096725461,0.15115031406506,0.282221583356604,3.39894997683539,2.10659430803214
0.704040800905841,0.80938507099704,0.602791063182927,0.45877244090118,0.546591545875688,0.664217563543231,0.755620737995493,1.32207039803073,1.23505173724755,0.294226077058901,0.1826739873514,0.424165852453982,0.381039094326351,0.993754353244391,0.974211151665377,0.967979183372892,0.638673709160912,0.318168325154569,0.541481393124818,0.198370195326245,0.295801839904645,0.286770236821527,0.297501765873126,0.209499302791379,0.40216274756635,0.450994976959368,1.27751313047873,0.553937290381619,0.338655307980026,1.31778077308861,1.59349058866807,2.59172449261867,2.77129359011018,0.702577778657612,0.896096072615257,0.913249482482413,1.49985519737935,0.493364698056123,1.11877387504571,0.966311527595669,0.827202580168747,1.39977756920257,1.90727664041441,1.52309595332473,NA,1.27058521037002,1.01176627265757,0.253111441285597,4.15993285110307,1.32010577530482,0.475532423505852,0.52499333679748,0.927654155224522,0.600080594309785,2.98438911875478,1.0078737446619,4.16718220841453,3.50560421735098,3.79365098758439,4.15321512958644,3.34705992401658,3.02968630725726,1.30016952686749,1.81742148566824,1.86947863724278,0.618322144426217,0.422859721390849,0.478738357837806,0.337140821411226,0.100726493396325,0.183041946217771,0.779335713704386,0.664637944950414,1.0046201263604,0.680509324283916,0.437542166561872,0.440359683268922,0.225963608348282,0.379669181408756,0.294804458340121,0.255948456945045,0.285341218504815,0.373281783756667,0.496687817570746,0.568783627695846,0.344629345379261,0.290782028921785,0.30054345564953,0.289066713284585,0.33670530761064,0.242473105705293
NA,NA,0.422877393031077,0.355007601158849,0.510576789167969,0.834942388887434,0.821952345920211,1.36688358563878,2.24600332906432,1.36918021421443,1.40494570741837,1.27328776473392,1.47721876420373,1.42264931218527,1.1546530522593,1.08452641351021,0.960688362461521,0.899856909294034,0.922953498060359,0.426288562916729,0.45874746981148,0.436620428425343,0.216528308126799,0.269966448680766,1.57826027825705,1.20944512489117,1.18187725385898,0.871533622450384,0.54708060752705,0.483225519896772,0.33349393589084,0.364765123934882,1.55979028873531,1.2375521758625,1.51503197662103,0.605074533559401,1.77144631123696,0.751712761818733,1.34602408228722,1.23662203884298,1.09555266046362,1.6473412101944,1.77378253648062,1.74632802816104,2.71425215611353,2.27591958551108,2.01274997738658,0.165349009190197,1.28291174074869,0.967975580497353,0.863229856380464,0.84257993159866,0.973548747652901,1.2996127231757,1.64678861094644,0.911227089764164,1.92035642759768,1.57965961623823,1.50762553762278,1.60530118191158,0.332055581063216,0.195781615729199,0.315709533240675,0.94032705849543,1.3263069119366,1.31661463778714,1.26669692970628,0.727275166132256,1.44263722644834,1.02529199966956,0.41759063626567,1.49306893289554,0.952176034543199,0.743666094238845,0.843908903229983,0.638527200103683,0.725363064618286,0.523388921087004,0.628506057673885,0.760187794572692,0.177140073309093,0.373365558019517,0.54066607262162,0.99677521155465,0.784257039774507,0.597550080318942,0.560753162752718,0.378342568636616,0.585795045364509,0.887655721284129,0.741236674448363
NA,NA,0.192201750056543,0.233592223189137,0.297316896669651,0.708500666717252,0.58531379188235,3.02743185826045,3.30776266221052,2.19069102106522,0.0485303285939066,2.01228382938843,1.02623908729371,2.32630118644255,1.17211272459138,0.86174022367375,1.04939281987813,0.559647163897215,0.391852826506661,0.49006964530624,0.622370167262311,0.340232040653813,0.35922372620273,0.289499925478309,1.08459504562567,0.8082444247919,0.820060089653924,0.645226356643442,0.467134632546109,0.907118265284559,0.58449234877798,0.417538212754269,0.312215609705236,0.653008103751979,3.46225229068772,0.226254548326238,0.332623712996526,0.134725015559831,0.213175942644992,3.23596974992195,3.06000149807882,3.2866502441111,1.39426247605301,1.11214378027543,2.64932469655875,2.06781097059466,1.8971901431359,0.33829098059632,0.971017113350199,3.19486972589858,4.38703287839944,4.53719486893054,4.44990191115976,2.99738087678413,0.546804999630432,0.244068686081608,0.214536105531366,0.280194935977366,0.226378968255251,0.331634546904503,0.646971900067842,0.75169733344665,0.678587409637077,1.27334022770444,0.975488766097547,1.12647705375269,1.13262542521126,0.75187265754205,0.863571905155092,0.196599787564813,0.221736574948387,0.682281936892536,0.567375442784,0.514182677235242,0.418174071830771,0.159562992526167,0.115314182227507,0.0562588379258799,0.169111867637444,0.150973578561619,0.0691065382365461,0.127240864651681,0.212988392520313,0.256595803455284,0.222625424638923,0.184000880888837,0.270169419238075,0.257122242926375,0.421107934977001,0.465936873640511,0.477269674877708
NA,NA,0.164924452236158,0.283099546804607,0.335865800357171,0.413367504546315,0.266614014867649,1.19531337791955,1.38900395245548,0.988305790879334,0.046073974530019,0.895873194501927,0.486755716664867,0.92923369359191,0.76458688716156,0.716121845556173,0.647396057764657,0.820271873012447,0.698844145362663,0.624729185495888,0.643401574013144,0.456606348691728,0.613355345656328,0.75405996778775,1.44702131571719,1.24245491549131,1.19809972271289,0.705827545138769,0.321892787772265,0.934153587396717,0.676376176079783,0.452262609216913,0.239329488801368,0.233198567581046,1.19616872867603,0.223512980026348,0.313188875729536,0.358960241206441,0.264947918334991,2.35942530937624,2.15100582842949,4.04167658140309,2.5640245892495,1.6420902032192,5.23779986133888,4.07673071018415,3.57632340572291,0.67966118475486,2.07785388234738,4.47152121425879,2.67390738093151,3.04343623661418,3.35555209045856,2.76047230889563,0.875660082427469,0.362785187030073,0.23639671056314,0.136658992403604,0.0898901889695578,0.522206156138881,0.728703375079452,0.861215168849334,0.695662469966916,1.22855735373417,1.0965916268181,1.60236783073112,1.7640654567047,1.15501950421664,1.14559965606292,0.192011338182175,0.230135023886276,0.675025673652824,0.5473577805859,0.511396990356737,0.464033011077059,0.272467397871044,0.203724376198577,0.135792328241883,0.203627472222442,0.193119528683618,0.0654504822529669,0.0943851078754677,0.146760766611762,0.370145890335937,0.457565297880498,0.414699047745478,0.485351185226395,0.222238008354759,0.373962926509095,0.733951053215015,0.852739056414736
NA,NA,0.237850973363798,0.300136001396218,0.278139797405744,0.452100772109279,0.391379957172362,2.31344409016284,2.33346846802073,1.40666839433746,0.122633307271096,1.2582288030972,0.820896747718403,1.78180674777956,0.868562045126601,0.602289669682638,0.696290431015267,0.213208875163869,0.237006442073282,0.209530894273637,0.242870439638818,0.17106063812469,0.116379449505008,0.105764012396505,0.722034785841705,0.557885570015383,0.499009643015795,0.430413509489042,0.366915101607601,1.10892132361649,0.929997322609614,1.56492631453609,1.36644251940546,1.69766672062705,2.72353898977014,0.32044073422933,0.22524589744925,0.146205771207842,0.199168007651036,2.49310849157227,1.988991310994,2.79173706166255,2.0609127122111,1.61315608911326,4.60798206654739,3.3905659463295,2.85766857831534,0.383399116157174,1.4182410481133,2.8598711329215,3.07840944385403,3.29902317058036,4.00993991546413,2.97178420970993,0.561727761785913,0.744616122724056,1.31937469785017,1.62447319650514,1.65178733873797,1.40378226288677,1.54281463230656,0.898406410895398,0.516999256550025,1.13582997010498,0.788728776285918,0.776318874168171,0.863880266424706,0.723571471194496,0.743809789660434,0.321760529185469,0.335100697536565,0.878604314943287,0.589937362346766,0.590520098074686,0.321370808984892,0.0904344288798034,0.0589211326940532,0.0505008178605142,0.148417330385696,0.111385844928119,0.110999931520453,0.0979736307876241,0.0915359943253139,0.122299794014723,0.188192050585804,0.190579793382612,0.232829905054295,0.149226272417836,0.323434908726349,0.427505160327128,0.429028903504632
0.00556340212979425,0.0189240115498025,0.0148126950688279,0.0233842696388394,0.0330955147757057,0.581190670288417,0.579192945573784,1.64049941356412,2.27574514311158,3.37562931794871,1.32621580913953,3.16063974465677,2.29822348743663,1.40024552698151,0.640040741141941,0.558401971623454,0.74942744551186,0.033156487230548,0.0618709014673885,0.0501830628755063,0.0316645310933836,0.0352533421789297,0.0842688523392727,0.0863651540030017,0.0823160749276472,0.064597553204676,0.05821972948071,0.0402745553052399,0.039185379665005,0.0891035057429863,0.0497970209385163,0.764308859209671,2.89072210471293,2.76681151407076,4.63717059134515,NA,3.50968274547574,6.1519761446548,4.06497354999893,5.61356561437572,0.0871887368645595,0.153544875045595,0.154699311514228,0.0831775165732033,0.00138591572358406,NA,NA,NA,NA,NA,NA,NA,3.02697094697077,6.00927349044533,5.77977842192242,6.08564168581838,4.3230260490884,2.10562350831469,1.56235646192177,1.47430221182505,0.698515020704899,0.234176293147806,0.0807481774832023,0.0647521036786381,0.0474775623351356,0.0580886783824353,0.0679571212923679,0.05158337497973,0.0512135592769522,0.015983125694948,0.00945377411878602,0.0891626486698006,0.0793657705195644,0.0905978611412721,0.104996542010397,0.0446459509079466,0.034546181394323,0.011459714647361,0.0286216682529878,0.0257018530673809,0.00442664667662918,0.00988757141099281,0.0133261017809416,0.0275750642882866,0.0462070987504082,0.039320820808862,0.0391013934092751,0.0408161671218826,0.0395963884129857,0.0612791414791827,0.0557481076888404
0.00969374898918494,0.0299701358709456,0.0289867850260425,0.0330065928423319,0.0261898789485286,0.56351101659729,0.573567824473209,1.69374473853344,2.31329032080508,3.45887880356404,1.30822408514581,3.2226547456278,2.30740061657807,1.39599684732417,0.618944093389411,0.538825392187104,0.728851655838783,0.0138299607512461,0.0247359624117236,0.0146859186175935,0.0131454362694403,0.00871444459156822,0.00907989170851977,0.0125875060684649,0.0489207200789043,0.0373287709149558,0.0375511783544509,0.0307814836782039,0.0331898722831538,0.0764590347963566,0.0696959934949698,0.802033534592691,2.96862422972893,2.82199955439412,4.74974040961099,NA,3.61945750480832,6.16851093036307,4.07504092247312,5.53965880955761,0.0935422632026151,0.194073474133524,0.236251296816994,0.129469312277487,0.00278488177513459,NA,NA,NA,NA,NA,NA,NA,2.95880940290562,5.94453443432866,5.78169032613023,6.10849553911436,4.26803636072472,2.0405119005784,1.60997802325143,1.46235293547233,0.715765457943025,0.229159269246362,0.0674075168961887,0.0777620866534759,0.039863953445014,0.0504876008066131,0.0569156617747119,0.057582113848664,0.0447655078433883,0.0179771927534583,0.0120484261701669,0.114383001542971,0.120101454853349,0.132977582264745,0.0902464105090003,0.0342482446478542,0.0325590379294553,0.018087542041704,0.0293561674446823,0.0167349004440728,0.00471189450192063,0.0118993570811458,0.0169659775635599,0.0259863633254617,0.0263631817928372,0.0188352054407546,0.0126912259634485,0.00546716583856286,0.00885291699907731,0.0315933905569982,0.0201646898761772
0.00695297581419723,0.019209321780257,0.018138385040114,0.0253338539250076,0.0283512054065824,0.531954835085409,0.566772904115437,1.71132751879762,2.2778341661189,3.63590358639069,1.47701039772392,3.29900781473454,2.28207542744848,1.44365335939956,0.575680336089257,0.503551814694694,0.674820237273987,0.0159111524624782,0.0177508632945429,0.0211066536016666,0.0248715017020742,0.0288876095731624,0.0550157134501182,0.0554026936217933,0.039261396563171,0.0258206784177637,0.0329905222326513,0.0563377244009839,0.0463503409015387,0.11358760748296,0.0759731763860236,0.735455508339836,2.88408845195988,2.7583258605494,4.70979881532881,NA,3.4767978918202,6.15820876793627,4.03487014620189,5.6053410488211,0.0812075869490623,0.16810257800395,0.143916294599956,0.083395225112256,0.0257687815177402,NA,NA,NA,NA,NA,NA,NA,3.00811083361208,5.97706941532426,5.81118938308233,6.07645612019518,4.33819036708236,2.17066761706069,1.65571371620632,1.4420754291874,0.611720024547415,0.159355751752306,0.0738848149974441,0.0692453499963797,0.0351972970732597,0.0297420074079238,0.0298980635523448,0.019535750141793,0.0317173869469011,0.0137649118866722,0.0136364076136203,0.135681100226379,0.121152920363135,0.120712420336201,0.0747631827245925,0.0312844504177605,0.0303488772639961,0.0217204295064035,0.0330665281087069,0.0136108045471097,0.0050887777652807,0.0128787712837282,0.0194470203109804,0.0228969684692975,0.0232504962734916,0.0263686291303735,0.0327025367055941,0.0376122666431457,0.0437517875343765,0.035776151359715,0.0385925022931053
2.34805948821883,1.58993792739274,1.0590869590468,0.254519642188399,0.15696184745436,0.25541600596844,0.368216536193676,1.21756887052681,NA,NA,NA,NA,0.513023195432489,1.40110760967002,0.770610622309539,0.365718053610053,0.210052979099846,0.16636377005024,0.189006158007752,0.0349602843984266,0.0428593459957356,0.0374314128562754,0.0332055829313798,0.027714996105479,0.0494662653107538,0.0121971086665566,1.7444648393013,1.49556695268414,0.302137168893143,0.246750307039909,0.0832012610138252,0.141916370276202,0.497587377428435,1.18109703782869,1.24540680953604,1.43734056683209,1.07000226555781,1.07078001654044,0.307309514154137,4.6496542244695,5.38812425566138,5.29002395941972,3.45507193978118,0.651796833302734,0.0135586041918423,NA,NA,NA,NA,6.40218191583222,8.54062270353955,8.18888110775415,7.57280919103179,2.0325388482138,0.320243554304599,0.548843049987762,NA,0.656260027628894,0.142267982212242,0.270040745074767,0.0776346912662094,0.048513395566097,0.0336778157959652,0.0327657149710018,0.015683559439366,0.0229981107697243,0.0198979971859189,0.0276875722976921,0.0661913028389084,0.0572400231176206,0.0113489939105501,0.447582307722501,0.374798232608185,0.428201112615443,0.321087396258393,0.130070782648618,0.125580369750505,0.0930956937459319,0.309772156250784,0.143842426501246,NA,NA,0.355986357495476,0.279146286126175,0.254332469263884,0.0698479102598089,0.0395979867986739,0.0296304514621544,0.032832401777009,0.0530099022959168,0.0479824883333465
1.10238996018917,0.76012503279383,0.46983502148373,0.215091758223665,0.177166990618607,0.310210940364349,0.387613489412633,1.31392241731931,NA,NA,NA,NA,0.530196530043534,1.54355641343506,0.818089938513355,0.393177420000984,0.196657201758169,0.15456980597798,0.196808801962144,0.0495480615254468,0.0398256598371507,0.035631877770757,0.0198077747960066,0.0189526734570905,0.0274476277126109,0.0241597786245189,0.842138286159952,0.664671606180512,0.182220583311007,0.148193461995529,0.0645168301944737,0.143394823879272,0.560593481995519,1.29192753455021,1.3516559545671,1.49731867726352,1.11981242656331,1.05158710933259,0.336241662526375,4.66815968752579,5.77139412826408,5.90726496483808,3.79843340041294,0.655841082760637,0.0277527634432632,NA,NA,NA,NA,7.2855582894197,9.0170338269881,8.64612140142009,7.95083319089168,2.11291281509053,0.407296996120887,0.686928500086728,NA,0.77547668195229,0.187450560591394,0.293884350000512,0.0784760996159398,0.0252439934328299,0.0169827276659972,0.0154921373428407,0.0305558830752351,0.0383655631246048,0.0319411691204522,0.0332968536618955,0.0334976585817242,0.0114718799471935,0.0151860489399301,0.417653908470737,0.36066185448511,0.385827520141611,0.235416855791533,0.143155316382679,0.130549335552387,0.0728269217175699,0.35207764390363,0.165081103085955,NA,NA,0.397381504889218,0.316230389167264,0.270726430152637,0.0685439813832616,0.0432214387560845,0.034426873421181,0.0125084750805795,0.0162642149505138,0.0155359640132269
0.0311991056892342,0.0669349180949395,0.0817822788831318,0.156958500416194,0.367116195134551,0.29962125958579,0.264269296298002,1.2173025422952,1.00399711736636,1.48255108286693,1.10580618255306,1.46296221466635,1.34991227033439,1.46579737719937,0.654632021133241,0.598396218527137,0.57321655826826,0.752871543054687,0.688032261162108,0.487863970852885,0.454463969561697,0.098989008763211,0.551077698567052,1.01212322224468,1.31516010469692,1.56885726232119,1.27372169803344,0.122335989374678,0.0981490556531831,0.205184024071389,0.157898902924497,0.226725692234442,0.358221395978814,0.757608378763601,1.72955664567731,0.948485682606794,NA,0.214098356022069,0.888134166977944,3.03934396422874,3.3689410685906,3.33501081434227,1.97142585780368,0.139048345070746,NA,NA,NA,NA,6.38587193256316,3.22013795364796,5.45036060107827,4.90003457478547,5.07833059582111,1.76867567354932,0.430270268686347,0.542458376150861,0.51136500189878,0.522852258864252,0.318083302122781,0.278828965690886,0.116293431744515,0.0650749985689371,0.0991843687026555,3.50189819764264,3.16470672292964,1.58524749308623,1.65615978926731,1.31414296884824,0.486046339553565,0.00864312464459745,0.0556440288313864,0.139855917719762,0.159426949139057,0.201883270158839,0.177858604973217,0.657929151485129,0.822707158936031,1.00358257498317,0.644973367639172,0.5099645158646,0.0461530292676971,0.0748668447065226,0.0697788288785563,0.167952539215206,0.384374412276563,0.400840931748235,0.220661596390866,0.13040386703986,0.0679749692571368,0.598500821364817,0.114215461385878
0.0345510459517211,0.0554134486856636,0.0383390444368339,0.0502735586375938,0.0483859930847172,0.0924871922326692,0.208672971968672,1.38939748788694,NA,1.54352487612873,NA,NA,0.75428973408244,0.976706103248073,0.380619213382301,0.346429918726758,0.197503215461747,0.206408689545115,0.383241292752164,0.0516593342676354,0.0636210557398898,0.100989572544714,0.322330033663998,0.710575164525209,1.54457125804414,1.14964591514245,0.915919519785775,0.0905081906537904,0.046726474435407,0.0865158391113704,0.0332429303076361,0.147333516022519,0.536921179891715,0.837065621288423,1.97501750365525,1.22852482310995,0.88689491343707,1.16051804361027,0.74126518376007,1.80659677337581,1.80871298946651,2.33591644604821,3.24434742936916,3.49928923587017,4.92966549375787,4.17462874943823,4.20721473797467,0.837776834048151,5.4411449725203,2.24712544571464,2.94744263206323,2.84937918323465,3.17518597249386,0.98302648505601,0.581753390840375,0.810355343498645,NA,0.370767600583992,0.156196194750132,0.157710248461882,0.109916557653555,0.0214143795668749,0.0344434412240916,2.10365044959971,1.77390075358999,1.24984053373282,1.71780983313344,2.13356291353335,1.64765482035216,0.978037901006712,0.510114051441652,0.365774546143437,0.180870846521694,0.106727316320703,0.0893771341340492,0.351117390377682,0.43056822162923,0.547066533921692,0.487262141747709,0.41396292882174,0.143250359577822,NA,0.210552475657369,0.343664875155345,0.280534524605925,0.21901844460752,0.296829915141652,0.264809580408285,0.570169934616692,1.39471990275831,1.12305127524289
0.0232193398131776,0.0380179409077136,0.0310234193914476,0.0589660662474096,0.064786193808505,0.165618685086441,0.219485897065962,1.67224137491277,NA,1.06960175092278,NA,NA,0.84569081053612,1.17014718625493,0.447413519687541,0.341222008544478,0.274230419873088,0.152837039688105,0.245797410466175,0.0633612269875427,0.0643106080965786,0.142000220788932,0.321196020639073,0.658593611894951,1.37867782785023,1.02614951852007,0.820661946220636,0.101154809474151,0.0423622754330478,0.0897495195066099,0.0624252236303001,0.223736542573661,0.592291653749437,0.887624933023906,2.16202648186423,1.4032694548564,0.888039104136263,1.17871279405375,0.772174227996435,1.9170399357164,1.97708085140622,2.39372151449302,3.27271198544357,3.52974659815423,4.95022357597904,4.28596942639613,4.34022369917766,0.834629852462949,5.69715691734676,2.27173386546412,3.10461326264486,3.00180397275233,3.3387188292405,1.04528252968053,0.622005095097925,0.87389502028112,NA,0.361710322494481,0.180355276864131,0.141308631232623,0.132253869099435,0.0456915104568612,0.0393101793291807,2.26192113520529,1.88425704986614,1.15548432340422,1.50696760337409,1.85386385143034,1.43752246077018,0.805966392777125,0.361063473275942,0.305557049702471,0.143266373632826,0.0941633605086469,0.0677085247097805,0.325129578538628,0.405838592415798,0.51961505984743,0.458405032743628,0.385319897053331,0.164710252928582,NA,0.172431265409325,0.211937545271884,0.137325065718541,0.15295587791326,0.252522497607109,0.228174451268804,0.52546120310696,1.21654236769693,0.909885928105826
NA,NA,0.36015899587304,0.456422528851475,0.530919735147943,0.570860724743035,0.474626608310427,2.94658977910965,2.89160863499455,2.67952014027474,0.629822997429974,2.43023356641796,1.3521667199779,2.42342814016337,1.16120623381864,0.775930948841914,0.4878008727995,1.41875822923639,1.05862214475037,1.07056338855697,1.24285640707728,0.458101194168375,0.582001365326553,0.387631132033563,0.325575770272799,0.519539010838772,0.499532408081431,0.458212849895582,0.446872936331261,0.705847552033533,0.355033050875959,0.379479829045563,0.78638912781651,0.472780043413366,3.36339100391505,0.755818955592636,0.92500967716657,0.793060638539508,0.716550493415589,2.42610982091225,1.82260193398038,2.55705297365913,1.76278563000525,1.00436186986376,3.0758174088676,2.38620565939523,2.04498677167491,0.503019262462114,1.28703513573859,2.91665031151609,3.3769331086554,3.36682803500461,3.55749704173687,2.79605563407479,1.65203598457479,0.945176880365374,0.624763496842047,0.664042806804239,0.482751576926605,0.678471423588989,0.367205102632738,0.358303970038946,0.270307664988502,0.353312420893587,0.501235751680013,0.549509466176276,0.323122800312789,0.17616243297254,0.153738248813493,0.170383806164787,0.223017981524965,0.779667376550807,0.877138894309138,0.863754729006401,0.496037795405205,0.194934759027959,0.192946614558131,0.108986137426577,0.154122455261889,0.0897777696672227,0.047301378732438,0.0794896677701416,0.227328590746078,0.285038110336987,0.50437055962854,0.645687845854038,0.869007520468311,0.491892655674366,0.423685373237832,0.218647637602323,0.179777880750197
NA,0.418854185993844,0.554933469110991,0.595101102698209,0.640159090582378,0.560771182366298,0.487033654703862,2.15737094980537,1.79533452838612,1.19229268038794,0.220832516622633,1.12351454621672,0.72927721738998,1.65214824293593,1.02700481825696,0.863079205959093,0.90351814843478,0.382847193379134,0.598458402571562,0.373390414314872,0.321710991375632,0.431526934698051,0.707806051961519,0.704610575034729,2.4295020635994,2.77022980814857,3.38380390296396,2.33992394329615,1.40774851481219,1.77697045084374,0.922308399454576,0.461875164637025,0.547392348835588,0.972135605600716,2.60714721397679,0.716536507137102,0.637480075391141,0.496608999814429,0.437457061868437,0.371873326862148,0.553390430416965,1.06832752070236,1.79307893566899,1.74153936114227,2.87107456796536,2.50435784771189,2.23563913912771,0.170319716986686,2.58771994033157,0.365621240853943,0.348290789428738,0.338999121299437,0.214937225376911,0.311733784085904,0.695864680862024,0.690455769985718,0.773602283704921,0.453667413673451,0.27678032833391,0.298729247130598,0.744676675398957,0.89340832701067,1.15765320914973,3.03253541199766,3.21925344958386,3.02156697518726,2.61057939308999,1.35278071473653,1.85958200835884,0.473144757265217,0.308744502678151,0.867174273272498,0.820957073963431,0.813609570550358,0.770039926410549,0.345114184416386,0.318864452304816,0.160946901576062,0.39691389741885,0.357713757601418,0.199509440676911,0.259763579824453,0.452209102122952,0.448727589007705,0.535275497074123,0.423331857308431,0.406071909713999,0.217749732537363,0.492047212287134,0.980922297360819,1.04443348489694
NA,0.561402160052622,0.580967216478428,0.701293368042604,0.781846902238099,0.519674189858037,0.447186811798427,1.54575529052765,1.39446620278119,0.817222577400401,0.0690001071222289,0.852833184279131,0.65716972074418,1.33637044847085,1.21915939503893,0.930917953629489,0.863568933266152,0.684793844619721,0.832593277394691,0.644047718978258,0.686685896989811,0.40580677928465,0.609192894557128,0.637870157068608,2.67760753735431,3.84482258455206,3.89694750361404,2.76239566567328,1.35385541684815,1.56733433717787,0.738578140701918,0.481911266401239,0.37197605798804,0.484292328071744,1.73366892973397,0.368651409325705,0.352772608077519,0.365896392436602,0.571857789708899,0.38414705368875,0.472583447510246,0.910810384320489,1.42038636394325,1.18756038757193,1.59201470613192,1.77317641684405,1.61895525807578,0.180429877672825,3.68334547980284,0.481983343045218,0.450229215102732,0.267718541274493,0.320759338477922,0.479697602042884,0.484237295351106,0.380461931292329,0.281269574422583,0.182486823310791,0.267904781136367,0.364961984882204,0.782203549340775,0.92446094591021,1.07155565560135,3.88541767447041,4.558716669225,4.019581006821,3.76474619134048,1.2264553180474,1.44204217045728,0.543080503151735,0.501431143301373,1.1963199460404,0.942841926438824,0.96610350996153,0.544734229423973,0.283615270809472,0.339712605520403,0.136527660740952,0.305719446424207,0.161544117741123,0.0411947595670915,0.122656260307326,0.254820463269393,0.512916356608352,0.814502007969712,0.670946393865491,0.620293462238341,0.330001495195952,0.489898918043828,1.08322216561422,0.925225372365028
NA,1.51867782857537,1.01626200413241,0.968258921517975,0.373771074975003,0.577205625454723,0.493430995673201,2.85747645949801,3.21375913605314,2.57351159648608,0.0485805304858872,2.35805711712735,1.13922899055381,2.24039967250065,0.818362930249949,0.56020145110664,0.64501126044562,0.367485415725042,0.426529972991683,0.368803089471863,0.35246137436671,0.360534441355242,0.285449093934245,0.244447103517461,1.1750188909977,0.700918764372303,2.33550534908545,1.29600144391799,1.1673635298441,2.2165587224929,1.14782393197895,0.661100242244293,0.270719583023437,0.724270388565712,3.63545163119931,0.443532035153693,0.361619125060104,0.296054759003726,0.349233901293179,0.452522072584451,0.581566711028565,1.22823676179368,2.70734180488763,2.4200692221539,4.45531685826142,3.81092634601936,3.31829497366872,0.399744315653754,2.99299959842139,0.963205785648057,0.525925240708302,0.368701040341305,0.363944692869022,0.363150279924851,0.458695576788445,0.328248870851406,0.327472520175712,0.249981422503032,0.175730869010707,0.558042678858829,1.24151609844651,1.34023758083825,1.07371979297003,2.07301135673032,1.68923452785631,1.06070941327973,1.36988993499495,1.42219492377484,1.43130954482667,0.46803687193717,0.459352410121732,1.49906909835325,1.01964474784086,1.32296109435057,0.605863785925149,0.247506648484137,0.215071709486777,0.0512682698519555,0.134360773544368,0.12296180553352,0.0807509420757211,0.0739257538571732,0.125645658550085,0.199838525754728,0.320301147496023,0.251155257286061,0.37908804837132,0.316368599571034,0.492326912170757,0.669462960510067,0.604019778626474
0.00556455248578163,0.016255688285507,0.0147645775253612,0.015889461090887,0.0163265907761583,0.543750185356407,0.565400753649811,1.6106809798153,2.33190309741686,3.49855772567217,1.39229219190411,3.27081772375094,2.39448773033665,1.38711036050894,0.597748312855602,0.517840749137755,0.702300436385867,0.0187741314967118,0.0291950385370575,0.0251253520069751,0.0187078138315005,0.0376008316144075,0.0482477415915521,0.0408230229896734,0.045006322966771,0.0292570691722475,0.0390879600605571,0.0446153008420931,0.0227251463362814,0.0563620812431609,0.047683463197814,0.893837048875373,3.16252188922092,3.08309219943715,4.65903396320679,NA,3.60305117169351,5.75848857057779,3.8820124398149,5.2804172513863,0.0955788204685027,0.195858777155371,0.189934271866409,0.0944588946430721,0.00972770231192262,NA,NA,NA,NA,NA,NA,NA,2.83164424416437,5.66852445943487,5.63416910151055,5.80944243094048,4.63200688311702,2.20438131981258,1.84861947836398,1.81460981700762,0.821225440240364,0.178110778377428,0.0657654866407344,0.0626019646122005,0.0499957485963922,0.0410216892439247,0.046338723729831,0.0303401654105978,0.0390836558045069,0.0169735619670603,0.00955138536932967,0.145419352744808,0.123244504207048,0.131874850658437,0.102052917139733,0.0415918304962135,0.0316216014747426,0.0128077952361439,0.0312674776367889,0.0233326618486921,0.00562539593704252,0.00857209347412595,0.0184244900771318,0.0272144721752824,0.0288207521459855,0.0247239620509673,0.019836625507043,0.024498481011541,0.0305376633615131,0.0363459084400638,0.0348654365339154
