"V1","V2","V3","V4","V5","V6","V7","V8","V9","V10","V11","V12","V13","V14","V15","V16","V17","V18","V19","V20","V21","V22","V23","V24","V25","V26","V27","V28","V29","V30","V31","V32","V33","V34","V35","V36","V37","V38","V39","V40","V41","V42","V43","V44","V45","V46","V47","V48","V49","V50","V51","V52","V53","V54","V55","V56","V57","V58","V59","V60","V61","V62","V63","V64","V65","V66","V67","V68","V69","V70","V71","V72","V73","V74","V75","V76","V77","V78","V79","V80","V81","V82","V83","V84","V85","V86","V87","V88","V89","V90","V91","V92","V93","V94","V95","V96","V97","V98","V99","V100","V101","V102","V103","V104","V105","V106","V107","V108","V109","V110","V111","V112","V113","V114","V115","V116","V117","V118","V119","V120","V121","V122","V123","V124","V125","V126","V127","V128","V129","V130","V131"
0.482140951048714,0.157371742631995,1.54222133802013,0.193282826753689,0.402151978248559,0.279447853042878,0.270926193529209,0.0207926013566364,0.16362225325789,0.0912276888955432,0.518994235670763,0.272623225092996,0.0698547139002155,0.122189126069661,0.286763702013667,1.023080379332,0.296270908416816,0.157313079119344,0.217845922531187,0.0489322983179937,0.0415619471334936,0.0536857340712852,0.509017352989814,0.353077864957918,0.106655091736639,0.111752775461327,0.434462011194291,0.127473292022393,0.23639649379652,0.609399515425667,3.03380293180322,3.12820768846033,2.43272583551796,3.29132572293581,3.27328133741976,0.873763687797911,1.47205216645165,0.928344909732768,2.5862641524019,1.79858335111225,1.13317483257676,0.870368538186111,0.632924869016487,2.33466909352427,4.55913345952531,3.8079558715373,4.42053464297912,0.737413379802182,1.09213061778708,2.3115794463517,2.39859968720546,1.60752657066794,1.05503552406737,0.560844811323753,0.598239376177267,1.29792273157523,4.21598900163199,1.64627650667474,1.53494346917301,0.913767693285523,0.522753137864098,1.05758561866652,0.0709195038178523,0.0514576754640568,0.126964633058507,0.119729231055376,0.303971851881088,0.129840492061513,0.326920706877726,0.234070340427238,0.231194481719662,0.297173615915618,0.0184387305338591,0.100615904694046,0.45654655424416,0.677999427524251,0.0156131442076171,0.515806153344747,1.08613383116191,0.159227537115608,0.484713758486002,0.281692397138934,0.559289832292331,1.99859399441464,1.2259114408293,0.160376547911591,1.35077910991703,0.505022282604497,0.537096995556132,0.0557065252447796,2.23864325326013,0.418674581333627,1.35717915416957,1.02390261115374,0.155731366163508,0.106658499195088,0.163481368813977,0.369464155896091,0.485818000869321,0.104888852495346,0.118823779887812,0.357877125248947,0.760497749487695,0.172652570855928,1.68661640281647,1.10499167224364,0.999461847666574,1.69231438774862,3.98244438381147,1.92980814677115,6.08534484461709,0.0501674820077919,0.564896288726237,0.437705061607123,0.281460448192479,0.0482555978059101,0.233087829346203,0.281338421686618,1.08432522101628,0.857761842976262,7.47558458625485,0.980104579321192,0.646175584314243,1.19204198493801,0.846764278480675,0.958550958133587,0.35813934756947,0.787303484199108,1.49078825579718,1.16504661598956,2.53516491835936
2.54417475361949,4.05982446165411,2.08421477490915,0.608958271209197,0.184794461898194,0.0345609434908675,0.0393729939136025,0.102152074714868,0.0564263333297874,0.09376827991184,0.402613275674391,0.305481326761784,0.155840920937696,0.262081495258506,0.111141874158815,1.01463757731819,0.286961608446847,1.30877236633093,0.169727014949264,0.0875952619750593,0.277307370587598,0.203217218126919,0.795979894862375,0.13403153302775,0.324488735873858,1.95965046961603,0.680939990814521,0.850593407508432,0.582665608433363,0.0867544386742483,2.09325328740561,4.66157538315952,3.66626630670398,0.754858814565928,2.27693314362087,1.45435222552831,2.07211042605512,0.517212355000313,0.330073079262835,0.331272661396224,0.0862219611484999,0.710710828776559,0.731048025621017,0.529012175728205,4.46775142029609,6.55072336110742,1.61428031185952,0.618571773839776,0.349806111445951,3.27704359647676,2.92259460769195,2.16332141295173,0.542449376792699,0.410307457814361,0.531218624506406,1.22289784690368,2.24393557456193,2.43371117731027,1.24483632709998,1.45240434470487,0.205862228025287,0.729640850967539,1.33512099268522,0.747874853484549,0.194426234364657,0.0876949282467758,0.508455835916363,0.502182146115331,0.44829380956139,0.079248749757449,0.463974751197054,0.91887965447622,0.804724218978759,0.105414558099658,0.32092220587446,0.726317185489776,1.14580102283398,0.681194356201298,0.831501081476918,1.15468293918216,0.233457535091054,0.26631853711053,0.78727548828348,1.14803594284952,2.84095129674836,0.789768465539214,2.23241996414876,6.58535640943373,4.04377987077445,0.611951554268269,1.57930289728564,0.937080293021243,0.953740251954822,0.246770849793514,0.0683094905397765,0.0404694568164553,0.0226752785491104,1.65760712238587,1.00469144199257,0.781435036150855,0.292626826369359,0.187257350421473,0.191759183156273,0.815249640916121,0.916330538127931,0.18114160565235,0.394330837087383,0.555192583436886,1.27695822763151,0.291733705402395,0.41224511642278,0.123783583230256,0.612999484915819,0.52336990918137,0.552666746928548,0.114234292300236,0.119658003190286,0.128601423867951,1.3675709277929,3.22885729043617,0.584660637090479,1.78863000888076,0.500786399375572,0.570627535179197,0.401592896404196,0.642900823378591,0.24236740541006,0.628858119859265,0.127799100811713,0.141173473509999,2.19094380063607
1.41500960811634,0.372695646570762,0.644428293380469,0.135073763598496,0.128547160200068,1.02653218920501,0.0475444977099902,0.0566843527021149,0.0257807439507851,0.162050721914513,0.216991044896634,0.316423648657176,0.6688937571009,0.0216047852418695,0.283025042334557,0.495834198583052,0.541158541892403,0.0146643392297562,0.0756253286387174,0.140327570513965,0.122681210355111,0.153360783594507,0.381828498629001,0.204882891111546,0.0942738442253908,0.227310747294597,0.293535288994359,0.309177878911099,0.0366018268077404,0.0636754248767067,2.60674570859668,5.9685396381582,3.02640599126504,0.250650338511593,0.296132954615234,0.367572797024371,0.274977108707919,0.14867604187499,0.31968489160813,0.296191503085176,0.169137143914105,0.950962612982764,2.01489324005226,0.635597325878062,17.3292519567863,17.3225694558815,10.710167534843,2.74722628529271,4.6640461581142,4.82292306730524,2.79592494822537,1.53163939998731,0.582635325128293,0.862426379427086,0.979303989334235,2.0770986311654,2.26011096289163,1.55349522194351,1.99148971759025,0.0420292872366273,0.232033342348607,0.736990991682713,0.0996695338000866,0.477225373013319,0.169249863617484,0.079834615932107,0.00341198310220762,0.243244783914369,0.0913323324644158,0.0430569794454104,0.0907145016785644,0.091066269210787,0.0385016418690481,0.0525935768735806,0.101490451691866,0.158341572292945,0.157618110212963,0.105638301708446,0.109645768579408,0.0201730460383032,0.139720907168098,0.299470302363869,0.331078311912081,0.454585365336889,0.587670709050801,0.252837509084888,0.0866554498882563,7.16062106301369,1.27840730245155,0.506862524671022,0.0508733473353006,0.0394805674268859,0.0253443986317581,0.0578131802006376,0.111232591982386,0.132967281904767,0.0436767011347686,0.191880578678869,0.250102792563875,0.161318715117562,0.12281839960172,0.0540250310763721,0.495035949282182,0.449398973340005,0.612094614087466,0.233314630804885,0.577543050009393,0.335469034586311,0.920172577253632,1.31376385375539,2.03567881756723,0.0934767925766423,0.0999371574310729,0.151029120831099,0.219324426973671,0.123003771664523,0.335350131068835,0.783693376411693,0.489409026246754,2.91958160018436,1.7221412901285,0.517467598590456,0.393971310417701,0.509688372060952,0.793818311143068,0.164813073473936,0.0854567592961901,0.270680496418068,0.280589396710225,0.284065439371771,0.0740257315765362
12.5487181862768,11.8729104342457,4.92943746960182,2.00142735983727,2.63031665402843,1.88628746848778,1.81077122372518,0.644888818067711,0.890403129532911,0.335885960543054,0.344073648085228,0.483277470076173,0.592254086126307,0.375944039565823,0.181985221743356,0.020087822158481,0.000252164650224562,0.0117018842391125,0.0234279312214053,0.012990416608865,0.0552121817701499,0.0621828974832541,0.0363624685967755,0.195391585710059,0.00888293502709997,0.0389838642490736,0.0366688028507721,0.0225908375604062,0.0581477164258476,0.0593419230300403,0.144417384272757,0.314869106033413,0.766148193457845,1.64341374746311,1.03921012211425,0.622760005265951,0.502104003662719,0.422533576150527,0.0710485292979196,0.278566468079856,1.06212703960552,1.64816589227985,1.39549184311123,1.09013628682455,3.76195322475827,3.68621214077997,1.08553233702047,0.151146006555788,1.33413865676152,3.10766835646853,3.27715403999315,0.770886247437693,0.146190316367703,0.139140356285523,0.395235005758566,0.112072805205241,0.0868129020692124,0.0734451121801555,0.614213053114489,1.58604743006259,0.902630261362561,1.28020337046886,0.173874795341519,0.217154985624272,0.142397366137108,0.150760927400661,0.481096329687805,0.104802077028598,0.430317508205122,1.03635641608138,0.868414363470267,0.310569741843952,0.906674758967987,1.61375589673356,2.62265028529258,1.47174906675968,0.302281928670936,1.10739505865026,0.0902054973939465,0.150352869995523,0.0898120210677581,0.104637750560996,0.0501045149292893,0.127009350232641,0.169110894622303,0.634629443740785,0.370121675995126,2.58667214675906,0.304405545006617,0.100006693856068,0.125866569835455,0.022852688050683,0.201937156690448,0.331128083501029,0.408559755052522,1.84409938936224,0.920214800788692,3.57515215028477,NA,2.59058419501319,6.62383745705429,1.15434978022646,4.43357801776488,0.672601141384663,0.0722386281271541,0.24518534180118,0.253835080601505,0.056836326635911,1.60666984193049,4.03943669793583,3.07855832172185,0.192105873483548,0.0675354501542272,0.181283783943768,0.675602212285051,0.316308982522229,0.103931956179332,0.213952996454522,0.198403704157485,0.104033137811914,0.327304119337852,0.103195397212141,0.143682086737191,0.380324795905285,0.276679699777115,0.126726799124529,0.179594483940876,0.0619974000051244,0.175454902389133,0.44610202974521,1.06845843321944
21.8663160752186,5.05351877244528,16.2260396839856,4.03319136970452,2.13315885556307,0.440619109066883,0.214076407822098,0.0547247165729355,0.976277212691739,0.914636563022072,1.01684950647015,0.0753025947043888,0.282762845378515,0.563289425365936,0.581742636584707,0.0896102540229061,0.143618634093384,0.0894625638356654,0.0197171647728104,0.0143438244386779,0.0640563508281416,0.0873000238255253,0.0290231431338409,0.199492879390817,0.0841157034329308,0.105536932924973,0.0919656866949653,0.125048508848412,0.0179173608798905,0.127607716586827,0.230375481978338,0.128368838548495,0.234157242298902,0.0988272287617267,0.0535349439369304,0.102959338303043,0.149533452417913,0.120935678830095,0.704334315602264,0.10530494665626,0.539115424676002,1.98696863892258,1.91329487672106,0.280816503513861,2.67047927883874,1.47573444981411,0.461131944888656,0.18538290638462,1.10980206644393,1.25733182477693,0.695129552406969,0.213204581235271,0.0320478924319206,0.0257157800792067,0.0170459967074474,0.0583769579865593,0.105598643401872,0.25746144217838,0.166946101310753,1.08733198040395,0.77572931836111,0.52872458113352,0.235410096398739,0.0797510818469469,0.336174500424051,0.19898916939739,0.26493594491376,0.0837062718126005,0.331807576387942,0.453859694656014,0.55193840286933,0.458619744968931,1.82209732999404,1.36656787659327,0.844577373970885,0.706345935119425,2.11183446539217,1.31982318197771,0.392263369709855,0.139585422759383,0.020927746808842,0.0596761707086163,0.15664446027527,0.132348346298339,0.0702901336441547,0.0618215031030719,0.823957747932303,0.266418050691126,0.568495523542816,1.16466353448044,0.137705368503512,0.0464765087826771,0.22190676118251,0.244471106042259,0.260526498807624,1.4512216040411,0.586140704370997,3.11678580568497,NA,2.24785171173992,5.65176615146549,1.16372800006134,3.78072301951331,0.656237168666558,0.0457409648625026,0.0887494924917453,0.254526096884593,0.210190021309678,3.35083507012304,5.61716834484723,3.76578944226548,0.142862940124304,0.172433030331298,0.143997296826417,0.787399128231682,0.253452058254635,0.0979538936420682,0.352919811107275,0.377464542485442,0.426403978199855,0.629805585070647,0.53730685174798,0.465121291406905,0.392218666472841,0.578004573917586,0.189737003873957,0.0320726974297604,0.165858916730454,0.101321781459261,0.870304569414864,1.86826615269115
NA,11.8867226961582,1.91917743975,0.361542699597054,0.497791570112814,0.456060185148003,0.742343497231031,0.373394234745824,0.105835161956592,0.211824955900393,0.403134997378673,0.242327220861542,0.11242590076766,0.104810304016747,0.0798581549954226,0.0458779283808393,0.0663011516855296,0.0806513493798495,0.0905692895531687,0.0377847872207568,0.00149529928443725,0.0480302403746029,0.072927745605893,0.0823970528232677,0.0303717942909732,0.0299498520577813,0.0412321465977468,0.0559235528609538,0.104218924368961,0.128804658470565,0.142389577032488,0.730607391935726,1.11389258379774,1.73265071182401,0.922898321177298,0.344446788125291,2.33762188977984,1.03687582833958,0.720706040807191,0.879255833455111,0.854609963858332,1.46544287433141,1.20383023815891,0.252248682864223,0.938958732412428,2.89561613275556,2.86480314509964,0.238739421729068,0.43110289252666,0.787893537213542,0.891896447636813,0.459818896409292,0.23454049939259,0.0515443828971188,0.325147234848653,0.174711612207589,0.088022295402102,0.169171839319631,0.0514263023263167,0.0248126744513934,0.243483556055169,1.38070852771588,1.22432134098466,0.0407076166813042,0.0903600754819306,0.35571532981389,0.137363362306962,0.0452480190387101,0.0385078120343562,0.141539937367759,0.584810024840187,0.941836273220426,0.516329918040041,1.87607400585955,1.83928895030389,0.687961244270265,2.28430283520809,0.18625503764756,0.326812236437731,0.181299133583228,0.685174695149572,0.0498832364780584,0.22963064240768,0.4515470128378,0.732986873331242,0.606122344326449,0.919773589294874,1.11076899965595,4.58832139576573,0.109779675909755,0.973249411325526,0.6457430646011,0.0542126391794786,0.696974633009123,0.301398133288737,1.30657358081629,0.229558206479214,21.8339569761359,11.2219261537017,8.65496927134052,4.64684967082691,1.91095578298867,0.857219895742991,0.81861070828232,0.268435418581277,1.62417711936497,0.129425300337795,0.0576136840624361,0.0379382946609964,3.11634318616636,0.190754772621309,0.0376888220974954,0.161279177500438,0.0386870463814828,0.0231034445337315,0.192021035162956,0.193838018883369,0.183156939097729,0.335786969472454,0.553367469946517,0.511356315374635,0.157202268607829,0.141127078127666,0.677760815222369,0.325829012574245,0.104293726298568,0.0337399823472978,0.0799553397677302,0.18804701967369,0.315614057515646,0.782878292160978
NA,11.6763542644734,2.21367285159361,1.00139384944333,0.510974439722792,0.112716265956403,0.0731511736799866,0.136060046238971,0.0546914933790129,0.166234473940012,0.819991743922159,0.0591589750257426,0.110892985461689,0.0964383777550862,0.0529838006235314,0.250041815994305,0.0600346243557665,0.331932303971875,0.152802990938293,0.0146090091040134,0.0524658675715952,0.0222393636475251,0.130666840115315,0.110614104407967,0.0803444908986092,0.120123942920794,0.133685355843362,0.172165160245423,0.135237526105001,0.504846099979251,0.672506130498843,1.17373657618596,1.45071268847426,3.32911648570198,2.21627835772822,0.620083077563017,1.097510540341,2.28235152843312,1.94201134287108,0.959217888474726,1.38035067495407,1.19340400074047,1.08418856356188,0.483346603667849,1.0247810868297,3.9160805483742,0.727704092969661,0.493592789788731,0.792668150085363,0.862876097195436,0.406161528828269,0.307131059458693,0.976441577801081,1.60736131627663,0.370369733665543,1.3743196376567,4.11151196216054,0.319011501817883,0.356444429382306,1.36015693102183,0.823947166523863,4.24575796418797,0.832360199432684,0.0650014787162003,0.335564790540323,0.87184627904375,0.0509046048359923,0.201182789534964,0.0337791502622546,0.101908990729987,0.59738569016731,1.01188102844725,0.352149102596424,1.99423901515576,2.5523187917624,0.195469929787009,2.15884831064432,0.074518528950734,0.231485582390695,0.287560542767602,0.939618815372268,0.0541893341083921,0.538491504866221,0.569380134938161,0.725910267668554,0.405982044966849,0.505922988020328,1.14588376573645,4.41524627241282,0.135689640065606,0.824831782485054,0.557744557314221,0.00854234398099617,0.381043630933193,0.286242749300034,0.742228844912998,0.246248379679547,16.0397070742359,7.10478452161073,6.08851654393303,3.56708418850631,1.34966873611387,0.827939228894157,0.764476969888734,0.38035300989105,1.54754832546213,0.0723022949863058,0.0423471280075242,0.0489832437667508,0.125212241303202,0.0186815315990163,0.0315357934453162,0.0282579737858919,0.0212414042205436,0.0648934823359736,0.167032362055547,0.0585936411012814,0.047123552705946,0.286969226903458,1.02843756503583,0.440750731248876,0.192234564804918,0.083828878997277,0.499673378215631,0.515652797839416,0.0555112184082554,0.0671276715167717,0.134246920909451,0.0732728736873522,0.251106847643381,0.225645943877093
2.78793660632691,3.10554613492128,6.70321522185116,4.45864962397574,2.00504896830983,1.95870091196535,0.667200430055684,0.514725253931636,0.117644039239847,0.341302950655896,0.100268662873772,0.402102879378593,0.115083043424602,0.322905456806736,0.380882273770539,0.346415120235292,0.117517070333612,0.0459927446531005,0.024960658484403,0.00541741790513729,0.0360855748020058,0.0428832159220636,0.0202828627621675,0.0604407195611206,0.0310584506594432,0.0514731487461739,0.0280305704371958,0.0793341510339379,0.167388357178112,0.15999668983195,0.431477268139787,0.311990984544846,0.326072610536783,0.514675014320704,0.576637097965835,0.167960596514944,0.146077002606644,0.0761479708639749,0.327387228850054,0.311453786599307,1.64231127605374,0.295404213476445,0.24458760242992,0.260081963073406,3.83279717836273,4.04287951327208,0.113282916335115,0.182707037942605,0.356314833075958,0.264086834656248,0.264630965742527,0.807550898506811,0.277699233223812,0.467765611292462,0.364968323012571,0.361724015557763,1.4255093105911,0.466827491539002,0.508386243884884,0.353683051781277,1.33401976758578,0.712016992617353,0.324710460034137,0.0577822462930802,0.103660244972884,0.026506953237805,0.0938918494657174,0.0943292789239379,0.105328792689169,0.024662558324695,0.287239854964997,0.109044244546259,0.205420470869586,1.49535867578107,2.14628881654873,1.85793174337148,0.17680611390224,1.65738818163827,1.27400923932308,0.187488533898579,0.136107596768998,0.243024563891812,0.299513602921444,0.591920428468778,1.08824258824922,0.95740957398939,0.383002781300277,3.78646945462702,4.04420927680313,0.373289232638364,0.475735524151862,0.0380494357822053,0.016016360195375,0.0846428936095224,0.141003211939065,0.592460102869687,0.557715709488849,3.50027134261204,NA,5.16902247987397,0.440986861531474,0.604663242145897,0.974391592729401,0.839162497437202,0.132704803075144,0.769922347893298,2.08477238026813,0.250271552204844,6.73438962181167,17.5166187728256,3.41020493122112,0.0165740475541488,0.366973019961027,0.309251632267118,0.575440360622832,0.612009134710575,0.353559569426919,0.412034663968103,0.0258918256075321,0.568132545356718,0.0722126393130842,0.551128904375039,0.840680258985524,1.20115468446332,1.75314796295455,0.735540342612926,0.197011110848001,0.0436278384917812,0.607986440061227,3.10249299022591,4.2235029610934
NA,NA,3.41671016480528,0.779745566495414,0.0254155784351383,0.437156201315444,0.587649592172914,0.030501380156996,0.0189873159597687,0.194626417945488,2.76878455535158,0.145556968858172,0.19030839803831,0.737723978266487,0.409287285617346,0.116760143719802,0.232323850047805,0.411679260959098,0.120066907348295,0.362510349372894,0.826872168296276,0.552936494928266,0.0266808382955432,0.190775589058631,0.212224194827188,0.0551878429060164,0.548568251633002,1.38711733277693,0.639206634205028,0.534444814775199,0.197260115968823,0.314834284144798,2.43858298333955,3.13103678292884,5.12140406406296,1.3882298503313,1.12409665055523,0.394259780900131,0.398315047863502,0.320390975324107,0.841222289951433,1.00337751936134,2.43702705141613,0.595320324365724,0.632549858142425,2.85244255218194,0.763321782778936,0.185582507014742,1.05575523429988,1.58902747016882,0.85874330415612,0.327784336063608,0.737267230801434,0.310423518027055,1.27568524808754,2.46058149143643,8.18003579738173,1.02407757623899,0.785405030354505,1.84441668951349,0.531516670250588,0.649370118647429,0.300509447300675,0.76136633503709,0.875949518917328,0.782278202588742,2.94198052135692,0.863959781409079,0.287380309009442,1.51664946535015,1.18849035954928,0.684601665517818,0.127290275338333,11.8244552989259,1.9991160238119,0.221225769904768,0.849153506353694,2.4861562629494,0.421147080516114,0.149041371216275,1.47818623320649,0.82815247204339,1.47296760536383,0.448952420454976,0.306173937562685,0.248519035378318,0.248639284441405,1.40916437516924,0.944405580182038,1.03592877154364,0.744986094787242,0.504743706039683,1.44973190362591,0.367803629976656,1.17381513734071,1.32633579489847,NA,NA,NA,NA,1.77472085797992,0.755293473078807,0.607150767788819,0.626833215621793,0.245816461212779,0.0512449713069625,0.0253199463734075,0.123313078277208,0.252321221592704,0.438332484293525,0.160401310864151,3.78438434348842,0.461581600592834,0.14694186479797,0.424651071292004,0.470656955541996,0.763914623768818,0.786225395263874,0.424518897381517,0.204934371696504,2.03625792247505,0.236819353781076,0.101569944032099,0.504660737824844,0.385051676523558,0.192076056058908,0.0453288587422108,0.224977545535523,0.204989192864116,0.0692109628033748,4.47209144744985
NA,NA,4.40998177176357,2.154796704228,0.1462639329149,0.325006793741823,0.102144330380314,0.408779109436278,1.07252944715535,0.40992808611693,0.906664993555641,0.177376452594787,0.129507177821123,0.266164057757936,0.538381274714973,0.809034365099241,2.3034180988321,0.0667197378583473,0.154081021789443,0.069494389280255,0.334722272015742,0.428501007130847,0.202223681690791,0.015405770265944,0.175177959268221,0.0954511880190937,0.053283208144093,0.0965725531741568,0.147476780812897,0.0429613020562081,0.0798470095651061,0.119963898686157,0.670213309916832,1.36167749228274,0.664700065397765,0.297346968263277,1.4054870941746,2.45205620148407,3.57818402153136,0.704471405252692,0.991082761633709,0.623311669960028,0.367232529340377,0.331813128380969,0.525444146994452,0.385625480912931,0.205213300765891,1.47520572412907,0.381906029444328,0.635978605224348,0.459984577592306,1.03870255789874,0.708517958132685,0.792817738341422,0.414276075111046,0.570465482467769,0.805804152370949,0.89474591019297,0.974856650118439,0.144950933813502,0.349639235515991,2.86055039479001,2.32438451645094,2.80277750758428,3.65301178880586,5.31023293446989,1.95499300774552,0.351826703151696,0.182175194837178,0.159926126775282,1.41243275102017,1.88812937183492,1.68810379594301,2.83248929954566,4.6103487342148,4.98432547073351,2.81931069359087,6.18946179290899,0.606995465367936,0.743613382265159,1.32198608285669,0.525399739064187,0.222647500039108,0.597538096490809,0.064354840516708,0.0547463427126261,2.74106753239655,2.30194135873434,0.941813667582498,0.165007247973183,2.39985200860932,3.45271580465491,1.76205435334913,0.496973486108558,0.495686377271074,0.813831495652132,1.94225240797236,4.27431065753966,1.41619622188557,0.39892714246495,0.765154567225674,0.458509788011083,1.11939653722698,0.944216188245031,0.145235120768032,0.859773430547386,3.34111250602591,0.22627637275077,0.58211177700946,0.635027966301026,0.51061598117982,0.132548727451987,0.130812969186155,0.175343757408378,0.561730027074269,0.195993611605265,0.358566937804191,0.421567459611704,0.624271094676342,0.413818389578207,0.52444252499942,0.0375432959928742,0.160862979077491,0.248037128676326,0.268778844503124,0.160132952934309,0.196244437813704,0.139202830647231,0.155518151185793,0.17658640066813,0.112606365388346
3.7168850744664,1.86845487433355,0.254125200601718,0.337084190542831,0.425320782074979,0.414405648339096,0.329059348727528,0.0381884812210642,0.161502372586874,0.126401032292042,0.249194237228368,0.23886992023383,0.62023139342419,0.977338249011404,4.28117924504052,0.269443755268959,0.445691820215776,0.126450153849158,0.0961070724069582,0.126812394857471,0.241300542728503,0.710925876801588,0.480425089556189,0.126870097839178,0.38537954169516,0.761080007078573,1.238468832091,1.59607830585994,0.200365477833628,1.23609134866447,5.16301932131534,7.39153214329681,4.79478181705107,3.00797246559874,1.6439896228973,0.172624615346609,1.41781681282198,2.75785732689213,1.64159546042177,1.16434102937524,1.82853375900627,2.40715560279245,1.28897160588946,4.36698231000968,3.58277558076792,3.42772085639107,0.674950676901518,0.95780445184595,1.39446689122453,0.243729456211934,0.169853239497937,0.442268216419843,0.856204631540468,0.118786980891892,0.0510888874534543,0.860045320191029,2.18327592750235,2.68649575918937,0.2493099845932,0.434655636326495,0.778560302735397,0.679646415787237,0.768530813220505,0.980164321626333,0.147777769882199,0.155193524815564,0.538508214050192,0.063990286887468,0.0811116495007836,0.410977458703471,0.0884606686875201,0.69369354574585,1.54856869795712,0.402258057802028,1.06608103669638,0.145101720195505,0.0185842594919526,0.321163268851341,0.947010942941906,0.536416666231614,1.07620239543517,0.723052592680143,0.228692282447659,0.195372628069811,0.264280892725237,2.26870052600853,3.2079982332265,1.88312142121167,2.71500941059878,0.196772063202221,0.24825377782835,0.159001650799636,0.145968049167952,0.497352295674729,0.92018340775375,0.141425728821157,0.0939151003581257,0.363024824519134,0.833021351548714,0.302584934615773,0.332890492857586,0.607264906507883,0.544232105274853,0.241459878323774,0.295428390400292,0.669227551759282,0.732192215450393,0.492427483650772,0.659622388891133,1.98461876726995,1.65928496702321,0.107194099609716,0.0240834043286222,0.0224428746710315,0.0369602809013917,0.545579305372872,0.0741835920899274,0.266397135147524,0.595313316676529,1.21519196517882,7.06533369122403,0.729746802259819,2.24992833970267,0.526989209682635,0.535665143062317,0.539462150649232,0.385022588343408,0.453964387351414,0.592995010851382,0.329433330840261,0.18939427960911
0.266185255885365,1.71981000976507,1.05620426707932,0.908852383253445,0.324539699061026,0.310765730000688,0.196691742398764,0.0619899929637588,0.104592488895692,0.128098214081394,0.608122104161361,0.880846444062266,0.503245636917111,0.823891833206424,0.147768960462114,1.96925724450943,0.488262962869789,0.490453577061525,0.549657911956865,0.977850954451588,1.25293435971292,2.16560238720104,0.443794040085097,0.702374529376361,3.10978210051295,4.98824976624848,6.97390799929676,7.20660189590896,1.37007416796892,1.30643004267934,0.753956028279817,1.22753097741703,1.52716833408445,4.51032213784339,5.60116021726066,0.728264876478833,6.02668296560612,5.47073227759809,0.983601586978126,0.800748220567966,0.637752723162505,0.824495703582985,0.943469112838394,2.77670029931861,3.85569187101376,0.221382514432858,0.222609449420775,1.19931219802167,0.0860576061264678,0.105691551374141,0.205306855330661,0.175022793815889,0.238005451856733,0.483375734480702,0.450589695539492,0.463896498363043,0.076925802635763,0.206728880661535,0.148020247824448,0.19343283286536,0.797700431017467,0.224959772966445,0.0727190777159503,1.03976279588948,0.303516782251331,0.0778542174274454,1.75368350818388,0.0302778818470347,0.128644738864608,0.250290967922977,1.17580621417372,0.76495655306302,0.120737840037589,2.23399091393429,0.590668287981232,1.18079356996688,10.8254729423526,1.43022421932923,0.416937701665244,0.0596769892340763,0.0327514422097049,0.277309886661831,0.833293583086444,0.545197933306784,0.150151649003555,0.484580726246272,0.0460812949801086,1.34454338813816,0.836654284461337,0.607133718193592,0.203517545734363,0.082629888144396,0.0527635509365925,0.0971641272695797,0.2273912238747,0.334245515998628,0.438997906630143,2.07910280353077,3.63322088931121,0.302541913039958,0.303244384308423,0.152669953421579,0.0560573063205515,0.0936511364678988,0.243764471909178,0.0582010986486608,0.328537498099737,0.295808841936649,1.78658831023097,0.115182948831549,1.577224904609,0.36988847335464,0.0380436923982746,0.0677047050823792,0.194329498166149,0.291886703080283,0.223838142874977,0.409756773831287,0.414765532896237,0.518608557847819,1.68088405169149,0.426561128931032,0.45369920187455,0.133023427673352,0.0853569881014968,0.292083063033751,0.324641662369911,0.17764050183705,0.115654083464241,0.0632255482600418,0.438054585050151
13.76947815826,13.2667907235642,5.7427830209986,2.94188754166993,3.07122615587255,1.73172818674245,1.56092643136749,1.02751585067263,0.758067614363216,0.341276260257778,0.735937641321367,0.252023121547093,0.204499192783242,0.470603865049316,0.322558748350238,0.0302399779844833,0.264687870379382,0.456181290776744,0.0805665169077806,0.0320038207985425,0.0228332122376109,0.0264609646395734,0.0165489758878828,0.0274546009430478,0.031434423064233,0.0388893431640444,0.112249999871208,0.281068900460058,0.0470313612766277,0.314126749861387,0.533640312304757,0.244382805425894,1.02411991289293,2.1498017525006,0.786321106606084,0.183720539519715,0.266933542055375,0.233355416699684,0.0848900197534595,0.293410843923262,1.02711970392204,1.22271712757053,1.11800408860498,1.82313230102526,3.17821175439843,1.43233242067436,0.293247528526182,0.795963850524564,1.20875456389127,0.704375619377721,0.207239798515919,0.0571937520264825,0.50221428804682,0.579939001773213,0.134483117225046,2.05844657450759,0.418223589172976,0.19138127177946,0.535767966246896,1.32734013733711,0.202398274967107,1.45291586154468,0.105804143220209,0.149989032046112,0.351146947799184,0.178810001378919,0.142119693964401,0.00814193601222846,0.273855272607315,0.345988276852266,0.427044372885018,0.536686939875153,1.72081648494343,1.89792687936097,2.33237934215069,1.36756652715965,0.54758734608753,0.952656130459053,0.369066432591835,0.203954918681704,0.0305794665455189,0.0870626495740129,0.113985550984693,0.186581260646203,0.135340513325347,0.362346101999922,0.150594377787906,2.80071140530304,0.376699854603018,0.292005211576191,0.237769722564359,0.0262253173334672,0.200780106559591,0.334396781903334,0.330489867288536,1.89003814460451,0.724183696264228,3.12131134680402,NA,3.04650054550217,6.37496836285228,1.43749493660125,3.4527011827754,0.708656019666901,0.0555090049771536,0.27540315096611,0.377493644715612,0.177869618864843,1.33431233712866,4.41202396980861,3.24180976352071,0.124993769679313,0.0303896150882487,0.25898183380182,0.926635769500404,0.472938431363485,0.0568087207891261,0.270812664447606,0.238037815060348,1.3029734285091,1.05009790671899,0.262499841845909,0.127210688753631,0.268840015108088,0.301166471670622,0.110897788760117,0.0805436069883606,0.0482758786084195,0.0473255932443691,0.626986927141532,0.935139277384109
NA,NA,1.26748948222281,1.54710086366256,1.58658917469237,0.437677351479414,0.082119389013149,0.321674743279472,0.133949883424526,0.0576309626416513,0.103326236562652,0.178653424763701,0.0785599278005601,0.132842944900634,0.2776164033035,0.285145595896063,0.717816172700363,0.128968876390897,0.0628170022869517,0.176678142516119,0.0683331953911596,0.0778937673813622,0.390716688756144,0.0448928883923089,0.277398446567232,0.337237746705864,0.0596151319086979,0.0223789455673577,0.0474661103517781,0.19350627556758,0.229337492945424,0.204893442546784,0.495521216391929,0.267034063851515,0.297716599188836,0.0816981278793205,0.929885683929131,0.201757897634949,0.166205470250588,0.373480846638316,0.540338463328462,0.108498758383529,0.122949396514713,0.368076577017678,0.459115040730632,0.202411642373403,1.57193134647664,2.3741414327601,0.00718573404210862,0.111528414258069,0.866434553597448,1.30488826253231,1.9029376246791,0.629137609010599,0.162764212961242,14.8851727334111,NA,0.488506444918265,1.17264149924405,1.27320186618137,0.437761922339889,0.590979461039944,1.86628294299787,0.209653534967529,0.0349522269110135,0.0478687954665321,0.04585801694248,0.127724858499313,0.097845210172218,0.333632625667931,0.56307297491002,0.4831069989561,0.116243170969885,0.297144361451683,3.40475853928812,1.08615935196027,0.459409292860564,0.280588925184449,2.17468415978742,0.697898634011457,0.0906701359567382,0.0218864169950196,0.778381830377157,1.13354931303669,2.37353730460149,0.365717985200967,2.05217168333686,8.48803667722992,2.15480323921676,0.61632252559618,1.2709157302309,1.00139841786143,0.604318211139837,0.277845880265233,0.376898204069937,0.27401656730528,0.360058233014413,0.652024961611254,11.8983744450518,0.294774414784177,1.08191289228719,1.26384050629133,1.12605048711404,0.933534269613771,0.548423227349813,0.392538930413768,0.665768587736367,3.39384357255886,1.97264213296892,6.26285322876552,2.0770352563528,0.278912255511584,0.738330099650532,0.593216543777826,0.781670780137597,0.842202253957458,0.547934199672007,0.172675477848662,0.334487645315542,6.55458225581394,1.19378695612918,1.94189192271871,0.551563002831267,0.424646739609263,0.830231102420488,0.537871670254961,0.127577897749342,0.0823725549780043,0.326015520036831,1.08477162106327,NA
NA,10.6736410392425,7.99942657587913,1.83528191308914,0.8603876913508,0.232861500358872,0.21675063893166,0.24770832052738,0.259903204171946,0.149422412361054,0.0345179778713355,0.236369353480176,0.190885443302097,0.11699243667429,0.0863084437320606,0.598182069351232,0.0810599700423698,0.0441446371919279,0.0405030517921007,0.0209158304329345,0.116874480504896,0.184766353772527,0.0974352682068139,0.0429310480273203,0.176209533222214,0.213038439916043,0.238464461807841,0.211769274421213,0.0470168263580537,0.0833743124144684,0.154099773660862,0.0773315493510899,1.07321796622981,1.0581495852105,1.54387413235669,0.615588805863096,0.846916869359597,0.138901668617816,0.114047548270873,0.673562284848724,1.10047118683148,2.03871608724298,1.95557529096999,0.483009561131867,1.60416156346209,2.60261632428567,1.17847510436907,0.179717060668287,0.232632378865035,0.964098293215623,1.14494321787469,0.463985489348761,0.119428718010616,0.335262472247309,2.31814472099515,1.06863631013987,5.08757615153362,0.26679484247604,0.13944850305761,0.794800060025479,0.924121276942915,0.75505332919932,0.931204647096142,0.761395519876612,0.657157208298857,0.17546771330699,0.111460165546763,0.0127236137733192,0.219317377624416,NA,0.666575267859845,2.31928664954494,2.8396897364717,0.591615489733011,0.659388720709551,1.4350808887817,3.22476501348335,0.826313638019002,2.27877689220219,0.075863436183747,0.35659297254922,1.83113113854967,0.611625102609835,0.661980967512793,0.437654738436987,0.174068588420028,0.151125420935693,3.42329614779768,4.68032910460845,0.0631926884476574,1.28970457809996,2.01050961763776,2.47743752850927,0.0577665194312461,0.384454694851739,5.83987510872208,NA,NA,NA,NA,1.10890629930141,0.488548964887318,1.18242995571099,2.21802783971483,1.10165591425045,0.652637701966896,1.17432845922636,0.174568609219935,0.978549379954119,4.95130563550501,4.22749642627939,0.376295415315387,0.0179497705706406,0.024631633592828,0.148381501706338,0.0970003099391264,0.707505321238914,0.160934386598779,0.154737027299151,0.42409506038726,0.439802425977103,0.101372140278876,0.199951675392914,1.63672760362169,0.715038146977464,0.122477286243496,0.0729595286537421,0.164080014936317,0.156200226167785,0.0841100795543194,1.30996772880208
NA,NA,0.480356870851606,0.21364769990934,0.653048131590451,0.254252010322183,0.075961011257192,0.0244617875896754,0.127943069525495,0.297508190353785,0.386773960434195,0.619852813742615,0.165100131328773,0.787170955923944,0.224975164632533,0.340488060151298,1.42016564559659,0.737694505198142,0.224282897590351,0.0553446287482481,0.191755349310401,0.0897469429408349,0.335128346829832,0.489212770477974,0.0245761784482407,0.116774766509794,0.208234389897217,0.385818266414275,0.153957532246958,0.182050900206778,0.754846867017044,0.841700154438068,0.221689320859817,3.32768238887686,3.47892394828726,1.19835018506388,1.33325838392154,0.25980899214193,0.367728454291656,0.367015191999957,1.83401221618893,1.09718021038083,0.565569281729024,0.311020141041207,0.442691886802178,2.11314573014962,3.76915366928738,4.7317648219067,0.580395559159663,0.328041638949708,1.25608229319237,1.8267045491316,1.4081044249243,0.37113227286342,0.541471155441598,4.19830168639784,4.16784330808965,0.725879323694258,1.75914802435483,2.08625358277147,0.322884526211323,4.10961726163799,0.201878895929699,0.0351479944328841,0.0433556225976757,0.0864318812597652,0.211438542720516,0.23336488287742,0.225122077060732,0.0211172584193586,0.503063543014409,0.734807944861901,1.75442178601828,1.25901343607546,0.533695695390318,1.56849753524382,0.436862655090701,0.626976671524179,0.839426055132089,0.748345750867113,0.470020364588861,5.33878640934661,0.168097980262062,0.0896939892629189,0.0578449800330975,0.0592132205867352,0.0416302690917621,1.96320602185655,1.1189450901611,0.180581626303992,0.72784545571853,1.13446393162936,0.564547045639195,1.78691729272334,2.00603674855147,1.05048578573599,5.37854731172812,14.7113235667138,1.59804888328065,0.884685853372006,1.92824827722752,0.523697494594888,1.19100592127883,1.07198182715574,0.141623731393545,2.242050384631,3.71529448145057,0.0065712726923616,0.243385100673284,0.671991724877112,0.896755640235309,0.0793141870287022,0.00268960794008714,0.077647820282162,0.0891895444405855,0.0107618964568067,0.402492447225565,0.380586727146298,0.277724350370542,0.533716290767733,0.361297378723192,0.649030404076461,0.0480359941027436,0.000187332348411275,1.1772148797983,0.96276227939398,0.239247643971458,0.0706636021325052,0.258549344121242,0.743178443094602,0.645529486033419
