"V1","V2","V3","V4","V5","V6","V7","V8","V9","V10","V11","V12","V13","V14","V15","V16","V17","V18","V19","V20","V21","V22","V23","V24","V25","V26","V27","V28","V29","V30","V31","V32","V33","V34","V35","V36","V37","V38","V39","V40","V41","V42","V43","V44","V45","V46","V47","V48","V49","V50","V51","V52","V53","V54","V55","V56","V57","V58","V59","V60","V61","V62","V63","V64","V65","V66","V67","V68","V69","V70","V71","V72","V73","V74","V75","V76","V77","V78","V79","V80","V81","V82","V83","V84","V85","V86","V87","V88","V89","V90","V91","V92","V93","V94","V95","V96","V97","V98","V99","V100","V101","V102","V103","V104","V105","V106","V107","V108","V109","V110","V111","V112","V113","V114","V115","V116","V117","V118","V119","V120","V121"
0.408988707859912,0.602140220749018,0.87045916744904,0.961514487910429,0.904256171121045,1.16559578858728,1.15877845108307,1.29158027013201,1.41856257786701,1.58365530711622,1.52099955190759,1.24445548485138,1.1465288481272,1.039337541412,0.801304753715551,0.488107554741022,0.472386315437624,0.453086090311748,0.432212726503464,0.397785378794072,0.441770970182668,0.627556654233608,0.819025729671463,0.852501461415245,1.0423935595273,1.12596124916843,1.22088021899587,1.26027087832478,1.27987318780821,1.26614537013623,1.14790485785397,0.964688779085465,0.772421219045999,0.56890116623208,0.251510586703281,0.218186633696354,0.438694187216232,1.46386679476988,1.600447483208,1.63087753832074,1.63611286311691,1.61736572739606,1.61834857511362,1.53334335654365,1.53779227419048,1.62812463439757,1.72100982798579,2.02680327070349,1.65400845406873,3.59219427964821,3.79624324394228,4.0110415976273,4.46445510831646,4.66647899234916,4.49364325417113,4.18631540714305,4.40464494137204,5.4551934684046,3.91370530523527,1.67983555805939,0.79363449370921,0.655000783395634,0.685849997078349,0.706677508213225,0.75355435792379,0.738700363717112,0.830017277186749,0.795677747431859,0.657973758693817,0.646227392249365,0.25395090350801,0.284495549637918,0.245230526166232,0.138283469019929,0.230471532901544,0.312819214109822,0.338658470361455,0.421416888021246,0.625594823413308,0.467236809804132,0.366060172160679,0.320143505753378,0.287643502735429,0.324264405741072,0.476041145138659,0.50670830440715,0.516664334968608,0.494615486564881,0.39195985597833,0.351898706302818,0.334654400073878,0.225161180529119,0.159268330987137,0.178104890353021,0.368711405922157,0.304090623002167,0.267830551475247,0.251481082316693,0.242417105345894,0.245480593578335,0.253774903543574,0.261001247751324,0.255521276669845,0.234897318073576,0.199299328472449,0.0885961447469818,0.0758965340639894,0.199387604397559,0.304964372762092,0.461424035683129,0.590914158144911,0.657894210537834,0.681981137845106,0.439881555485857,0.318339151637082,0.20448406265517,0.151401483401197,0.153148385757906,0.160577671543363,0.119669905892018,NA
0.197100122434648,0.206560752787717,1.73053210401697,2.93509217473751,3.90813628597374,3.65950102891385,3.91538953050492,4.12448473608241,4.32283206408756,4.50843544398237,4.45477622229574,4.38652284921369,4.16693890632316,2.59178646968525,0.41850386825513,0.226959508390574,0.27144998808931,0.274917474044907,0.266130464828713,0.206393343461213,0.203102582678685,0.29717189398273,0.370365805707289,0.502230071313919,0.784616061864116,0.941359181903606,0.917475047440024,0.899920531855812,0.957505419015317,0.93905033900926,0.898185977783725,0.812326034464583,0.641827374983581,0.459648383581829,0.234659653369603,0.204916584564983,0.272931049084398,0.223475426033301,0.186501008958611,0.222082805618918,0.257503708973045,0.250101535498846,0.257460883010384,0.193648785640002,0.190085054841252,0.158670825076605,0.391065271311306,0.715907697569772,1.15158527765054,2.12347773324167,1.8374989168532,1.91407975310415,2.18356247224174,2.41123256529216,2.36744397315536,2.50076675469055,2.55848393799609,3.41840520421636,2.33230185828095,0.821982693969515,0.714374383162754,0.643377662615545,0.587436784168414,0.475324652412563,0.485662502623347,0.455301690953612,0.487879213540326,0.465644672576452,0.341170665324362,0.307947197585428,0.227475208542969,0.236797751996723,0.215002597297533,0.172364462137555,0.157586652858184,0.198412849844151,0.211480058832682,0.262180083840868,0.314181994882447,0.275725651588466,0.24183132775053,0.294847424973751,0.306466673456425,0.308721423626109,0.338835023939211,0.336231868658201,0.36277271721194,0.34912772223592,0.288523573563271,0.269117042611278,0.241374582973347,0.173600847922789,0.160741955684281,0.157440866293096,1.66442452335656,1.64255235277546,1.748298563485,1.78041801785057,1.72263008441408,1.65229373662227,1.66251177719752,1.73527035347506,1.90022476095057,1.81299110141807,1.67349092075457,0.266614231472665,0.177705750163676,0.163965454544536,0.197920136491221,0.173976586007536,0.188299598443941,0.3053635193958,0.447460008973563,0.624197194252223,0.701338336146754,0.478756318163782,0.250675740291075,0.11034036074863,0.0371405832093204,0.0391207277737958,NA
0.246726863507713,0.220597241428244,1.68875026793707,2.60888016901145,3.68571298049117,3.5384391220426,3.58368394920032,3.85460220400913,4.2211998727607,4.40645369131906,4.34963753165059,4.31626128005653,4.16568596822559,2.7946518421487,0.528040396078165,0.272169153784463,0.255357579138192,0.230162936385338,0.223615937705038,0.206905246707442,0.312251477588879,0.437320220801136,0.56993557763908,0.587692926532741,0.979886532639035,1.18072541067807,1.17008418243646,1.24825402288327,1.31062236702252,1.2246242542402,1.12521792765603,0.951401376145681,0.721707671542473,0.588088001642894,0.352664347366144,0.46294674228876,0.609220445631682,0.531648222946994,0.794671070535882,0.833819202581586,0.848201056978452,0.79467733503692,0.875003554405893,1.03505008802588,0.979963428899355,0.870723021501073,0.671929477994358,0.922141985029143,1.24873376928094,1.34314106490726,1.32740459466794,1.2971537867363,1.25978448324826,1.21445683284384,1.33515000518767,1.75508355863499,1.9685780454457,2.28308357959495,1.68532063109233,0.765339367785863,0.534135173172674,0.664524461993044,0.645592191032583,0.514794655386598,0.505539040132244,0.511133616231403,0.495501767764998,0.481307141238935,0.349673554529042,0.252377940359991,0.26425121922421,0.258943081068745,0.192815482647068,0.136671956358771,0.208765983726422,0.248676249337027,0.312107279658903,0.660879903214551,0.941008903229427,0.774174836992658,0.742409158149574,0.543662354486281,0.500219727269672,0.481799328215512,0.572345579780038,0.566860851865585,0.569178755013528,0.547895151160121,0.473613609987694,0.281496841934203,0.169956356265918,0.142658380384657,0.133981998123493,0.305746877135608,0.667270807926572,0.967024556510855,1.02659852483046,1.07261371124288,1.10402671387342,1.00935466686287,0.990864260777789,1.03701018844455,1.01018332669262,1.0331348321806,0.868485313365883,0.531630991115323,0.25887463822534,0.200517874347363,0.241710804883287,0.239555389405068,0.256142289417649,0.244126252846866,0.222069251113061,0.16287031718222,NA,NA,NA,NA,NA,NA,NA
NA,1.16086371536813,2.12016241150692,2.10434779903769,2.97443661264406,2.85085339522069,2.99730498166468,2.21964903242996,2.33647355414682,2.41920077899698,2.35849045747534,2.29291521294266,2.27932242491925,1.41133521332588,0.250100792256754,0.120533884214502,0.12885757396873,0.117518532830172,0.151575969142526,0.273558234758702,0.358793774893125,0.398581379041637,0.526903423394082,0.573394218502838,0.673705849165959,0.764840361498473,0.785186617432903,0.806503327330828,0.805153299712285,0.730245240455078,0.644585771588268,0.536543105688956,0.462459723158246,0.354504713750143,0.192734587248701,0.191441339141365,0.269137027275549,0.285037875971998,0.501436579841082,0.489700213148557,0.487346530181592,0.489374473129389,0.513700586099817,0.494361423490867,0.486130973372923,0.497835123920987,0.317967769981584,0.407946203282398,0.574932861906161,0.585403117511559,0.586253070637186,0.544744774277651,0.550107919718546,0.571655718182703,0.597520575730646,0.814480997743105,1.05713659499242,1.23264581047442,0.915302883315791,0.500996825565795,0.333448527938549,0.301529909501162,0.287793736388227,0.286340595965973,0.29021215867575,0.243888785563263,0.227108327993651,0.149686649906196,0.130723593832944,0.137691372248115,0.0674463647614969,0.0734791332758754,0.0668407712576686,0.0661742344434653,0.0737935896981924,0.105522253247604,0.111815826454639,0.171321972079251,0.266693386994419,0.172023235105566,0.144138814262364,0.134916501458011,0.138801070112249,0.128347389889417,0.118918803981468,0.115214609519526,0.123021161914114,0.111351412895608,0.066815776272145,0.0515658574884272,0.0638111828876127,0.114521883524972,0.255047054957441,0.275792568150021,0.861277304436652,4.09962603344129,4.29177048408143,4.94716684557456,5.84693655978985,5.75727613024244,NA,4.64371648290285,3.73223737460573,4.8570266027072,5.52203769691915,4.46234266004207,3.58337691837461,2.37861615567332,0.160925034647573,0.0908566768551187,0.0673798209174618,0.0506571442129848,0.0404716713824484,0.0241192589694402,0.0209933958162405,0.0111579971561506,NA,NA,NA,NA,NA
0.498558305139605,0.444167705220261,1.62275417474809,2.09359669319702,2.53953010814798,2.47296950110142,2.15430625815643,2.15774661497413,2.32807670305294,2.42816957479979,2.39016268760748,2.32601769348471,2.22283756561917,1.51103262380297,0.200248649740255,0.144604839514972,0.148057357820306,0.145598650484941,0.178098288741559,0.358688802200086,0.611328184607516,0.627660224332024,0.644456316865753,0.572467887749618,0.570291817664249,0.591536590846483,0.669500974267448,0.709950814010857,0.681385006836777,0.578605110851406,0.533285486149975,0.36413842237066,0.218544986885135,0.269835351736239,0.301286527027326,0.265095694294911,0.137126108770089,0.0934723306195658,0.086812455224932,0.0883956308842149,0.0893393659734041,0.101032528029669,0.0988857195189525,0.0541270254107668,0.0519023749284491,0.0581288995776839,0.224073222772046,0.456422398680149,0.568067978389739,0.596781121643691,0.658672281238861,0.639098890260559,0.651624939437021,0.644011465759041,0.676855062169123,0.798607740787732,0.826555314041913,0.942915045805455,0.580556482057871,0.293528101966515,0.22394177871748,0.203719735459706,0.182252831386291,0.181358188068434,0.178864056108751,0.138436036070183,0.11716812629119,0.103189931532919,0.105756980102438,0.0965874718931239,0.100371966589597,0.0966907775608624,0.0838153911064112,0.0719041054419043,0.0623283552573656,0.0865038372110683,0.0938091194646829,0.109158979872918,0.171963157966218,0.12037926119991,0.0950459346626336,0.0936458660350701,0.0895350576602366,0.123981794548109,0.16548881499217,0.173532830082855,0.173755148663907,0.170689341958968,0.141518982461131,0.142536836675583,0.144857221062972,0.114367238874085,0.524092883976347,1.16915599364143,1.7913003156458,2.77024678620467,3.68640599907263,4.62805201427809,5.90279442446716,5.59672724761094,4.07232376448645,4.3098778662463,4.64858962914013,5.56365396397014,5.97059966421266,6.46056870067452,4.27422995117716,2.54380914207254,0.144476867911174,0.152591602864068,0.186215524169664,0.202442271928632,0.317062875487751,0.717426624380566,1.13024968174457,0.973300631333369,0.810156026610466,0.582589640222162,0.430359575313824,0.291960498179697,NA
0.0592776676225981,0.124240734135345,1.72484816478887,3.39097536904828,4.22407071834511,4.02133064168468,4.31399845990238,4.66528408625322,4.90259307198236,4.94647469140389,4.93265916442267,4.89184781219728,4.72406849223878,3.01934264975634,0.64643341270513,0.36916825301499,0.299091861785561,0.256179131392644,0.195245286303114,0.160777794772832,0.221762300843861,0.231002807991614,0.358366251658863,0.413124428262136,0.454524568462591,0.517806180058999,0.495270949359977,0.474921876618955,0.515378844008915,0.629612057441195,0.603692920320929,0.456551093802133,0.39767626331894,0.523471267232252,0.468834851569199,0.424895222053247,0.881867366848642,0.882363143600825,1.26942743088648,1.16460808355971,1.13720896798022,1.12071708715052,1.11372805038933,1.078751188453,1.06692403528766,1.04237363498164,0.940257885104487,1.06910857567258,1.2712162686081,1.26058841894209,1.59709939080495,1.46476432873932,1.4045426710661,1.38435062632023,1.41677713330123,1.60095730848049,2.0420027307041,2.11420840868053,1.68403051990619,1.14048409920329,1.18450462275029,0.962000495682699,0.962904450056311,1.03463739768359,1.03834627131511,0.837813155212532,0.870254285441961,0.646469186306603,0.565644216539974,0.619994240269635,0.53037278158696,0.356649561525234,0.260362503633205,0.249558039282832,0.319878273073848,0.398498844962073,0.475482962341038,0.696745362956002,0.785217468700641,0.42160371231166,0.522994177137432,0.336090533250931,0.26551115473499,0.236825575075578,0.228518062333289,0.271350448231274,0.315292755663603,0.291818790461113,0.270132465706853,0.239429439967091,0.186252729811771,0.177791230426211,0.190739850899175,0.301162385088107,0.529255642917604,0.634762148855517,0.678705805409684,0.66623970383652,0.579929272926802,0.495211500531657,NA,0.54773496709733,0.63111874830773,0.665496630987357,0.744338126653332,0.679519660649941,0.248252353960065,0.20883392874008,0.254894409284932,0.315320004434049,0.280032180555645,0.238214663258673,0.206662294783878,0.364729141646397,0.538876372644093,0.518152671875607,0.520217746147821,0.470003818833064,0.361250249529846,0.368243824281143,NA
0.272378543443663,0.287295249746163,0.359663839673223,1.19536804706554,1.35153391721598,1.30234812136349,1.12225396059077,1.15337016099302,1.13309392215948,1.11802295928779,1.15072259668275,1.18411276478196,1.26484820405389,1.08253836610544,0.334271661850752,0.307530238172265,0.270183056377162,0.252102346987723,0.242405803351122,0.235648028296865,0.267942195958145,0.292058081594527,0.363677184700811,0.359664906520736,0.456772805571826,0.513098612652911,0.570914430337012,0.635650263987232,0.72206305744572,0.757666801216586,0.753546195056849,0.526856684583993,0.340817587453897,0.296115908945231,0.202974385276773,0.12242570286556,0.170345667880751,0.15156602377811,0.148346516261216,0.148618011530058,0.133386099766947,0.118076687177579,0.121520303575715,0.151167566637732,0.156194395055933,0.143235129301132,0.176466217332108,0.123971970230581,0.561185595078407,0.583816795821403,0.617005332378643,0.629099470660137,0.615507673444419,0.612943095036005,0.61090887663032,0.752921513142447,0.950723183304022,0.960858533479426,0.965157921658919,0.418609932439052,0.463494674151374,0.515842521201184,0.570194152428852,0.597641587657425,0.647631917859486,0.55870934041143,0.521650658222832,0.425953991391076,0.402096931218366,0.393031477331891,0.205932940880087,0.167743626805473,0.10684288199307,0.0939093065123552,0.104532392875636,0.143866901385355,0.149624541707594,0.129721635760188,0.132242942366907,0.0947523513048741,0.112440472231756,0.0765372581400191,0.0793316467679525,0.0787229053977833,0.0850323535562857,0.0733705697277596,0.0544268109876188,0.0541433629031244,0.0626337131197561,0.068707302405422,0.0888662081664154,0.0802705583060614,0.113820994326646,2.51057869570971,3.83083132208405,7.18125510723198,6.86991479147395,6.61819834764607,6.5164834654365,6.48613333987686,NA,NA,6.83229866558821,6.84884480440077,6.72998873066741,6.51674795849224,5.06145766804993,2.19009460062484,0.0637436364658146,0.0693359305221045,0.0930248447929706,0.10516333327235,0.198006178385423,0.480679793520943,0.846461400751439,0.962972511418943,0.710454246367786,0.441427792469977,0.239117789961231,0.158121873101766,0.161373138216783
0.371422885564186,0.342881296834853,0.553218316292541,1.79640210823516,1.95217634542394,1.99995559238232,1.87873194396108,1.90994150076284,1.92823099291053,1.97001784080363,2.08890405275315,2.29742767194257,2.4834908341399,2.03326431580888,1.09042699290021,1.11156044352732,0.91373169664219,0.734018634856377,0.571505060233239,0.51493038321827,0.624154708830281,0.736076478465593,0.836550652532477,0.736011693743707,1.06169218512642,1.8425361890449,1.82467588844619,1.96249315892072,2.03182852075907,1.97231645056167,1.83146743816737,1.44216396086051,1.03618027857248,1.04618353537871,0.799445464809755,0.468701142619618,0.288717863280421,0.336890171375501,0.298465996901462,0.264536076483968,0.232857134212745,0.228292074804146,0.26303727723053,0.457481150219341,0.606102784557332,0.631454415305288,0.687192674576652,0.503917670836249,1.21603012167142,1.46813775760286,1.60983274449364,1.67348061457986,1.74586976985201,1.73674371186459,1.57542477541235,2.07029247228951,2.72088767575727,2.75184766819338,2.84049522343714,1.32815874382746,1.30802587498398,1.27049008798813,1.41746155019341,1.48361141547433,1.45867632267055,1.02207330355874,0.942961250807074,0.691835209294777,0.678665666802873,0.707391239541723,0.597717081610121,0.486606042480961,0.330443583529647,0.268143798222465,0.350560141507026,0.575642702417211,0.640816129343217,0.711308819411303,0.713260344604887,0.52466842728545,0.501317931787911,0.330054855151878,0.299120885890253,0.289545610750091,0.320877184250383,0.282510967296627,0.165000670971851,0.172822214326709,0.166152320999071,0.129603319615148,0.106380924368434,0.141828754763799,0.291702631728209,0.309480969056076,0.482524689315488,0.550820173354466,0.520324666088151,0.550737214305109,0.571756290810315,0.59855485291414,0.493083110576568,0.430288218118872,0.39675863019504,0.334782794485919,0.244476818818979,0.164156690708302,0.145166314929573,0.143897876644387,0.121512287273696,0.108343640589393,0.159510664781254,0.186537782126349,0.891783354678606,1.93609737435183,3.04148341515359,4.10967813636514,3.16449498261565,2.17708773094841,1.4730108529148,1.00680195555153,0.978708023902343
0.266822876113159,0.376486238727315,0.598572890199468,1.5632444801447,1.48495746084816,1.4171500736865,1.42859728472984,1.4432244661123,1.46190167823847,1.4909821516033,1.67066605005681,1.7470145590764,1.74921973950603,1.36142269735532,0.63275748544304,0.627896257321921,0.620055964724046,0.683682668714636,0.700023324902503,0.592809993039625,0.576908778283568,0.301001816618241,0.408593445133766,0.492575859249449,0.676501456080054,0.813656933754619,0.822088931820658,0.876835287054985,0.873648599561552,0.884744120762408,0.819302925731995,0.602981367255874,0.470960669178151,0.461220332667888,0.508485625220866,0.346748092607341,0.702799486066619,0.634911445730782,0.759131466300068,0.814281307599811,0.73735185260691,0.637574849632699,0.610205336200505,0.798664840158011,0.838792162855314,0.859682666178863,0.641934075725342,0.639293921455786,1.02194763763334,1.0984542807782,1.12308007176309,1.04880040108102,1.12593129266059,1.11220731818033,1.04078177003309,1.18739148313831,1.56988596041719,1.55511913640813,1.49615148276794,1.00165871521447,1.01194554487564,1.12080016763927,1.45996598252068,1.4820915752403,1.32383696678238,0.991348989079555,0.757645509923146,0.508040742582556,0.692661027115688,1.07694354166027,1.24498239240804,1.22801983321954,1.25062200289368,1.15996410642171,1.06049062576357,0.998950384536071,1.00589022909273,0.971808729280026,1.25599579126725,1.11995427771712,0.860552456618041,0.856156458183125,0.883931133587821,0.843794639988867,0.808710778229844,0.801729880265614,0.619227601049169,0.592622096068651,0.505706457243594,0.402170702573999,0.374795691894397,0.365908597981284,0.226518630416301,0.266970883303948,0.416545042973124,1.37950179877018,2.56648829374096,2.73608879333828,2.8355254044876,2.73410052374986,NA,2.38003441685284,2.40123181526725,2.72834558960725,2.91356539411425,2.97940502105184,3.09735706247493,2.27107823531855,0.333399450524176,0.22665361706937,0.239355367442809,0.311355961887568,0.265025979220868,0.22642461175245,0.252806623276092,0.337914374764517,0.295119506365041,0.292609190528991,0.297125699838496,0.224034367715164,0.218377888332278
0.0915832947389371,0.085342514260757,0.15806736449335,2.12402663801962,2.29104070508918,2.23306820378637,2.33597163153129,2.36784995704266,2.3862728932225,2.42626251675081,2.43426356525991,2.48003298089129,2.58560937224175,2.13127132017419,0.644047776968361,0.606431519323022,0.563271175964329,0.545273261497321,0.497003240189382,0.48233122637486,0.431194968245518,0.466011782821478,0.611180391088768,0.618102714506055,0.88391191577958,1.08990112427743,1.10364319142353,1.30249056258929,1.44463001359287,1.40623025708941,1.31763055271305,1.05214248318581,0.746754302061246,0.776530450653061,0.524391773880145,0.229367394918671,0.190661906636315,0.188514787146092,0.159291961611512,0.117548672070606,0.0879491780375208,0.0758338971003475,0.0923016472009482,0.141010081392537,0.196957763661963,0.209484806628098,0.318176880229626,0.354227952763312,1.41871240427995,1.4326369837603,1.34643987056632,1.30635105502304,1.28401618778403,NA,1.21600576996629,1.47590073766965,1.68695931412293,1.71243294339249,1.67878418887157,1.18089767157607,1.03890359704897,1.0723475196763,1.29517371379372,1.33749672039627,1.18457632278521,0.811979702420596,0.737621483963757,0.501448875984169,0.413986184439356,0.39426132533252,0.246167266718083,0.189349780601509,0.12809356126391,0.0933971163964997,0.184811292349791,0.247030731523121,0.248472686193115,0.267483440457558,0.387950114030155,0.409122876050793,0.369776843814541,0.334868245954951,0.351913916245692,0.347228822679884,0.322867139975208,0.266994697937593,0.18401211561101,0.15880800377349,0.135407687144293,0.111440669676779,0.117008552258876,0.169260009708086,0.207096827715498,0.280807205837834,0.564260586970149,2.81254973507045,3.00372297790226,3.06000549672612,2.94271875290989,2.82265350841993,2.66488376889115,2.67556314981468,2.65123530694276,2.72244125433483,2.64541739986236,2.03114322398629,0.996106302648612,0.235315909399688,0.182460834002952,0.234457176880428,0.335639805820953,0.643167947836371,1.20453987640369,2.01313352893191,2.2897449819618,2.07001874214792,1.39936267414779,0.703727708436617,0.405575871620185,0.391294976199839,0.407461753833915
0.17958874439596,0.221253886501212,0.375991361553833,2.53846228880502,2.72572940701941,2.66793492569756,2.96577106939685,3.10701845077618,3.18565655588898,3.25555571052836,3.32917734664046,3.47079818187062,3.69585260057227,3.14681622664391,1.57928790122152,1.20406839419728,1.10912667465644,0.818344360352734,0.614113109855211,0.49992480742863,0.53460199107185,0.542968783793328,0.704438812804451,0.731212576944817,1.05037901085995,1.36403124105198,1.43944980904618,1.64568779132859,1.79387501380102,1.74070018284376,1.57501934949056,1.25049426892273,0.83751020197377,0.820906763294001,0.492415648679136,0.175848502207697,0.184422636125018,0.193618716192673,0.176483972587582,0.0851613928124827,0.0794649722593904,0.0783704982618722,0.0815116502231022,0.0933187208294392,0.269559403279989,0.347675407950563,0.511203380493961,0.406042143988709,1.42382999653844,1.4123026447641,1.32621378857655,1.29516565602993,1.31137493319667,NA,1.29716028273821,1.4697011379964,1.47487812808875,1.41470102105073,1.3789207397259,1.11329143547151,0.873272647081085,0.851452131476748,0.970061672926793,1.01586542654086,1.00938160812084,0.840539525412819,0.838284455059543,0.612552884495789,0.757547913457079,0.752233099707374,0.466727678318618,0.433000067974655,0.300515472925962,0.177484049853206,0.237020101487435,0.373999994389843,0.430774453139751,0.462230671859091,0.521380361863534,0.522869032723667,0.539506547816629,0.420511506084999,0.450269602641948,0.405671771578896,0.403641030736284,0.406448620888835,0.241110789350092,0.259884529958676,0.293462188360192,0.214390262100584,0.187969415618338,0.230398531856795,0.277571444658352,0.409986151548458,0.706264424025218,0.804466974341769,1.60913436904792,1.64178534253991,1.61588793357645,1.53515940295379,1.54385798032627,1.55664816811127,1.5314029083344,1.49368205853672,1.35364829958377,0.983830599208554,0.63498938998219,0.291242988722251,0.258236554293114,0.458100551418319,0.996795190562635,1.03143103202824,0.949743260397362,0.854730315629591,0.680548920153243,0.466013082915014,NA,NA,NA,NA,NA
0.43448593133803,0.387556286646006,0.494817086922885,2.78425978741383,3.04057096596323,3.01562114571915,2.7425388220151,2.77404603225649,2.75828786622199,2.81298861612175,2.77446589076717,2.8042380850682,3.04976766581476,2.57334093047455,0.658839641855935,0.636640867618147,0.597975641726342,0.598232264301047,0.613857484972227,0.594220262352933,0.591409814238886,0.662611159681533,1.06854746544772,1.19409436895073,1.2770327768942,1.70523226601541,1.8258207322314,2.01695106704651,2.07761769399364,2.05582524600904,2.00915610835094,1.40130685844007,0.855589327560152,0.838270670313001,0.578640344487053,0.264821091782565,0.265383509155141,0.250971014521288,0.276874766550642,0.227661832660051,0.144210863085943,0.150163271458056,0.172087624324578,0.21654108363597,0.2298506016548,0.345471427751197,0.542458161431335,0.524094388077371,2.37859691362023,2.50582575346733,2.0876732707751,2.09113427795748,1.9845518401299,NA,1.71327811328171,1.69615144019396,1.56460544175444,1.41155220560742,1.47206499142705,0.982225683542407,0.638739509838665,0.767532052639478,0.843459009323962,0.842030716854751,0.82581281774677,0.911057936494178,1.00004803843534,0.661708117214718,0.716902022334289,0.702304603286794,0.555569164717951,0.63532007845734,0.497066140129442,0.385801635650298,0.460833272815961,0.596304142087682,0.549961365046742,0.474519472884027,0.491948412066255,0.498363529769146,0.440207788440967,0.307788176168996,0.351394414467662,0.307523022242045,0.372230731288228,0.371924757826211,0.176463579958236,0.233499548789618,0.289240495437832,0.244527898977002,0.369390283388326,0.550204738655173,0.551371546869831,0.607451480405286,1.30256121917531,1.77545763929736,1.74597683050325,1.74483268501494,1.75547916025233,1.74464279861875,1.56040322005102,1.49116225800051,1.4718119876403,1.54379912788261,1.39854898132708,0.299753159622975,0.140915807809407,0.182136685266373,0.221032555492147,0.335859608397819,0.44937242361448,0.511928457902173,0.370651568075965,0.297085949398376,0.157983299811687,0.128488996857084,0.100926809653744,0.099576448040482,0.0811326236339103,0.0568724548747152,NA
0.149784156907629,0.201257579172106,0.268291856969,1.89669060999714,1.82965323474833,1.72305196874308,1.65426310034402,1.50844307083172,1.52644744641683,1.5590833881186,1.66133574688925,1.65480640285945,1.72196878387433,1.35058055676291,0.511730249174513,0.335918658718168,0.302792122692574,0.309659190412117,0.255080444413415,0.250693309290702,0.236228271434764,0.223656634900532,0.386166068862781,0.544784218948513,0.838893562826844,1.03465791446618,1.01115823212796,1.07768520525207,1.1142622252476,1.07995882159552,1.00164601759993,0.698546587906382,0.534027516759854,0.580700122443153,0.397684138416997,0.199252163926174,0.357936536401922,0.354410709765222,0.436214111187892,0.330802519454901,0.259122751881338,0.242690116109204,0.260435135082547,0.327334069828129,0.443479186962409,0.440292893675039,0.567500897090649,0.31177845777963,0.479488604285076,0.499056739219287,0.425919621493697,0.394390195501241,0.417089747057166,NA,0.401562705292737,0.577497786472716,0.667753657910463,0.727728563697141,0.694085103564618,0.479005557032781,0.484956530098127,0.55442467384293,0.61764423688076,0.656207564263544,0.681013407900285,0.559940338280586,0.573209644755194,0.439059714563417,0.367091891639935,0.371294393269485,0.300275861534429,0.269457097967217,0.244995653858106,0.221444796774087,0.268394745513761,0.329104405873966,0.302145066644378,0.308599273259545,0.39079727443976,0.332512392412256,0.37315355002737,0.282079852386465,0.269419702681263,0.209746122200686,0.208973091708284,0.188447734080292,0.118568718013126,0.129526657499362,0.147549592439027,0.153187765502445,0.214321351282891,0.27022352345155,0.273590988447843,0.473694662501899,0.853404884159818,1.0215732151322,1.10031212030487,1.0584414132222,1.14399723654246,1.13195811138443,1.13478330054494,1.12277116058644,1.10712440707506,1.10884853935248,0.848106844443574,0.312879242290934,0.288708368187661,0.130566033708894,0.133243036704355,0.213753773907487,0.296897883382622,0.738386668262258,2.91994978562268,6.63167602649727,10.6368453843023,12.0297863402534,7.97749406244667,6.12807921588814,2.46626736959015,2.55411193747088,1.59856611594465
0.337291663432769,0.303671158236934,0.425239124940017,1.88373429479779,2.22461315552271,2.1412481568978,2.04892009713722,2.09750485230824,2.09134439446223,2.10207506114352,2.18753434350272,2.2876698011782,2.4732606674245,2.19786797325309,0.699813157015874,0.557155758126988,0.50782322066279,0.427622695375781,0.332796218739498,0.321055280498979,0.38477668393687,0.426877796154228,0.577772809083624,0.5580107091373,0.764222088895992,0.927844382705408,1.02008920086994,1.1712857556895,1.28697013888879,1.27406126509439,1.21435332452996,0.912565100590741,0.588266417297913,0.640655322406435,0.469794053539115,0.411768167751829,0.641803971416458,1.61838843851839,1.78378572612969,1.72009845108245,1.65677152612409,1.65438265875832,1.70005297352166,1.75127678294096,1.85523931133208,1.84642449288128,1.82055599599742,1.02366419402602,1.29559781343159,1.19157592295355,1.01917729348407,0.930959067141289,0.880415571816543,NA,1.05436597667272,1.34582002644173,1.55042965896441,1.62983634224754,1.58941169892501,1.36532619781383,1.04311727748601,1.06342320571035,1.07790718924734,1.13224989761673,1.18478091287429,0.812687806950901,0.604966026076444,0.487972295204812,0.462671146751881,0.450733023315882,0.253471748268222,0.219334315110818,0.126231761144705,0.0638395376022975,0.104436161642595,0.1988991378753,0.227721331408122,0.222087428088942,0.270558162471751,0.321599177078674,0.308320117647726,0.257155155253893,0.268601448566657,0.244734589464717,0.288380427185645,0.235500017637211,0.114901900161153,0.153023890039549,0.175291731830821,0.180181846590098,0.182480015401099,0.27172974007519,0.33214539722486,0.296851209594838,1.22338958540274,1.41339115017977,2.06648151191387,2.32814033708752,2.5272344670165,2.3965638031042,2.35069839766097,2.43486966018566,2.27223566403695,2.00460028825499,1.95360318344364,1.07366637913581,1.11142792814897,1.051752882252,0.857255022688291,0.340496733300634,0.381186917672528,0.328015057306218,0.416492170443514,0.737261682443524,0.939190992866458,0.962540722070656,0.721972327236667,0.553025080448415,0.374081132628244,0.205172423715053,0.134355086905888
0.163554283646057,0.164387759794039,0.169001952960949,1.75219373342136,1.9292151669862,1.84240448344339,1.8216600269813,1.87634536223689,1.87279254012602,2.02203070202493,2.09228681203634,2.0824126901007,2.22941612960028,2.04269718419658,0.760138646510552,0.572568547286133,0.510944978771854,0.473436240974705,0.427733732910862,0.397355056134927,0.477895908969287,0.465588244923121,0.756263237126274,0.84506256185624,0.944693933979412,1.0179212054746,0.926288510918249,0.925027942920472,0.991013499536109,0.985227563307202,0.943288554088014,0.732249309948001,0.511496540778535,0.587828451859948,0.475760147784566,0.568900201617436,0.621082566245079,1.65716530458054,1.85843470832773,1.72976131645271,1.70691298280716,1.7078191223216,1.70356901093151,1.73323001935928,1.92290409335255,1.98576380431913,1.75403388217694,1.01977743653808,1.14450147216626,1.04437306193526,0.928782639052948,0.864114213582322,0.850029228951493,NA,0.955706441617811,1.15337692379162,1.37332924593651,1.4279603154098,1.41112863289532,1.17724269379111,1.01752565559984,1.12283702782267,1.17212342225715,1.2392458248264,1.26179740504584,0.932200568042089,0.903568088489408,0.816783663754151,0.992198866263434,0.980031100159498,0.656090204179402,0.585550219803592,0.487318583679936,0.382252425954957,0.443865966162992,0.608138212499033,0.620726373923916,0.506370051487445,0.432721285512757,0.388866729122698,0.334925727006248,0.262309217178614,0.301856504813759,0.316922218646039,0.33658547694203,0.304151652832435,0.163994145486369,0.173715368895529,0.22574598067582,0.168254297521653,0.31578099569341,0.561064392686206,0.567898381416893,0.450060463412387,1.17856884360588,1.93402488518115,2.03858038358143,2.04506498877606,2.03566436321442,2.01786170544671,2.01616903543116,2.06344488390229,2.0895609999015,2.04472370130539,2.03840427996197,0.692370723858159,0.548706413439668,0.254245957342427,0.234734312091417,0.252289011148038,0.18151712181062,0.169914217249019,0.139182780866412,0.627203362988174,1.02962747458337,1.2623842498835,1.12365373438305,0.899710115387457,0.719743297570497,0.585962994192296,0.65512870332903
0.0691927903626807,0.0666995093867081,0.364043635337071,3.04001268818897,3.01791925557651,2.89354582890518,2.86866196154443,2.93164523177196,3.01552166723463,3.03652282532264,3.06759444928473,3.0456089742166,3.40598845832326,2.84965820858714,0.722564731727803,0.754548897866082,0.745295433384456,0.760406671796312,0.724791046148534,0.737622279780456,0.919353881529911,0.882925133471587,0.869115223823608,0.712042359029446,1.13508257289616,1.54952879527794,1.67442302155418,1.99948923836753,2.22736836994304,2.18575153784906,2.02586165073453,1.55324077481841,1.19163767512887,1.31004903453092,1.01448620436679,0.347769956928772,0.29923078367662,0.185364306515664,0.158003017395545,0.121656405073566,0.081313780381091,0.082036283642991,0.0819626711987306,0.0844034291150253,0.106950306855975,0.130054077535789,0.586587136934591,0.737875620222239,2.04561222221605,1.95648231804609,1.76147247058558,1.66337467368909,1.59926225376645,NA,1.69619358671014,2.11115679341177,1.94221618072032,1.94909910304698,2.08206780110828,1.27070034256845,0.460496529403139,0.486283490180068,0.446259465200939,0.407027158208792,0.402290818235963,0.409052531196235,0.446380835149651,0.45499572129152,0.427603496464742,0.285971606054487,0.321160652100798,0.362347397794915,0.287049760242191,0.169793738623988,0.24280369572918,0.32747203890227,0.420220620627632,0.469087135892234,0.524182544690187,0.463347469092314,0.333519108638293,0.254847549366588,0.250021782961957,0.256975742505715,0.320894427968802,0.354007443917399,0.345216126442538,0.322146913633689,0.296114151155234,0.245033901059275,0.185717878516683,0.153548575567071,0.137184532577474,0.332550467792868,0.325549809719769,0.938540968072958,0.886631170034054,0.884473823350062,0.788073350414735,0.660888189278949,0.648705914418022,0.745929447216574,0.767683254144588,0.806289013553288,0.800966531344059,0.743755042255165,0.209514429033606,0.191783419625856,0.165856500098661,0.238820386052962,0.473546535761147,0.58536555804211,0.951636657203802,2.02000185594355,3.2216502342921,2.58578719697036,1.92522463452597,1.52094488497043,1.03860597317369,0.823124373904743,NA
0.0469559445672171,0.109836839452855,0.297714361830792,0.314632185897843,0.329871652462301,0.329445578212795,0.341482710058754,0.332025393319223,0.375878310969528,0.374417689566771,0.406140679681385,0.441860411243534,0.488313916139811,0.289325489279439,0.27239682111128,0.281902164717059,0.207093419995125,0.187823570362956,0.183927590415805,0.258248644202692,0.416302908443651,0.452592891669967,0.438706379002639,0.411835034277645,0.492659427718235,1.9411403684439,2.11069623538567,2.22013087498967,2.24917926280652,2.22110303124654,2.18039089710105,NA,1.72276951150472,1.34269697779481,1.16060563282532,1.26837795514706,1.35725745572467,1.76424522130144,1.82554438464264,1.73434468236678,1.69665799214291,1.69467320910209,1.68794199931729,1.73727081338687,1.69580690953517,1.62697604406777,1.6531221086103,0.808466100710944,0.671817415404334,0.56415734796431,0.422735597770911,0.340676286990534,0.322569439585031,0.333102773745908,0.348542058959315,0.432008743733783,0.548863910931393,0.479932097454284,1.59469405491051,1.83411518311384,1.89247576175673,1.83646685680682,1.87101904077802,2.02259498251009,2.07787082812791,1.96122382969237,1.83677922554456,1.78221095680643,1.76306744844107,0.291010920755799,0.351960510939532,0.39194488663707,0.292132509523344,0.19876288296019,0.250923314697267,0.265838759248777,0.248955091415762,0.324700806982671,0.4482038974566,0.384332918856947,0.310026892004846,0.271786108017994,0.291654249314055,0.213573253357718,0.221819744420483,0.203942234907543,0.253721398890921,0.258301443161411,0.246952170747611,0.213996828739375,0.164995153965971,0.212881436379423,2.1165242535067,2.4520652328332,2.86745978450803,2.92931013801145,2.8719209998288,NA,2.67557163891463,NA,NA,2.52933284746536,2.4758580296477,2.3725470206005,2.28070119809925,2.28976220848765,0.629533766868575,0.334605519494541,0.15189043510966,0.143152804680381,0.0994335611846323,0.0801487548660471,0.418448928001548,1.09430388886637,1.84536735299035,2.18423668292645,1.76727027419496,1.1418029918236,0.889910803291369,0.677098762032477,0.651613184602867
0.342369959206396,0.373883000056415,0.859359375563991,0.845323503693638,0.808793844771473,0.758309032629331,0.767299387199881,0.690437112208633,0.68099958911194,0.703279732314387,0.730617349799924,0.74868080157601,0.647074013691772,0.313279566650882,0.293687076719,0.260170808093046,0.241701280614718,0.206162942000571,0.193457217197133,0.24874990833024,0.280424879386973,0.230394877237159,0.266287039703323,0.239716382760319,0.24460378913288,0.653754079171315,1.89821505834315,2.38337639795937,2.50255894203189,2.69171775085462,2.77983744490205,2.72489258645679,2.62091158056673,2.44871632214795,2.41065840767212,2.41028607395132,1.19020040981912,2.19344283706929,2.46279252948647,2.42668723321628,2.43368366900649,2.41592315519958,2.44541478407757,2.47514330098504,2.46040700687283,2.41397690698129,2.20791655798039,2.06801159062198,0.323189245523029,0.182847755376387,0.152120180948488,0.120259803086741,0.121637689683987,0.133748586551657,0.144394168545241,0.16623398139477,0.19210715736213,0.192509883978168,0.149695718322771,0.14175185847569,0.181545767231456,0.252812778677876,0.296137967971758,0.288686501997835,0.304090101966252,0.38291335865298,0.349940102558475,0.36081000358275,0.37284397211915,0.414320276203597,0.454173022567956,0.368102709608703,0.18887252269684,0.180012525726283,0.206557947171434,0.25729978195322,0.335699852304039,0.65021497076073,1.09272517629153,0.789859374368282,0.686147908872201,0.543640693744522,0.490706022676017,0.319480094355196,0.347592605823719,0.351730062130908,0.393812115355206,0.36343087603367,0.268468522073943,0.144920306442148,0.101506049530272,0.162523637711824,0.317694342767286,2.37828777148494,2.97478408503033,2.97479614553731,2.97953425418466,2.84211216960239,2.77056894985595,NA,NA,2.84517097376054,2.85544300717895,2.63656878474804,2.50492933034044,2.52696143284167,0.505922548708662,0.280500784808088,0.27234880630545,0.212687452961447,0.202317687533661,0.278651221131944,0.555106763120628,1.28846861550841,1.55205301866098,1.45806385906466,1.06936545054127,0.739218291077153,0.521768037762346,0.40769208056644,0.433323401482845
0.275456196820047,0.298792139896288,0.33288189795719,0.450091033331345,0.495975666654907,0.481611598011139,0.385054684490557,0.359133269255522,0.376015733357598,0.385256203280975,0.426536833886126,0.449202285731554,0.693260437088165,0.371246760297833,0.438954526156512,0.471851576840303,0.534082704091865,0.472444371317981,0.471775004868488,0.429726705590793,0.390599305354786,0.386297679741891,0.589559716692706,0.787258642028017,0.541405473649679,0.934830810096354,1.14449921311488,1.3265791886951,1.29530519885771,1.39569436166278,1.60150273530639,1.44689055851379,1.02197113914688,0.994777969441639,0.858191608625942,0.813238158877381,0.65276049841899,0.502074631671433,0.164452252388972,0.0771881186048381,0.0402427931123128,0.0441032860418043,0.0378342797349434,0.0238205793933346,0.0421581943565638,0.114682003211415,0.417159562567287,1.09819299201809,1.23823203800518,1.15699638368213,0.944801960660164,0.740200334026403,0.818272904144716,1.09083398949848,1.3442884454691,1.71105520100155,1.53664881670057,1.57156503215962,1.39595423059735,1.05452226004564,0.677068683733402,0.662015463650049,0.759204547818094,0.828762219771892,1.05424968315836,1.1391184383572,1.17226715939777,1.01855224460837,1.04695224462886,0.538500717769233,0.541644787767617,0.533861224799459,0.513203134804901,0.441569442767489,0.445142611031065,0.340829194965671,0.24664821276936,0.264929798440976,0.388155695681181,0.267006965528465,0.286390267625438,0.275835212665883,0.295142938218054,0.235697549750328,0.252037593433369,0.264787859620322,0.270529721695776,0.245156943355896,0.2116797853163,0.201471003157999,0.157326043639056,0.261426610627931,0.499881453332965,0.657064961717781,1.4395571153747,4.41309097711419,4.2085812587301,4.07440313706633,4.12767267336971,4.23030783069018,3.981818398658,3.65866570605008,3.53926280712153,3.72785080750674,3.80276991651034,1.42957691602462,0.0957053885398905,0.0936108884939392,0.0964190785550394,0.091653702405373,0.0730819755914215,0.169906914992119,0.572860627797509,1.84958754409686,3.26767913988467,4.15968284645186,3.39102046034874,2.16474104763508,1.50546549771565,0.950979627902189,0.943945123524635
0.198675551315111,0.276167578346386,0.852388518823242,1.02338939281732,0.98693727256008,1.06465398609637,0.916921967674592,0.942817983800897,0.949242751918282,0.938205559628832,0.992314122351324,1.13816719522069,1.56862128036884,0.633337592300209,0.944715967991248,0.957088615367068,1.18311400120982,1.15134069173465,1.1952025325581,1.1836879329426,0.836500656255043,0.621490327973266,0.839635007882937,1.2149421473128,1.03487941466103,0.990343817545762,0.884892569858702,0.990961341178142,0.932525154778194,0.971564397077426,0.985806138494505,0.912938023907567,0.822481299634087,0.512694499196807,0.488845903285847,0.594432529728696,0.51243682823232,0.527808064315919,0.241620720355698,0.250878215347773,0.251289025844102,0.319324779174779,0.329942920211831,0.244017340772861,0.210649263134244,0.340928143690753,0.387008333107856,0.347542442290441,0.322525253198861,0.375075963706365,0.477298936864836,0.484356904531082,0.450496368126079,0.417361828399857,0.422440420091386,0.455577901099936,0.681068007725842,0.677918414389425,0.610641470358052,0.886927539867366,1.06042511078647,0.784801055999194,0.899309897361184,0.919984460647323,1.08018482594081,1.02707576896552,1.06280604708516,1.46366322421868,3.02016426845981,3.07116416046128,3.12326123424033,3.04865477540732,2.67391745810299,2.4517569314161,2.58507382788348,2.71248958409183,2.08256525699449,1.74311526323036,3.15708531015912,2.03045677451756,1.58383274828851,1.21755937600245,1.23553312151354,1.20250921775667,1.2263747102107,1.28763054838323,1.31698783148621,1.16901327313574,0.936028422808377,0.458629955905803,0.309956547379739,0.245566343860164,0.257354164392918,0.175163246912263,0.190228384920849,0.199878536059963,0.182039958709762,0.17913861170944,0.150729869315752,0.148560774950931,0.149188689622022,0.153958736353326,0.18777381009137,0.196379121989669,0.174197933646066,0.194730581669534,0.296576839644282,0.405750130759004,0.463908402582006,0.526374374691763,2.65588285198559,2.79214234144536,2.65198704035874,2.95158288973324,2.84381807034223,2.72801849677964,NA,NA,NA,NA,NA
