"V1","V2","V3","V4","V5","V6","V7","V8","V9","V10","V11","V12","V13","V14","V15","V16","V17","V18","V19","V20","V21","V22","V23","V24","V25","V26","V27","V28","V29","V30","V31","V32","V33","V34","V35","V36","V37","V38","V39","V40","V41","V42","V43","V44","V45","V46","V47","V48","V49","V50","V51","V52","V53","V54","V55","V56","V57","V58","V59","V60","V61","V62","V63","V64","V65","V66","V67","V68","V69","V70","V71","V72","V73","V74","V75","V76","V77","V78","V79","V80","V81","V82","V83","V84","V85","V86","V87","V88","V89","V90","V91","V92","V93","V94","V95","V96","V97","V98","V99","V100","V101","V102","V103","V104","V105","V106","V107"
0.0122063004728771,0.0424383590723801,0.00155726280186328,9.24032153345454e-05,0.000551711000282909,0.00175149279543421,NA,0.000439155078317961,0.00775620467350364,0.000143140936846358,0.00227861870214408,0.00545057016230297,0.00110171219154037,2.32839843692791e-05,0.000445982994841409,6.58112610113371e-06,0.000271562498925307,0.000136729717446188,9.10859472946698e-05,0.000972111598239028,0.000477222197560334,0.000360983365325003,2.20445175831306e-05,0.000823296127900329,0.000637534822919405,0.0131032357575291,0.00470066492677206,0.0013263595436286,0.00125251682487512,NA,0.00095879718679047,0.00100637884188506,4.48237058739522e-05,4.60417752184255e-05,1.3160320554334e-05,5.01638789656085e-06,3.84729514231992e-08,0.000764639046928672,0.00229065169386373,0.0166912852244472,0.0033356848732736,0.161647542089268,0.511173168569263,6.50020936379146e-05,0.0157465881243617,1.30356007910869e-05,9.19164030952028e-05,1.01504195219582e-05,3.33077727700205e-05,0.00140402229399712,0.000824197361678334,0.000148433420476153,0.000582703377938246,5.56263505156601e-05,0.00391913874748074,0.00112716507801729,0.00100097506630511,0.000373357755294086,9.69482419282419e-06,0.0162978597963382,7.60527075848668e-05,0.000124949070311214,0.000424428417054759,6.11296290545096e-05,9.10215282410777e-05,0.000448801198738654,0.000877575688325407,0.0233876160761916,0.000977186891815383,0.000225912656512747,7.46036504735624e-05,0.002586408325731,0.00223784884520567,6.59442262684657e-05,0.000359123919412519,0.00240499680787369,7.72139116441701e-05,0.0026919164522614,7.95877843941383e-05,0.000273956969089368,1.46206780909095e-06,9.38713959991374e-05,0.000251762961019912,0.000262793168890913,0.00114171261987056,0.000293877910578292,2.46626298872437e-06,1.88803770952232e-05,0.000487390195156265,0.000137194294769469,0.002107757935665,9.70278331956026e-05,0.00429321063170793,0.0386005036747076,0.0446444749522557,0.00248094007862384,0.000548045436954954,0.000502979717601708,0.000811006376536538,5.10471129371476e-06,0.000340244805270065,0.000126980246955977,0.000932047609110065,0.000272859841193201,0.000102800065047301,0.00212689730002364,0.0405916218426412
NA,0.129970991902433,0.0030296739868294,1.3316772759581e-05,0.000119836469178953,0.00140785500927673,NA,0.00288904631480556,0.0111101839528713,0.00119282050739007,0.00433888398519487,0.0176857007377703,0.00117039061233154,0.00163356152598995,0.00161624324446587,0.000375749474267954,5.79833677998211e-05,1.76743593154785e-05,1.98859019709802e-05,0.0023398769528619,0.000844066857932395,0.00045769950254428,0.000117205982989568,0.000933291718349648,0.000602271043871614,0.0137773413233399,0.0160722442489766,6.254236198711e-05,0.000674479388025288,NA,0.000418068824669728,0.00090683648993929,3.45412499278071e-05,0.000464483979701735,7.94287623488174e-06,1.00793995788204e-05,5.4470287179804e-05,0.00544650756055365,0.0137510628282181,2.15249114641974,0.022721527459355,2.3009722138445,1.59184120800288,0.00417197116475222,0.0293957292971048,0.000466508173329212,5.26858558533674e-05,1.28938845859561e-05,2.34524599856543e-05,0.00695716762456024,0.000540684324256245,0.000246561470993787,0.000541367061556714,0.00320892353613996,0.00182329407471956,0.0304369429631353,0.000113636077305452,5.45319467679102e-05,3.00207665200689e-06,0.0111356441738356,1.0338587452785e-07,2.9228826607661e-05,0.000240304742586669,6.24765352478627e-06,7.51375472154031e-06,0.00143252259223803,0.00579963403851874,0.0296060384695905,0.000116438388956407,0.0002500189552312,7.09030161853663e-08,0.00119328070201721,0.00217972723697445,0.000668998864766388,0.000994137384032386,0.00187556072746636,0.0013536933606566,0.000982206677038373,0.00022661586749145,0.00112039538956307,0.000787163757991401,0.000114072293468158,0.00138970041066719,0.000838498071243838,0.000312773642812999,0.000241933610427897,0.00010197789614186,1.7660893178108e-05,0.000169610356902899,0.000190131476118653,0.00109846797838061,0.00205851033951661,0.0353552192107768,0.0256732043161466,0.00032737829373473,0.000887206848259281,1.39718152603678e-08,0.000637237344434805,0.000811145085274169,0.000243828047292672,0.000361486601609679,0.000201551096030273,0.00642264312751298,0.000887385404118147,0.00265693493365607,0.00170819547869178,0.0408453779617665
0.0537125009552167,0.0166747683927247,0.00230937643680299,9.85977774549204e-05,0.00100362829418412,0.000463163915386826,NA,0.000258074545312074,0.00191438777400398,0.000462997000721286,0.00103335638819097,0.00124956767346822,0.00151161165055062,0.000208197192179795,0.00149375487867406,0.00213927147201254,6.43655697169461e-07,2.24076075240681e-05,0.00032150611384798,0.000872779800018513,0.000124400633951573,7.04078005444052e-05,9.15544247442011e-05,0.000905371667494987,0.000269349211609686,0.0117307397013487,0.00397684543370098,0.000539845741395486,0.000511044646573119,NA,0.000786321210222287,0.00119487567926757,5.22092970449334e-05,0.0011736294153514,4.88096059548412e-05,4.40794420253028e-07,0.000702143571346476,0.00715153043470726,0.0732634590428966,0.0204469119962995,3.50900589092197,0.0141735974557131,2.15920427166029,0.00531179039789797,0.000173992608459764,0.00304163232420866,6.71345756783244e-05,1.28357679584141e-05,1.17080848756154e-05,0.00840437131406602,0.000738894178905162,0.000639145281205499,0.000842069626024881,0.000284298656087263,0.00147013580033863,1.54917108736529e-05,0.00444991061061701,0.00083983395893694,0.000220384485594568,0.0129132104540262,0.00135617116451572,4.23370038637414e-05,6.22823090972274e-05,0.000810443634552512,6.54571779999772e-06,0.000524177440163685,0.00445368212167511,0.0254851122838668,0.00103459898006789,0.000174871515949445,0.000262891997018801,0.00140084207453174,0.000169696115334813,0.000608157780722806,1.86779119048365e-06,0.000855515578766741,0.00178746952193684,0.000122103294299562,6.04722021071232e-11,0.00489858647476639,0.00954545978449248,0.000470942587618817,0.00173437671113978,0.00207570216782396,0.000101752244205885,0.000223921351376466,7.17514080713495e-05,3.2200650953114e-06,0.000260697259674543,0.00040393566601999,0.000214854770592427,0.000134527405347242,0.0140920621294025,0.013841157396527,0.0279669490417359,0.00818513993708398,0.00101318030923838,5.92120952166178e-06,0.000913258268681163,0.00230421396678711,0.000532992536273301,5.08767408748877e-06,0.000709240813948732,2.9730199656904e-05,0.000387846329963164,0.00199761471456757,0.014037582966539
0.0765571834457408,0.0249073385791647,5.25108549722396e-05,2.65525398575798e-06,0.00077477266388527,0.000539021773778226,NA,0.000666276440672911,0.000164652058795062,0.000562605154006942,0.000409828879811374,0.00414251498951593,0.00139615596829568,0.00212907471881689,0.000957022690102899,0.00189490594151544,0.000256042307853837,0.000404164975893707,0.000195780124115463,1.52522735242646e-05,0.000117788269990997,0.000461459363037776,7.23706862125021e-05,0.00135934537341573,0.000704604944738205,0.000760452566206755,0.0287424816376946,0.00659844066794611,0.000276505440699889,NA,0.0144716320332994,0.0107964709507549,0.0020422127728159,0.00473290185097653,0.00194631062807081,0.00436854382585124,0.0034571683665039,3.11081089240066e-05,2.70842617537579e-05,0.0156557556917779,0.0162550495464349,0.0926932946509105,1.0635638100275,0.00013802583531594,0.135502008432611,0.0423247896566901,0.0105458197609607,0.276121721049107,0.101107809308076,1.44053766035564,NA,NA,NA,NA,NA,NA,NA,2.7024285286749,0.595764558438158,1.02099843715619,0.0645846861495549,0.00293785422266374,0.0121893775470263,0.00894382301385496,0.0280552663669464,0.00753946190180535,0.0303057586502822,0.0262897018920843,0.00126165588220233,0.00068376067872218,0.00291415634864613,0.000241264160453791,2.49513858420338e-05,0.000803893188053004,5.34818966910454e-05,0.00220490633999171,0.00833473339635767,0.000263751299219057,0.00200644739463225,0.00682507818976674,0.0535358900098404,0.00371644750175986,0.00208634388321554,1.25010799944322e-05,0.000361868279029991,2.10434909562415e-05,0.000820245485422908,0.000353792809653084,0.00149696010234736,0.00268693305794818,0.00331781070613091,0.0233972354117795,0.318512498439832,0.215171344966258,0.0327467612638721,0.000775971406546232,0.000531472543794996,0.000422033233001777,0.000424657076524148,0.000322361278474046,8.99490295347902e-05,2.91221442458723e-05,0.00107551376202066,3.33168059376901e-05,0.00133691292984507,0.00258796822029707,0.0293923166864867
NA,0.00674748052709601,6.85830563092321e-06,0.000169980857368031,0.00124420717666406,0.000568698273070956,NA,3.64574818278529e-05,0.0045254892707278,0.000254402325441928,0.00260227091207619,0.00846503793960634,0.00721225840713238,0.000785289318528223,0.000287125698699964,0.00018392682470329,0.000306425550194404,1.01984518413346e-05,8.20509585830927e-05,0.0021568370504972,0.00029332873799849,0.000527078063243678,4.34796090762196e-05,0.000184953095669811,0.00146341674908708,0.00279637407403061,0.0202588271869562,0.224295255163924,0.0108608076076406,NA,0.00063866238224656,0.00146519045980156,4.65517616658781e-10,1.82803799242849e-05,9.50083085376727e-06,0.000180801831634962,9.66201942928951e-05,0.00288295246905846,0.000432481590378235,0.000334760934463221,0.462412186038793,0.538080100578557,1.74800304335837,0.00121080235774118,0.0113359464828657,0.000301855113643217,5.40768160035193e-05,3.49825992544053e-05,0.000165318100222163,0.00190007318502943,0.00130852369480281,0.00112664882346782,0.000216792945205485,0.000568362781292381,0.00319464096976655,0.0535044822309628,0.000914548305741174,0.00316864714160661,0.0145488978869966,0.00477111054005023,0.00205003581136176,0.000100804206639981,0.00119248726045033,0.000293399592475027,0.000259657484371253,0.000362765531234115,0.0255110216277616,0.00617676841849787,0.0018054395328021,0.00260896989968252,0.000242104376715591,0.00143418719989919,0.0012495139688675,0.00165735881212512,0.000312131931446836,0.000877399559050435,0.000299198477097358,1.40671241418204e-05,0.000513818880789038,0.00361043034436478,0.0202951590627306,1.99170647486952e-05,0.000594500242479892,0.000699819092604493,0.00075128257522923,0.000433920899856108,1.87365573224171e-06,1.97632429654827e-05,9.41895898006137e-05,1.24340544466378e-06,0.00090379539685943,0.0288253146609023,1.63744915469853,1.47359487479642,0.23129443622818,0.00328123696854084,0.000148450225842442,0.00053896183772681,0.000358530127387759,0.00185770863884816,0.000567401097246665,9.24311797077394e-05,0.00152182300312967,0.00104685804935235,0.00882259762188554,0.00281609936262781,0.0332923221261912
NA,NA,0.00161268341513062,4.7884294273808e-05,7.25773211335515e-06,0.00190284475558851,NA,0.000830308195100033,0.00763110327256499,0.000135770896479724,0.000442969412142898,0.00159869510135191,0.00451133853232421,0.00150849792206253,0.000360023115475985,5.02998315555145e-05,0.00026586566509119,0.00166553115682859,4.86934165310429e-05,0.000955881785891568,0.000324026894079724,0.000745534980285126,2.43201558988194e-05,0.00135165941772116,0.00811686508719984,0.017135562352327,NA,NA,0.0262920971181446,NA,0.00140254789431972,0.00149805753400821,0.000485273531317872,0.00085827079513185,0.000166058898296427,1.26201594760144e-05,0.002113155460103,0.000108761592608953,2.77461100536811e-05,0.000231188958378515,0.629530656158639,0.0525952884750486,1.06482128824007,9.25142982925676e-05,0.000555459891767488,1.04905945342483e-05,4.37072466042603e-05,6.13328773816216e-05,0.00156486148373237,0.00305291130456502,0.000643812434648839,8.13872015055029e-06,3.58799982999972e-05,0.000789053212646047,0.000408847878570256,0.000508178770337073,0.0128714743477197,0.00464416805714486,0.0118051458880618,0.00975837784151389,3.96547389742137e-05,1.45772026640906e-05,0.000942226093206361,0.00144502026538524,7.20692034703835e-05,0.000237744955846747,0.0308744926953224,0.0613958010630514,0.00494027540266563,0.000293350775445849,4.65509677169877e-06,4.47874373034837e-07,0.00168842357850952,1.56910816519793e-06,0.000511582292622458,0.000681986348803789,5.68473550439223e-05,0.00228983781169149,8.13891600130945e-05,0.0208690536155247,0.000584362036773745,0.000281164538346803,0.00205458141706619,0.00177384649470198,0.000899546092806797,4.58683912871638e-05,0.000574196634650901,2.77680634926401e-05,0.000181644182749684,0.00230226266977058,0.00655843110648803,0.421527699188971,13.605305440583,NA,1.16560370685505,0.0286407728283813,0.00787384689813606,0.00266085855252147,0.000767470261347205,0.000291548631011206,2.29228680965825e-06,4.94385283679066e-06,0.00152568160665469,0.00106926242653825,0.00496624394228723,0.00882627154234003,0.0600639775629531
0.00153936141824515,3.55916278916715e-06,7.47695523938517e-07,4.96600297640155e-06,1.29875600426712e-05,3.98178130354672e-05,0.000236715966736945,0.00127342122423416,0.00015657444605158,0.000301854285243663,0.000555597678728046,8.9077486441066e-05,0.00375997871481078,0.000319239035728669,1.60117673753696e-05,0.00524278829452651,0.000473774082393261,3.38004723914626e-05,4.22201884127572e-07,0.000365769951717937,0.000256031614514704,0.000177302015738409,4.16475373765599e-06,0.000175726515055881,0.000502104545106801,0.00547932112639386,0.000272201871817905,2.30142109608581e-05,1.22269363740507e-09,0.00288028314828407,NA,0.00164717797780037,4.64269959440962e-05,0.00025067425644613,9.35713189113162e-05,0.000564834757768219,3.37323010838327e-06,0.00135537969184273,0.000457371197612989,0.000648008780264181,0.0608429996838664,0.223034398658759,1.57769420959205,0.000277690002106629,0.000470683060887024,1.3395662866236e-05,0.000355618381608771,4.3529658144024e-05,0.000315825468107884,0.00131434786305054,0.00173437229810824,0.000680632412186808,0.000884885794212742,0.0028875168915842,0.00154435726050967,0.00836124230236023,0.0994727639062536,0.00533952060266738,0.00825324130123322,8.68872944090944e-11,0.00223114175506764,0.000413532333672708,5.57859849738232e-08,8.35152386176948e-05,4.04818514925985e-05,9.11361796165097e-06,0.000218043671364846,0.00420673055792646,0.00108896886442677,0.000162945723282087,5.31125555058028e-08,0.00203165285376206,0.00108682759796855,0.00010653934126355,0.00192593209157756,0.00036908355632672,1.52924060314443e-05,0.0019765296697382,0.00227973969479735,0.0106579093506982,0.00283361118749939,0.000384542856564166,0.00028842954280068,5.75835139717417e-06,0.000578631737651205,0.000500653490705562,1.57665027634129e-05,1.86867032407397e-06,5.14733789914971e-05,0.000257843940030518,1.4196983379185e-06,0.024741857807032,0.790541278498564,NA,0.0509574472581479,0.00218782062822329,0.000488990986862906,2.39514701579882e-05,1.55621918659535e-05,0.00121182054137426,0.000758369552803042,0.000237689463169827,0.00130880785846257,0.000307179380246419,0.000107601559138332,6.93325625383323e-06,0.000505998381206969
0.00326681546701289,0.00381095542275215,8.88242107136788e-06,5.98401017171652e-05,8.38767899521559e-06,0.000754592090556828,8.78607609007993e-07,4.97005716815945e-06,0.000512573094139634,0.000237353408623288,0.000462317186754734,0.000122201390840093,0.00637500529702897,0.000185485995769604,5.39001321184292e-05,0.00748279415157018,0.000250852285384627,0.000695232456359163,2.43918486735015e-06,4.50960923468921e-05,1.358820608322e-05,0.000255042367640497,7.48459787288227e-05,2.37137039883481e-06,6.10297970075347e-05,0.00146318070702185,0.000324004827555367,0.00189069301322936,0.00013642379964055,0.00280522164430126,NA,0.000571540010411868,0.000153922417479258,6.20015274793344e-05,2.18540104724359e-05,0.000317000037139948,0.000714475471948171,0.00256422025799623,0.00260776612793599,0.267879314026864,0.24846799922974,0.568985506978378,1.25468826047111,0.00135362304752471,4.32104345553735e-05,0.000330512777395321,0.00023449644172334,1.84188797920591e-05,0.000136078830840669,0.000606517512804918,0.000174241480023105,0.000129754471922637,0.00139269496461935,0.0013660545578744,0.00163056951930114,0.00224486280389927,0.106634636727584,4.4246272646462e-07,1.26259237754749e-06,0.00296128534100425,0.000114752014007504,9.49256772785083e-07,0.000720320235844826,0.000235282897807517,8.31049643767984e-05,0.000127251461171616,0.00765247406496778,0.000181295630510584,6.89842069160226e-08,0.000178125037161858,3.77839031926893e-07,0.00338606414360885,0.00156145550468481,0.00336115741320095,3.13579545898939e-05,4.80665967790681e-05,4.88441374491193e-07,0.00140644085818577,0.000144366095762808,0.00638691289461441,7.72022751271335e-06,1.95652739739549e-05,0.00122628505897689,9.88905503720913e-05,0.0005456402169459,0.000301434531377669,1.87651162077535e-07,6.41138611503701e-06,2.07772440756819e-05,1.64599003944679e-05,0.000907625221250464,0.000111137286380422,0.138594158701128,0.00218906922743784,0.00300053807521779,0.000121983950576791,0.000607885312795406,0.000317077347761409,1.70975273216199e-08,0.000534792939808844,0.000566553633831282,0.00073517703052014,0.000677054917391331,0.000351793461175231,0.000190054226777526,0.00212468962272314,0.00665812025269558
0.0242750763454663,0.000704606258837317,0.000145230002079061,0.000114036719615377,7.91423412083846e-06,0.000163497488954529,0.000130829130683755,0.000345238677759727,0.000431731165922617,3.81714069641259e-06,0.000357035659223151,0.00241027831324189,0.00799195573620208,0.000111302460494684,0.00143201859337427,0.00137645126145546,0.000723907202071547,9.77365996328441e-05,3.10305653792316e-06,0.000167294763501829,7.55609935132425e-05,0.000446048768953263,1.78126896496119e-05,4.69302776570926e-05,0.000663195915184266,0.00885536409219384,0.000702027457688598,0.000149576776351898,3.26360808580975e-05,0.00254474191580044,NA,0.000363293994569421,0.00011635458687308,0.000113529062924958,0.000151548383834433,0.00037351180292324,2.71458704668207e-06,0.00131214879121599,0.00150685916488068,0.0301616267772901,3.0264645385525,0.0249763359298448,1.45619706075761,0.00445200836697265,0.0167315197662022,0.00414973237377825,0.000121757812806114,7.11773355854688e-05,5.65319110052544e-05,0.000210630940742718,0.000648930688682571,0.000646718149184133,0.000175252961386185,0.00150762880716016,0.00102489808861761,0.00673206159941017,0.0325570041438323,7.65678626993819e-05,0.000698568716279894,0.000257489555379208,3.66170893622328e-05,0.000176067325198652,0.000299971971336876,0.000203130037358192,0.000351381740124984,2.14288488437454e-08,4.05355764629986e-06,0.00152388519062444,3.66322515209749e-05,0.00012116487077916,1.95586112586524e-06,4.9781512376946e-05,0.00133157020094264,0.000243852462262805,0.00010330373614769,0.000302078817274094,1.14288286759883e-06,0.00263010824882682,0.000657045237008587,0.00062527031475342,0.000750981554990831,2.43344036978664e-08,0.000117283942152624,0.000120311190748427,0.000535463722748599,0.00024781942868976,0.000270097030415376,6.88805239817007e-05,8.80855100084714e-05,5.83380242164928e-05,0.000281316652603259,0.00358303266280429,0.426669875901622,0.486662164257871,0.00459345142710671,0.000459271184194946,1.33584219502141e-05,0.000390491227332814,0.000157600262386135,0.000775975690729827,0.000189634508537355,2.70526525120142e-06,0.00184325267507379,0.000424603523648619,3.72341188505219e-05,0.00124887667007907,0.0411329578324803
0.000385988501961644,5.78969855062061e-05,0.000443085694738818,1.34294302785482e-05,5.2333972962554e-05,0.000105448479287403,0.000204102517379135,0.00121141875365148,0.00144025617397095,2.31213271335901e-05,0.00111906324074503,0.000548544917899423,0.00142637177153404,3.89017839975739e-05,0.000740986404110069,0.00186368156826283,0.000207279047377005,0.00123310688680401,8.0339612862105e-05,2.52607222338395e-05,0.000162347715013302,0.000172981398859221,2.99460713128838e-05,0.000263458778022241,3.70333482648496e-06,0.00204398974491727,0.000196437801650378,2.07628485373231e-06,1.48455812293001e-05,0.00066723065155283,2.91673081385751e-05,4.45595397352042e-08,1.22937494958126e-05,0.000102886398429544,3.99161287623076e-05,0.000463770918689378,4.17107017114846e-05,0.00184646759430635,0.000939516671491526,0.00499438294475151,0.855609583955402,1.52891881028852,1.77790156918567,0.0105431883285009,6.43462227648048e-06,0.000296738502296198,5.45892516420635e-05,2.39414631949257e-05,0.000511913882156401,2.07884329811779e-07,6.03375096472945e-06,0.00204619325051326,0.000623631791980494,0.00285878457400848,0.00111672454943959,0.00512167512529566,3.09006804829911e-05,0.000389942642956054,0.00361814963872281,0.0129986232431336,0.000726576777270568,0.00104740518512964,0.00114322745937726,0.000202824834721176,7.32308073065346e-06,8.90593778289064e-06,0.00704919712860771,0.00176019804984865,9.21118340768264e-05,6.35367970104257e-05,9.61490981794448e-07,5.30088929965196e-05,0.000456416768312788,0.000363986849688132,6.80753141045455e-06,1.16656777801562e-05,0.000431562479807645,3.79533878060045e-05,0.000541803995601309,0.00120794654365181,0.0012884106361463,0.000210055141305887,0.00291676295649242,0.00115763102909618,5.13496192636449e-05,0.000448101956844213,1.31228628411316e-05,1.73795935001881e-06,0.000218719413866975,1.90267772046108e-05,0.000934233702353719,0.000153424125657464,6.92156950561664e-05,0.0108030244472218,0.00332500457958038,0.00249693598715881,0.000103774073960128,3.99533186997329e-05,0.000180575766066945,1.18512716900405e-06,0.000165463584247713,0.000208272981349456,0.000671726094654375,0.00139642494874386,0.000352632183339653,0.0005189632732788,0.00150970907024211
0.0575131884148707,0.000216728568173398,0.000275456556526751,0.000172915267469535,0.000186018146748577,0.00138609349205984,0.00051867326607847,0.00112170415110849,0.00161179099188379,0.000108937071453353,0.000292971092547192,7.00786152422232e-05,0.00553905105780092,2.63789552891431e-05,2.02272280015854e-05,0.000540722671376479,0.000937640207308403,1.98970664109712e-05,1.95093672495252e-08,8.40715572818321e-05,0.000112011321367195,0.000258762729419615,4.2211521341264e-08,6.67332611182991e-07,6.25019159402412e-05,0.00155915616136147,0.00023797244244817,0.000214956818662255,1.08680246438632e-06,0.00400953237734723,0.000134813913700385,4.6629839048078e-05,1.30194667090465e-05,0.000524877560913875,9.28435236780771e-06,0.000356184395881474,0.000265948829933036,1.16920131678327e-05,0.000984735400792327,0.244023996488274,1.05872882463489,0.108710944889046,0.627554480034842,0.000380958131193564,0.000233566391713197,1.0677452043165e-05,1.84867092406075e-05,7.94897031924912e-08,0.000326526249397348,0.000247665847101559,0.000336749682927745,0.00170570781614222,6.23102207632613e-05,0.00230997284964748,0.000190595545975861,0.00347286247385965,0.000173514635133548,0.000441045846504321,0.0126952713315869,0.00421849077031826,1.49439490871751e-05,0.000155547834094422,0.000676588715233373,0.000168157645412091,4.11378470183367e-07,0.000158202992866362,0.000309487799629547,0.00486516223542838,0.00209283185501411,0.000141386762434467,7.17525020874652e-07,0.000405042787776027,0.000578634631119074,0.00256669167931888,3.84644103180255e-05,0.000367674480214545,0.000570407726103863,0.000312517696220623,0.00292539322589685,0.000492490679126069,0.00466016991535795,0.000351782686701428,0.00248258119254729,0.000783232475304945,0.000102978883473524,3.82634619372675e-05,0.00015153769779891,7.27934005880025e-05,0.000555142526837669,0.000267748466934056,3.4835939475888e-05,0.00687100401287625,0.000355785028968848,NA,NA,4.64076167306208e-07,0.00150877669220672,0.00027911047761956,3.04561112685924e-06,6.14835512655225e-05,3.96012125954355e-05,6.33328503334057e-05,0.000996122863039264,5.40993078322177e-05,0.000102606321740509,0.00380671656190583,0.00164012245858933
0.00925071788799578,2.38365214527187e-05,0.00149999544846718,4.59846243015518e-06,7.01339922254823e-05,0.000121909323775358,5.65942082172172e-05,0.000624944198700222,0.0007390551487767,1.83588332982958e-05,0.000135976358744597,4.870615862281e-05,0.00363095410914036,0.000164094559142391,0.000693296708614551,1.59620053225512e-06,0.000354663462316327,0.00017604138011728,9.90565249416533e-06,2.58838322242604e-05,1.07308131577454e-05,0.00048958611189412,4.39242929509877e-07,0.000601522691488552,0.000608057140808171,0.000496241452463792,0.00175808179396483,0.000910877891368144,3.81712984771002e-05,0.00588782465232183,2.78494988111031e-05,0.000125993550005969,4.72981374652418e-05,0.000193947432027863,3.10905199435271e-05,0.000631979734180034,6.51103872764853e-06,7.07506098465853e-05,0.0024574091360272,1.63310154254211e-05,1.5249522948356,0.459516535437361,1.02537471658908,0.00109026286205198,2.5567903562392e-05,5.29083393443316e-05,1.19423646915975e-05,7.34959685286786e-08,0.000327106866502837,4.9247422258237e-06,0.000472309845377033,0.00128427647631723,2.45579057886304e-05,0.00264190906981321,3.91430451477256e-05,8.8336622478879e-05,0.00276443552863688,0.000223288144593333,0.0042954134256466,0.00477286901976111,0.000218887122839097,0.0003542411041742,0.000138273721686657,0.000193636989011321,8.38763745369699e-07,8.62900741884143e-05,8.65459452484141e-05,0.000674021277070826,0.00015839033543474,2.22067465643578e-08,3.16088940341246e-05,0.000451651069431293,0.000603544643613529,0.00203544037682747,0.000163105659885469,0.000202415252876912,0.000332808628723019,5.79624062805098e-05,0.00219798651058003,0.00283711102503238,0.00106931838966921,0.000219191685888071,0.00358657416320355,0.00345389675434546,0.000182957102013429,0.000185561346743181,6.4695234663596e-05,2.99669072792251e-05,1.51268773036629e-05,1.34214685887766e-06,0.000930792848846591,1.04613218084118e-05,0.041347558564375,0.00381551036001242,0.0013262068732516,0.00101573030768057,0.000143954682350888,6.99994529631885e-05,4.68816174406324e-05,6.93857589580654e-07,4.21435618672021e-05,4.85780083368957e-05,0.000525809550462722,0.000430352634885946,0.000100617201679175,0.00251192510569747,0.00083788518376626
0.00936265985790815,7.08457333077049e-06,0.000330553966755324,0.000145196525746359,1.15035824865328e-05,1.43246082341708e-06,0.000126105435912265,0.00188546629442216,0.00247289733356111,5.14069780320939e-05,2.14608863024954e-05,1.06099008886456e-06,0.000670509751204423,0.000962205678922764,1.73013131490261e-05,0.00105277595907023,8.60216944470168e-05,0.00038511455061558,9.36714769136723e-07,0.00284863782630257,3.40559778424416e-07,0.000379933387535547,3.58398202190111e-07,0.000238930236859312,0.000250425732716617,9.0281760518513e-06,0.00175152363036813,0.0013302689899331,0.000621186936395596,0.00591064170172083,5.12735749415246e-05,0.000102080965500311,0.00017969752621223,0.000124911228257224,4.69422451372875e-05,1.65003773491997e-05,0.000655110327869554,0.00421164607664898,3.00832235263067e-05,0.00203748280346729,1.9873233528069,0.143303556018378,1.4361823467213,0.00226715175697502,6.56414005368141e-07,0.000499841244909226,3.39600792747692e-06,4.34806567603775e-05,0.000917608274197591,1.46158477872565e-06,0.000166089036273079,0.000524366341590448,0.000378336675094773,0.00282042589198698,9.5444882980112e-07,2.71469520189241e-06,0.00300928507708981,0.000195746823263769,0.000972531777913398,0.000162711039741373,0.000280221268189321,0.000508316722486806,7.40257480624936e-05,0.000643739910477888,0.000132833959071089,0.000106344702190609,0.000600372403179339,0.000198763102038191,1.84577467084029e-07,0.000510656324288852,4.57209296887539e-05,0.00127283662668614,0.000772948712939218,0.000436140636587315,0.000575646852185384,1.04013732171671e-05,0.00179662844461699,0.00140675075367108,5.69770520678626e-05,0.00816200681345351,0.00133085564776206,1.00956241502839e-05,4.81763489099356e-05,2.80168458810524e-05,0.000795109083249436,9.13789795269549e-06,6.96253268296423e-05,4.85975886641619e-05,2.90501737935038e-06,7.01001940047208e-08,0.000161020669561383,0.00104209303097948,0.0333494998303355,0.000828071338391859,0.00113224494372319,0.00155800964516435,0.000131725767396656,0.000235365273164824,1.40494884902797e-05,0.00140230469936118,0.000870650692484588,6.22813539406851e-08,0.00107833195654404,0.000584117519476729,0.00640663592902272,5.18262455394156e-07,0.000396600020944828
0.0112070283887888,1.62785095039838e-06,1.50599852940756e-06,3.26960134630615e-05,0.000329430182573105,2.40240902823616e-05,0.000197435667368551,0.000112809428386565,9.1468297233549e-06,1.99229374136825e-06,0.00315306433615493,0.000992331083760739,0.00113081242104058,3.70614503884771e-05,2.11387470602306e-06,7.1707605742836e-06,0.000415317673062178,9.32828121444149e-05,7.87751170155235e-06,5.58334814330831e-05,0.000306503340759451,0.000252531572243311,3.46674135626621e-06,3.91086103410518e-06,0.000300721539617571,0.00547801773613645,0.00694436119643765,8.95882252765738e-07,0.000483372719733533,0.00372224283143039,1.09222813553641e-05,2.4216913554449e-05,0.000282393077846659,0.000478308679086772,5.81567807121228e-06,0.000596990126415926,8.08660106965976e-05,0.00125500994628442,0.0121184360208883,0.0634131016603355,1.49971236209443,3.26785423770567,1.22439335076927,0.0127952637621885,0.000527511811884464,0.00041271311036564,8.47846180398585e-05,0.00011843062615829,0.000734428040657522,5.33753594189611e-05,2.04399643468449e-05,0.0024415077523855,0.000655927862746404,0.00151386343456675,6.95647854221958e-05,0.00012771762479911,0.00169160087738795,8.76876173698992e-05,0.00165123556406947,2.88925585017427e-06,1.25646315600546e-05,0.000102606922246152,0.000314382961130924,0.000430441365918799,0.000134976091025994,1.51708844007167e-05,0.00278297645553482,1.54325353928178e-05,0.000923867781852078,8.80974180009164e-06,4.93528207076121e-05,0.00153427676948708,0.000667106027156082,0.00179352499255103,0.000686139623736209,0.000908333361156485,0.000132512145991297,3.33496438681739e-05,6.30635919520916e-05,0.0011053692585165,0.000140998744902218,6.21553200714203e-05,0.0142746875178363,0.000220712959151617,1.13109646167851e-05,0.000607044258109794,9.50906609984343e-06,5.72642870074333e-06,2.0575929144015e-05,6.09696859970843e-06,0.00122507723353836,0.0275468517027379,0.0786782342424844,0.493949658197884,0.125195903465335,0.00407221908038974,1.02050927410246e-05,0.000285786419320794,2.10709888901597e-05,8.97027109498764e-05,0.000714953201508069,1.06644720619311e-05,0.00154894873273962,0.000554211767161076,0.000339803170077909,0.00320716258269437,0.035976856929151
3.04946207143616e-05,3.64770986595159e-05,0.000279426268376973,3.72999407857519e-05,0.000777318954592686,0.000271000563287979,0.00119335244800829,0.00172459471740426,7.15884989376963e-08,2.88371496923274e-05,0.000730487219755357,9.03956556294004e-05,0.00193332079249384,0.0036213265549424,0.000232743861036183,4.53874331018907e-05,0.000195073668298214,0.000347620576996193,0.00010414677464238,0.00021179743179781,0.00027414527042384,0.000575910997416248,4.52082845269277e-05,0.000267449547845087,3.66113665213249e-06,6.59987166202441e-06,0.000171440383262069,0.000782894533311059,0.000329708538538572,0.00141195799425449,0.000214157502811917,7.94911462109569e-07,0.000102406659141552,1.46398334447419e-05,0.000103552205146511,4.95300599054649e-05,7.36111211544728e-05,0.00373587949945265,0.00411552945292265,0.0398796786833305,0.584764295982161,2.42688103951087,0.363831699663425,0.0150593037278695,0.000354679504718635,0.0001662490252894,8.5350803088541e-05,1.53636693956368e-05,0.000598336051731684,0.000152125555166673,0.000182008889128101,0.0193730699451246,0.0049059615688391,6.56677689967693e-05,0.0186367109719689,0.353022210515083,0.203876983333123,0.000323899549039242,0.00153371170750719,0.000318805860743605,0.00106252247705502,0.000264033038803278,0.00174242909820255,2.67388202717774e-06,0.000170326544470764,0.000394719877315115,0.000482185987278363,5.47987126940064e-05,6.39500774793504e-06,0.00114201974475153,0.000158597863950873,0.00139611572676467,0.00075742580211531,0.000147161722401747,0.000147475797867886,5.05236261411058e-05,5.49096389511783e-05,0.00117874927424143,0.00012543457837676,0.00412093257635982,0.000940806830942273,1.40289686071458e-06,0.00222631071099146,0.00179416247309273,1.17819408636755e-05,0.000356513377111784,0.000118395433466429,4.01249930041499e-05,8.9653458895168e-05,4.35805493255631e-05,0.00024154075739652,1.02779849206195e-09,0.000591853691929389,0.000714105384683018,0.00665652922009639,0.00136832779512388,0.000122756385605275,2.24694173105223e-05,0.000186584180369427,0.00168974003629131,8.63192822691853e-06,0.000101832944469177,0.000528607499943513,5.79573107645703e-05,0.000107187098304747,0.00116137257468951,0.00119526679941389
0.00568803070796699,0.000628628926057006,0.00124724547822846,1.53228084009074e-05,0.000582894859695057,0.000209897573365504,0.00872770137537836,0.0143214324032309,0.0069312297835075,0.000321517502960379,1.60822955634688e-05,3.80006426798898e-05,0.0014715824731481,0.00018855615794203,0.00109254877499311,2.13622893921558e-06,0.000157739277518511,1.83082207822216e-06,0.000156382336954353,0.000566669535722597,0.000205636533334262,0.000771348132565304,1.80709862964623e-06,8.79822745793912e-05,4.24753889775789e-06,0.000143650870499477,0.00213604861823902,0.00061172262349181,3.95383350187007e-07,0.00300862622604939,5.38741410526086e-05,8.27904517967648e-07,2.10337628606997e-05,5.88958038329757e-05,0.000169278407387642,8.3848784624611e-05,9.26769759117453e-08,0.0120517450584515,0.000403277897030072,0.0241592755527289,1.612210353706,0.268847216632448,1.39707996367444,0.0739147871297313,0.00510569861595601,0.000180649089462192,0.000266734896433471,1.07165292044705e-05,0.00068516912004152,7.53558282487593e-06,0.000108901971294807,0.00126512903945045,0.00146745247825081,0.00136177994713294,6.53843752189548e-05,0.000474641520661361,0.000983528580388317,0.000699930951328241,0.0036734282617204,0.00207967294481649,0.000257495585471039,8.93552293833588e-05,0.000171016040656128,0.000262035052320775,7.28611918586356e-06,2.84803372627771e-06,2.51970244621347e-05,0.000321738283657057,2.35974516345134e-06,0.000188007295820678,4.3804830592365e-05,0.00291909535403835,0.0007725639838285,0.00191602502882612,8.25610377425025e-05,5.94193827916477e-10,0.00042301867079656,0.0019332821988695,0.00043340358393332,0.00369156306466631,2.69233765918358e-06,1.96469489527949e-05,0.0011970762772498,0.00118447412433319,0.00165210532740375,0.000381699486217188,5.47397039924258e-06,1.45262726523354e-07,2.43216833267277e-07,1.2463150590493e-05,4.39631479623643e-06,0.00126657330250647,0.00116474587072928,0.0119356443559602,0.0146388469969427,0.00190567788805405,0.000139493696482238,1.13893893238323e-06,9.72936170815401e-05,0.00153612729372066,0.000515331717863577,5.97871128085105e-06,0.000866237367766661,0.000105659175234322,6.9101499794352e-05,0.000368211992107221,0.00768821829043897
0.00628401823246649,0.00188835693555457,0.00133355437191969,0.000318788433214584,0.000705075018245351,0.000277261272404902,1.09334724149252e-05,0.000688436903312199,3.37910352158841e-05,4.83742763329554e-06,7.12201243176377e-05,7.04194240006892e-06,0.0043592917004008,5.64884241589222e-05,5.0204988643394e-05,0.000698714348953656,0.00079732655778564,8.51213489531028e-06,2.82900308045603e-06,0.000307688170492154,3.91789340626278e-05,0.000141155376760063,3.9591537998514e-06,8.50005088632434e-06,8.81945419767881e-06,0.00090097380499543,0.000190005694239793,0.00240968290548245,4.47670588189667e-05,0.0028219576990322,4.56702922738881e-05,0.000111280865881789,0.00043269445037652,0.000363307906225761,4.65465503872699e-05,0.000855869487147958,0.000139630248545178,0.0045083015769119,1.28527576272137e-06,0.00334975317017004,5.81757962019534,3.54099308935521,0.000869813640675504,0.0602881019977351,0.000539893910978235,4.48612509384691e-06,8.57915162579267e-05,5.63247545622256e-05,0.000966347107934121,2.5904453246532e-05,1.71279160692945e-07,0.000424501479302233,9.40070070582547e-05,1.78562863484376e-05,0.00157748860137364,0.00166013496579458,0.00383611929088436,0.00543875174711789,0.000313480375267298,0.00977423259156089,0.00305606974009383,0.000786688367476369,0.000427957500444767,0.000341793064888817,2.1144781178587e-07,5.92517130462648e-06,0.00246738742534251,0.00309432280627668,2.33947218058068e-05,0.000539040138972018,3.56425968212438e-05,0.00192915247804179,0.000376747794242695,0.0029807625988942,3.91020513121655e-05,0.000147249050560896,7.39346555974783e-06,5.37696234743894e-06,0.00195561527540838,0.0113908858892112,0.000348388179803796,1.74187160000767e-05,0.0105370385869327,0.000487288525333996,0.00113147337845602,0.00013935542097985,0.000386907310983894,4.37432452896755e-05,1.08112388076704e-06,1.1614558724363e-06,0.000936406174396948,0.000105602411486503,0.00321017264353269,0.00130278928164481,0.00143529809022968,0.00327632590697417,0.0001813608222819,0.000315672300966103,0.000235417929946889,0.00109278286638143,4.59862826354086e-05,1.88749587155956e-05,0.000780100181795329,6.31637911140149e-05,0.000331075660611942,0.00130040307111912,0.0271181760283507
0.00207792078144676,3.8612544618602e-05,8.71523624009012e-05,2.79911504764279e-05,0.000691613508325949,8.98193187240222e-05,0.000236533312215875,0.000481875845462438,8.21169239740763e-05,1.69010861847342e-05,0.0010957495658755,7.36516466990188e-05,0.00403563953081728,7.01432877663736e-05,0.00161250294345059,0.000153547178215953,0.00043899999834765,0.00212200417563382,3.18677879576333e-05,0.00498691984450909,0.000491069014355192,1.3377744627932e-06,7.22033801089604e-05,1.05042463421529e-05,0.000257540146254613,0.00492662953043429,0.00148391990653006,0.00887758041215899,0.00213186099679215,1.63549887920659e-07,0.000532544148602888,8.01855411562896e-06,0.000498783771913673,3.36426983854727e-06,0.00013643456473161,0.000795519323691407,0.000848452145094956,0.0070767794335388,1.84077462532219e-05,0.0118484300554572,0.000333970558172451,0.536670695216371,0.876473652080837,0.0046493123678502,3.33377359384514e-07,0.0072802750857802,4.9178636660025e-05,0.000123347063081921,0.00151178520092249,0.000810512627019474,0.000125718729205394,0.000419236037992175,0.000320604783520099,0.00354300105165144,0.00149278956509497,4.04517183409415e-06,0.00131229685254597,0.00437472448098285,0.000198735213785227,9.95178334136147e-06,0.00269637427571406,0.000766267843785425,0.00129741632368011,8.79739491667273e-05,9.10432631638974e-06,4.33020425668409e-05,0.000568575683852046,0.00542333785866403,0.000566481923809407,0.000160901883959063,7.6541790651218e-05,0.000146700920188993,0.0012333623952808,0.00425881386984306,8.05063185518635e-05,0.000226183036705686,0.00131502023935166,0.00242687341791029,0.000376580199274938,0.0307223692998646,0.00217389966462564,6.42324767910318e-05,0.00666050058516204,0.000690476459039658,0.000535130951687953,0.000184445696535343,0.000146220621208966,0.000188214404017388,0.000210367120699431,5.63529290032564e-05,0.00124036984071114,0.00361838123521661,0.0400309258917418,0.118752916491552,0.012893175278536,0.000938145534957121,2.57873376744824e-05,0.000567861671220087,3.47985861531445e-05,0.000874975971072802,0.000248402249119555,0.000556960113984371,0.00180944490495845,0.000337265593428336,0.00120549734167313,0.00225163409310514,0.00157195754363894
0.00124209126840474,0.000126629396883414,4.74053237319601e-05,7.76575096624743e-07,5.23600923594113e-05,0.000174143514331495,7.44759253359484e-05,0.000288787100100264,0.00128488773243248,9.37748737868433e-05,0.00228984900609301,0.000332760307529831,0.0106637231682169,0.000986312145812971,0.000465131637161713,0.00087915019790724,6.22953340371282e-07,0.000234701873814004,2.99916314066531e-05,0.000814198773657979,3.74178692870132e-05,0.000393461804654389,4.2294833867336e-05,0.000104888972159242,2.04345416705826e-05,0.00131040632291001,0.000268568969450415,0.0143359886633547,0.0019747143603399,0.000498809227528613,0.000204354734819404,0.000330547454901329,3.80283221917704e-05,0.00028106396851754,8.22917064858235e-05,1.93218645989808e-05,3.08721577692749e-06,0.00219787963155719,0.00302889502519075,0.00814654936354704,0.711110572082538,0.589616189413736,1.57628118309359,0.000666619907220017,1.83783988365573e-05,0.000471300689341912,1.46245884606896e-05,1.08142082808863e-05,0.0006499914445912,0.000181657826649268,0.000150800815120453,0.00138649685323185,0.00214013069481936,0.00238083893083966,0.000475679248453117,0.000865374990090032,0.00580667301994587,0.000808221223604828,0.0161456147257897,0.0116678009771629,0.00124463241968536,7.34619703200587e-05,0.000162898764513764,0.000500222034635606,2.0680551075276e-05,1.13963927629464e-07,0.00737302269441624,0.00587458637305543,0.000415962338481684,1.06566420849661e-05,5.84717590609753e-05,0.000632766470476092,0.00112710977920579,0.000389416723474912,0.000177579681171977,0.000292453838777009,0.000193747391482649,0.000151550334152887,0.00176044505023539,0.00187441355932261,0.0561147897914114,4.57323761190183e-05,9.03676981180089e-05,0.000179926970227346,0.00106046789603095,0.000177760871263188,1.61236022320672e-06,9.49257129461749e-05,0.000202217598477592,9.88158915447962e-05,0.000185322771069923,0.00098248198157444,0.0237371363172941,0.0561451238687625,0.00109458019633986,1.43013414404473e-07,0.000604465700776043,0.000239325541399418,2.54466957012889e-05,0.00204488755943908,0.000167065838286329,0.000445490164082686,0.00149041871648975,0.00043079952074849,0.00111790899180279,0.000709343063097713,0.0210415787923814
8.68901588090714e-06,0.000335163539767397,0.00153077556825393,0.000169462809589607,5.80536344062113e-05,0.000329835133066153,0.0003067257716288,0.00133121813415001,1.30331982117668e-07,1.92202052959467e-05,0.000757873703354247,1.19498709602965e-05,0.00128185860846279,0.00308848683097626,0.00183040676763313,0.00101424265211009,2.73145632976987e-05,0.000374921986143101,2.89548672165614e-07,0.000113114210165801,0.000136674763535665,0.000270129048135981,9.65635991221563e-05,1.27090495599723e-06,7.41920417314864e-06,0.000251261050830212,0.00686984688558267,0.0122238204307369,0.00142807398122194,0.00017030585530648,0.000241953683521502,2.71775775926812e-05,0.000323332157184975,0.000195310968013577,6.75734793020614e-05,2.10112953365541e-05,1.95103147946128e-10,0.00190137356649341,0.00153819212928573,0.00203632562606954,0.761362243933561,0.557423622688225,1.51717390693272,0.00186182991080446,0.00467811976338053,0.00013934669702663,0.000274806157714941,1.85942212516326e-05,0.00195129095795592,0.000461921753859154,0.000132878821166536,0.00128054638904133,0.00106315736602249,0.00308730225045932,0.00154650803196887,0.01885421364677,0.000277352383489537,1.64125262010265e-05,0.000356300029303482,0.0113443680938204,3.17850321282355e-05,1.02186065590747e-07,5.37026085587687e-05,0.00036094837408972,6.49654737136659e-06,0.000285831158827874,0.00886591997405161,0.0030541737683858,0.000553297336749273,0.000656037335381264,3.63713094247042e-05,0.000362800064875281,0.000738134123432768,2.50807530906418e-05,2.30056097541329e-06,0.000861711969519676,0.00116280144645748,0.000465267138539596,1.9327103470939e-05,0.00292218612301549,0.000219312078174821,0.000178580239984182,0.000371272695987173,5.98504250828652e-06,0.000325737663271381,0.000254831876457791,8.47219930363457e-05,3.37995284704037e-05,0.000160871669124327,0.000150183088565774,0.0047069578549174,0.00350157828821093,0.00119044421003396,0.00450688804486622,0.0182226933703765,2.78628629168843e-05,0.000122647717437368,3.77733917571718e-05,0.000300724176439291,0.000545258353338002,9.16546770931884e-07,5.27961671183544e-05,0.000304709279176992,0.000665380624035849,7.15740646809828e-05,2.21402406583019e-06,0.000168523055761398
0.00395586208675153,7.68708500671678e-05,0.00132808218298984,2.38762621783967e-05,0.000250969477465574,0.000289284894731748,2.75161153866013e-05,0.000377737561820383,0.000145962920643784,3.32801344414744e-06,6.22238481324505e-05,3.92821637817289e-05,0.00735845942515175,0.000172764023735159,0.000153668878565958,5.44727664097936e-05,0.000153046502209583,0.000134047644293251,5.03005809462698e-06,0.000276182858101497,0.000338111227841653,8.23831312447705e-05,8.14328281405303e-05,2.83121826219354e-05,1.1799385737295e-05,0.000641679761060326,0.00466480520223529,0.00963308301022609,0.00164905604709555,0.000190657887972791,0.000201054080891549,0.000237377727815121,0.000240374772127832,3.41313188742059e-05,2.4965124780116e-06,5.74972882941869e-06,6.00049089614718e-05,0.00178337714533845,0.00164965657959414,0.000838432055257668,0.175247671509462,0.163245029627447,1.98545952608366,0.00160127425949363,0.000109946961763827,0.000262993517532067,0.000196012694937035,7.92163850318701e-05,0.00194724483299064,0.000535643497471035,0.000492958652325335,0.00376638332987909,0.00144444864408847,0.00143771539423988,7.96928495575311e-06,4.89490269846201e-06,0.000125479147843493,0.000450366352289359,0.0140796391662167,9.08438872606333e-05,3.50455621563194e-05,2.33847230812045e-05,0.000185386476324478,0.000150176864035057,5.82633465543436e-06,0.000104222403775305,0.0111086323059577,0.00464333661013625,0.000588339190732935,0.00119857855798783,4.32670410464689e-05,0.000164794680218511,0.000633206365874013,1.5446611037527e-05,0.000252138847597154,2.22005125225023e-05,7.16919381039345e-05,0.00177967761606852,0.000427048572356926,0.00656591052761245,0.000392943550076521,3.1335979004142e-05,0.000904380814579785,0.000492547994119955,0.000602239463807765,0.000276612291987147,9.32781850432574e-05,9.87027723160287e-05,0.000110116623413136,1.14036648813548e-06,0.00697001107069397,0.00421574924245976,0.00449811130201525,0.0168486755063481,0.00705243291930181,0.00126958674432646,0.000168675179040814,4.16470398573322e-05,2.25329405896372e-05,0.00174353073719219,1.16661289430778e-06,0.000519757955735773,0.000388139488214994,7.07792453568442e-05,0.000189364264019258,0.00140334939273274,0.0110758697957935
0.00468816709759283,4.47518610973146e-05,0.00129761524752135,0.000212978567401139,0.000831088944892268,9.12219067293402e-05,0.000330758384230565,0.00115647767339162,0.00102428758270817,5.65698846573614e-06,0.000767677132987308,5.0730279193084e-06,0.00638276647903153,0.000556044575159402,0.000377162429291405,0.000248590802844169,7.09302594681718e-06,0.000352521528156517,4.2391482878191e-05,3.03546389146207e-05,0.000915344774213015,0.000340142524478852,1.22185190817322e-05,3.67398101694129e-05,1.42775416377197e-05,0.000821949078556113,0.0036893236049246,0.00679001549541767,0.0015401118250384,2.02831061956743e-07,7.31213593380112e-05,0.000906732595395904,0.000911758580123407,0.000224078638136134,3.91409682630189e-05,0.0003992061029155,3.1235664161639e-05,0.00212701319060461,5.59046282456093e-05,0.00239142925268002,0.514695373533078,0.906437202331287,1.23589559539909,0.000764361471558842,0.000172478631325252,6.94947052797611e-05,4.24166299290978e-05,6.45657676141144e-07,0.000180539817113864,0.000118224017878823,0.000101922143310598,0.00325679658041497,0.0001755020614895,0.00147186341873008,0.00217592723856511,0.0094798567281503,0.000611952092129895,7.78410267639901e-05,0.00315263619847473,0.0115993595837845,0.0003195614122654,9.9632157181963e-08,0.00011709925554211,1.92596203849924e-05,6.3863961337277e-05,3.72405970232625e-06,0.00553136364820459,0.00251788428908471,0.000138725147451381,6.52922321413483e-05,5.10631739171089e-05,8.10388434734256e-07,0.00087415532093291,0.000357268331495002,0.000163220538394011,0.000128590922406556,8.82101050536092e-06,0.000672622626315557,3.59346281914914e-05,0.00631136120737299,0.00385525621930711,2.1168125463067e-05,0.000437628232221962,0.00023363853910345,0.000798235564019295,0.000255813178932475,0.000271781326513326,0.000209028981769442,3.11719958521603e-07,2.74299148912602e-06,0.00208623198118606,0.0064048435969587,0.00443359122076491,0.0253061331425543,0.000396764728981099,0.000672901839580965,0.000339630485000006,1.47766935412592e-05,5.29419968055803e-05,0.00181672754777938,2.60257795596865e-06,0.000248819859143907,0.000535891987774482,0.000382768287114365,0.000188751803745689,6.63789680274524e-05,0.000337575596650356
0.00736787651617606,0.00072907134939807,0.00212528517971324,0.000130588306970834,6.01358670253595e-05,0.000230530545372818,0.000305312089820363,0.00058384381634196,0.000411509959170319,2.40492489459627e-06,0.000141803964395581,2.69748435120137e-05,0.00227567185696575,0.00325011381585614,2.77396654234481e-06,0.00321028647675191,2.15058253583597e-05,0.000105299167667256,0.000170267693330957,0.00180040985267368,7.81709985882597e-05,0.000195510128263725,5.03533812498252e-05,7.72413499473354e-05,9.76634453920221e-05,0.000209677588382706,0.00426169198806893,0.0129786191409368,0.00164495982576264,0.00317776558039284,0.000331897281585006,0.000218865835312352,0.000351221228655794,0.000431289370273183,0.000121475457888118,0.000279511950091358,0.000415309029577697,0.00671586543963513,1.0607263738248e-05,0.00508105821381752,1.34935942985867,0.0161679460078795,0.982477340107845,0.00170071102352043,5.31759131890398e-05,0.00252897047156428,1.14166134216237e-05,0.000117302756093338,0.00176163673203005,0.000475421276005441,0.000530520696308678,0.00237197867193201,0.000291036600325809,0.00304855328001279,0.0010240369953698,8.45278154518853e-06,4.73929536908032e-05,0.000396943644439896,7.99856239720637e-05,4.88856408591717e-05,0.00036096277484737,0.000409541063081071,2.386763395255e-05,0.000244039883338113,2.1300426635586e-05,0.000375555894158471,0.00571986554665605,0.00486926074024378,0.000584380072753992,0.000600346172050038,5.61651785549924e-05,0.00114098577984052,0.00113817596523874,1.86438964260561e-05,3.98769475263737e-05,2.26263287133913e-07,0.00191276527522269,0.0016982842749629,3.8166637267341e-06,0.00114241698198614,0.000356325101477497,1.23489452835872e-05,0.000637241807737037,0.000613235561222129,0.000988853549286158,0.00030585320820519,0.000734172238206388,0.000416311147403074,0.000474834873870562,0.000128469825868572,0.00631104464713791,0.00380000959032334,0.00207085162449188,0.00232087715760986,8.51198633734577e-05,0.000154951291556381,2.58992611561013e-05,0.000598433257227106,3.05412996621921e-05,0.000450497770175683,1.02096415776335e-05,1.77030892060723e-06,0.000653113064518401,0.000997057223966899,0.00159124780738189,0.000105019438563452,0.00794918655308538
0.00165514607213157,0.000498351926654118,0.00204942034679459,0.00019271732589717,0.00029606210020604,0.000188168593629978,0.00889091482042396,0.00536930978303325,0.000344722702927946,1.70293286670387e-05,0.00106147382015891,0.000585590641637308,0.00573933819145052,0.00370598851073311,4.25979643372266e-05,0.000470620973188403,0.0004804526497719,0.000158893980809433,0.000107406166452803,0.00348862222977298,0.000391165558786977,0.000363760709733415,3.43565829175667e-06,0.000100416075736918,5.73981189837667e-06,4.10525574898271e-05,0.000774892389262908,0.00045707030486624,4.23517492587206e-06,0.0031941210589345,2.80436319529738e-05,2.46149832724904e-05,0.000104056581969114,2.57230690189794e-06,0.000321783780671982,2.74398075076865e-05,3.43375082538678e-07,0.00196182716521908,0.00192868061487263,0.00973144536538892,1.01129354361159,0.688493846093161,1.94624466773005,0.000312536509149728,0.000771392382392003,6.11327729022382e-05,0.000327034031997704,6.49671587283695e-05,0.000764183019633722,2.94912231359532e-05,0.000136268484847276,0.00368243109857938,0.00162201094128514,0.000992575104333555,2.84627040350563e-05,0.00137258559789481,0.00131407171508664,0.000380646559520307,0.028637133985513,0.012434641843071,0.00821733072226044,8.39541097819921e-05,0.000102497868678378,0.000154008980589723,0.000126197381471883,0.000117948868196668,0.000490477011898197,8.80039646484516e-07,0.000161808365437107,8.04940780523673e-05,5.59578743271906e-05,0.00100622950240209,0.000462353353910146,4.78586436824804e-06,5.81372106317297e-05,8.50409766166141e-05,0.00263069995285124,0.000295054222455736,0.000522497018679806,0.00790296479249045,0.0409277192423571,3.25280333934498e-05,5.01163015399302e-06,0.000524916403520446,0.00129532011727635,0.000481117568202178,0.000406546720805839,1.13009710319424e-06,7.18571854757211e-05,6.51935979200892e-05,0.000544609468176103,0.000247308365820793,7.20320689373237e-06,0.00105215888425316,0.00359645136718095,0.000417277847482391,0.000464173846706456,4.71205580867733e-05,9.67243333700375e-07,0.00219970294357272,0.000515550541063803,0.00016845767829649,0.00139467919495342,0.00109546028318498,0.0037721649863133,0.00159710128709281,0.0340124252205547
0.0622841217971793,0.00439686070560132,0.00289811746955234,0.000505946039178122,0.00025607017918421,0.000143771890807786,0.000480828315377238,0.00173324168168445,0.00536576739045615,0.000188090763999529,4.99786916991061e-05,6.30912346690449e-05,0.00530538606918086,1.610247792753e-05,1.74867515097483e-07,0.00150041694711518,0.000680378042698255,0.000558047774923193,4.86599399060816e-06,0.000567861632519844,2.60720780374518e-06,4.2009715986235e-05,5.35228918422084e-05,0.000246472863958449,1.67606313154574e-06,0.00113297646494607,0.00135735578395092,0.000566242374717226,0.000119641004435603,0.00285897471594403,2.65287171600264e-05,7.80715151380196e-07,0.000542371094884238,0.000100496659423571,2.52259594058132e-05,0.000768742622843778,3.84095702998881e-07,1.12921203318474e-05,0.00114936933317806,7.52612359586497e-05,0.257812722692427,0.884435054744796,1.19975450283447,0.000181743249115877,0.00838958024045858,7.14592515997892e-05,2.51338235403711e-05,6.26880328327775e-07,0.000256734783407109,1.26807400382065e-05,0.000410120485762007,0.000381954910075681,1.16095150984277e-07,0.00144322319164013,0.0016130577096541,0.0139358051995651,0.00179178978395242,0.000100954741977393,0.000336181822244722,0.0037778087892335,3.0251899492063e-05,6.54636452328611e-05,0.000131680775509372,7.8162893418571e-05,0.000406459971434427,0.000507061634205286,0.00897825516709995,9.12514222427901e-05,0.000178089173144648,0.000162060984528446,3.67111743253248e-05,0.000399632651071828,1.79097776961395e-06,0.00322906831854618,0.000410797578587845,0.00020730850043112,0.000729848749211312,3.54065775751626e-05,3.56934811642536e-05,0.0149374254982504,0.0019035224888627,0.000255010365690076,1.16006677344089e-05,0.00413298466210832,0.000237479377619987,0.000119638695524992,0.00022243493862644,0.000541922064551568,8.77390940922391e-05,0.000393312876360364,7.58330926557218e-05,0.0014852816437787,0.00230212043772974,3.77521257397792e-05,0.000138460628062019,0.00107770190226823,0.000254346259037575,6.32337234133335e-05,0.000209919778631243,3.90282490802151e-06,1.07217938637586e-05,2.08437071527481e-05,1.1956127114543e-05,1.3773313251528e-05,0.000703433393395734,0.000744797878717089,0.0103011211615835
