"V1","V2","V3","V4","V5","V6","V7","V8","V9","V10","V11","V12","V13","V14","V15","V16","V17","V18","V19","V20","V21","V22","V23","V24","V25","V26","V27","V28","V29","V30","V31","V32","V33","V34","V35","V36","V37","V38","V39","V40","V41","V42","V43","V44","V45","V46","V47","V48","V49","V50","V51","V52","V53","V54","V55","V56","V57","V58","V59","V60","V61","V62","V63","V64","V65","V66","V67","V68","V69","V70","V71","V72","V73","V74","V75","V76","V77","V78","V79","V80","V81","V82","V83","V84","V85","V86","V87","V88","V89","V90","V91","V92","V93","V94","V95","V96","V97","V98","V99","V100","V101","V102","V103","V104","V105","V106","V107","V108","V109","V110","V111","V112","V113","V114","V115","V116","V117","V118","V119","V120","V121","V122"
0.000143805424653301,8.31547954903728e-05,1.64030459314069e-05,1.42309446973075e-05,2.8720537385505e-06,5.10915295593166e-07,9.03991135778699e-06,2.37239279623968e-06,2.55592475408181e-05,1.76940781497685e-05,8.21149206357225e-06,6.71152813776382e-05,0.000179428971234016,0.00078168203968211,4.8021787156264e-05,8.0445372873543e-05,3.79391839670274e-06,0.000117528247533284,0.000160898269131758,7.87859465479212e-05,1.81934418083857e-05,7.27293131842168e-05,0.000143576865341585,0.00024434757025861,0.000536106951382569,0.000517346088978343,0.000148431203499397,9.85567326874612e-05,7.77885531355132e-05,0.000150058931892739,0.000219378099749897,0.000143671910936515,0.00153106563584525,0.00118881623787305,0.00135933094072449,0.000474807986702507,0.00117966617122178,0.000636381823876381,0.000353169168810285,0.00014901673892937,0.000184950194882097,0.000185047545339547,3.36658754345623e-05,6.02724735052082e-05,8.26946293708622e-05,4.45932864669335e-05,1.0219089685279e-05,1.53399304015365e-05,2.71775843697343e-06,5.43060419563845e-05,6.35993567299057e-06,1.48069661575598e-05,0.000410554461568889,0.000752719250839671,0.00779390389978044,9.15417369670546e-07,0.000606266645732059,0.000143783853455513,5.44488969529724e-05,2.27858454624332e-05,0.000437317018682336,0.000996734552873596,0.000102485068498907,0.000206422275601316,0.00101837402967051,0.000233623060948658,0.000324765309360514,0.000678762869680984,0.00423779968250408,0.0359139142177668,0.015396268645522,0.00153837278377429,0.000438188118210139,0.000162061273751233,7.95474509966091e-05,0.00015959870220646,0.000339852425005603,0.00774159737632663,0.00349079317524365,0.00112735155351312,0.000920866494540504,0.000408296122892749,0.000421441902663387,0.000198932062441663,9.01892770035868e-05,5.03965512109187e-05,0.000138168949117343,2.32514406942202e-05,1.33164544498855e-05,1.83277668792906e-05,1.36576080363312e-06,2.94621317053747e-06,2.10725317615516e-06,3.18981412853935e-05,3.36560122766272e-06,1.48121437190348e-05,1.3903437855396e-06,1.88530470443236e-07,7.0336325745869e-05,NA,NA,0.000361486439364167,9.67835345516327e-07,3.48058822106565e-05,8.63528587772739e-05,0.00049212875640829,0.000704957738097941,0.000520024342433827,0.00124113507074533,0.00222919869435953,0.00361253536406473,0.00236773165206166,0.00928845947295247,0.00287397251692577,0.000778749275448885,NA,NA,NA,NA,NA,NA,NA
0.000183180062469554,0.000132415381277044,7.51248212949216e-05,5.50410601175163e-05,2.30363188878557e-05,4.6893725666909e-06,2.51681555831489e-05,4.83504555212085e-07,2.63448992095377e-05,5.73352512491867e-05,7.66787069204439e-06,1.33243132895679e-05,0.000201788978769614,0.000933027942129787,0.000233433521722943,9.09347054092274e-05,2.44938390696285e-07,0.000139856632108785,0.000142976175971888,3.56636699732659e-05,2.64080345940453e-06,3.05333471206867e-05,6.98192326406061e-05,0.000175007874381564,0.000496488103187472,0.000262857777232135,0.000102985707702318,7.11644312452237e-05,5.07547974202798e-06,5.75515446924252e-06,7.13744731009751e-05,0.000213163016318003,0.00120210459564117,0.000662584868369291,0.000453958917281067,0.00026771055757728,0.000981491267787172,0.000334606284823972,0.00019044137968021,6.94794079567844e-05,0.000121179496318512,0.000135165178632706,5.61354486840499e-06,1.74441468352396e-05,2.41176670720184e-05,1.20388299576302e-05,2.36674342018516e-05,2.42629628726605e-06,0.000147311463999527,0.000224515986416257,0.000233549613693981,0.00049224014082937,0.00104018113672231,0.00131282100067101,0.0108984028896212,0.000138762384696659,0.000483850690981971,0.000688745629803071,6.39130152982872e-05,0.000156473642335176,0.000495437905937277,0.00103393436583398,0.000507751042448319,0.000306829238554475,0.000440039309216636,8.7310510437645e-05,0.000221024997339228,0.00106597349374195,0.00577189393889017,0.0400634364980223,0.0151530904146894,0.00129332869220167,0.000436186606809284,0.000137316644845545,5.32068309323489e-06,3.37581325930311e-05,1.88389918902157e-05,0.00181225376572342,0.00334483849379747,0.00103136012583588,0.00106796837628664,0.00109102862138,0.000461297384697552,0.000477993940423112,0.000209905814310341,7.66138650784698e-05,0.000138510172371871,4.9572390334337e-05,3.90318801550533e-05,1.75457476626479e-05,8.52359207580837e-06,2.43441929515419e-06,6.64361679231636e-08,3.75192729816078e-05,2.72558435238499e-05,6.55930584999721e-06,3.04257822008569e-08,1.04308978901375e-07,8.69218590722892e-06,NA,NA,0.000833513402083808,1.83251197294881e-06,6.26122494206057e-05,3.97677387124368e-05,0.000306719276232827,0.000485898418764975,0.000307883908571689,0.00107073686440262,0.00212742443764319,0.00170776062649825,0.0153580728958539,0.00717564086324752,0.000809245168711404,0.000237032774602147,NA,NA,NA,NA,NA,NA,NA
5.6552395983327e-05,2.36146006213077e-05,3.83141145778619e-05,3.50370524148991e-07,6.12618293342968e-06,1.76409720985102e-08,1.43319582022429e-05,9.93639854769465e-09,6.65626416749986e-05,6.30354323897509e-05,3.00423649112604e-05,4.55267076851301e-05,0.000177120362582844,0.00117364632928952,0.000139789926218059,4.02191542208626e-05,9.82421988089241e-05,0.000352980206119341,NA,9.85535808239076e-05,0.000118790058412753,0.0002210537985892,0.000350769125233745,0.000306704987604923,0.000573151144610677,0.000600642036739774,0.000447544172776106,0.000268053839513676,0.000130019692908441,0.000420731809126625,0.00105520952862712,0.00138822202540151,0.00239747413692145,0.00049313902791656,0.000624108002772098,0.000298761780433723,0.000803339558502533,0.00037360014185762,0.000226445867415792,0.000106937872000776,0.000221424691179437,0.000178407972092028,9.60265435613715e-05,0.000131379143619867,0.000245542956030809,9.24373510207433e-05,0.000174545272335286,0.000418016409850791,0.000352142381609838,3.09754359859419e-05,8.6935223941876e-05,0.000420873233155509,0.000107492468710993,4.38758297189464e-05,0.00567379200733861,9.57286954662712e-06,0.000687544881581099,5.6032087457836e-05,0.00656970730747049,0.00418654171739903,0.00948591915528663,0.00539893346512164,0.000547545781508707,3.88835035829638e-07,0.000101425465285222,2.51380736077508e-08,1.99782703831222e-06,0.000929827894415989,0.00515089883992522,0.0342010339197792,0.00553590371529462,0.00152750396912965,0.00027432073797218,0.0011722506325809,8.92979971200601e-05,0.000271301068781262,0.0031635878447291,0.0120165860915025,0.00128474628433311,0.00011239718948414,0.000353069499334399,0.000190017754232203,4.94384101897168e-05,2.37886417579736e-07,3.36449911837391e-05,1.06863522574124e-05,1.42319661433405e-06,3.7766335648803e-05,2.653291419341e-05,5.58962298645472e-06,3.15282186661894e-06,7.49185148944204e-05,2.95702748449623e-05,1.16454333507537e-06,3.46530290767255e-05,7.70037807617183e-05,8.65899393564402e-06,2.67021999935129e-05,3.10349384944405e-05,NA,NA,0.000885828020545479,1.92627750158392e-05,0.000101570312988974,0.000553709934339439,0.00108409917281247,0.000911570177738443,0.000639458499922353,0.000945375903580029,0.00336696557879732,0.00399199681302244,0.0190866825991378,0.00463545290543406,2.14277089271725e-06,0.000197867058679934,0.0126550653367253,NA,NA,NA,NA,NA,NA
2.32290862931016e-06,3.035332693351e-06,9.39389645739205e-05,4.81255132408348e-06,1.10137156119795e-05,9.82156767066433e-07,2.40086619196151e-06,7.21888551776161e-06,1.09667684516781e-05,3.0286383405919e-07,8.78705321508855e-05,2.26321732878815e-05,8.29124274494092e-06,0.000151503859932079,0.000964876395720969,0.000125464737726686,0.000120594233818962,0.000510542296655451,NA,5.9785202432927e-05,4.53962152941383e-06,4.9790566371994e-05,6.87831852715545e-05,0.000230421667527516,0.00037775003352703,0.000518248500257423,0.000159661148142415,0.000104420127616861,1.82913655383565e-05,5.52807278473369e-05,0.000100272735653593,0.000431412354121171,0.0011706544224275,0.00115716243116352,0.000262238291477964,0.000196247692775203,0.000732829750127188,0.000300420125011287,0.000118612929532792,9.028324153578e-05,0.000120336317873141,7.42765547823055e-05,2.599827960289e-05,6.73100524206062e-05,5.59270040419658e-05,2.11369811248934e-05,5.42666813441496e-05,0.000115655325781915,1.87799928362253e-05,1.5139556632023e-06,4.29359286332074e-06,4.86077269054123e-09,0.000155182806882993,0.000208350038957012,0.0085549940191877,0.000957965278800347,0.00117274689946204,1.49546086926654e-05,8.61797605410053e-06,3.29323646573465e-06,6.92525802474298e-05,0.000251066771875,0.00013876020391651,1.08274622358601e-06,1.91818962607129e-05,0.000154821273872037,2.89195201788065e-05,0.00159486547581896,0.00744626358760984,0.0294236038028398,0.00667675588974041,0.00189007705357894,0.000241065262127131,0.000111097427367212,1.10646252563797e-06,3.67357525070745e-05,0.0037804723318991,0.0070746713937227,0.00036693648896611,3.23037385665604e-05,0.000983758024365207,0.000483909701450395,8.80282837001879e-06,1.65101680050858e-05,5.00154104864695e-06,1.93071714384984e-06,2.5469748771777e-06,1.50081258565147e-05,4.46227193059298e-06,1.76224811670988e-06,4.45321848125464e-07,1.41005072908647e-05,3.22749233037312e-06,2.07941508336137e-05,2.26498234202821e-06,2.22324070977221e-05,6.42416036654021e-06,0.000112339809703362,0.000106924190371215,NA,NA,0.00111671875908266,1.17209397396587e-05,1.54911320549916e-07,0.000530627954760819,0.000322355353441075,0.000398589423405515,0.000395309139072945,0.000600199437438438,0.0020806939057503,0.00125877489845591,0.0294112168495143,0.00433341320268436,4.11187562828194e-05,0.00045794396737326,0.0105283290393489,NA,NA,NA,NA,NA,NA
3.33606425305968e-06,2.89025631641842e-06,2.62980649150732e-05,1.09335793068376e-06,6.10882324430593e-09,5.50875786898914e-07,7.54041887959819e-07,9.45320954899658e-06,2.64781910199309e-06,6.11723425648977e-08,2.80280836641472e-06,1.05038013874504e-06,2.95524349041042e-07,2.81253329050904e-06,7.03832378494282e-05,5.59594357771678e-07,1.63680786686269e-05,0.000235125720983825,0.000105325629285583,2.80668895881418e-07,1.07394376161367e-08,1.80446510162407e-05,3.91350323037214e-05,5.74333943618075e-05,5.68843914684832e-05,3.19915266883929e-05,5.04583931829523e-06,4.85659291411722e-06,1.23752119963407e-11,0.000151507028640458,3.59946002222107e-06,3.02164635749471e-05,0.000302574151149871,3.93930991191206e-05,3.60032890490273e-06,3.53727558743893e-09,1.12200591744321e-05,1.03590804137751e-07,4.298981409216e-07,4.64397024364814e-06,1.16442032898161e-05,3.83397250608861e-06,8.39610721913186e-09,1.11097375924762e-06,1.00770851870801e-06,3.90971655536849e-06,6.51698918995203e-06,2.78755513627325e-05,7.83984969645012e-05,1.01975721330234e-07,5.09162353605229e-07,2.82037829104194e-05,9.49428395869853e-05,2.59199722439157e-05,0.00585024413980963,0.00102670884340439,0.000206379254294025,5.20580432820761e-05,1.79550846300293e-05,3.09697956222984e-05,0.000376083284137169,5.48853496607528e-05,0.000349686375492866,4.85210951225309e-07,3.03323370363298e-05,1.19828368351277e-05,0.000146468625620567,0.000995680606624002,0.00208586732151142,0.0186136257425247,0.00417565985481937,0.0015025220405168,0.000183876888495422,2.46561105772294e-05,1.25513256765283e-05,5.83713943590754e-05,0.000658319332137902,0.000226449606332356,0.000680107413074337,0.000650771002945362,4.17420735622385e-05,4.67174622738573e-07,3.05943073218759e-06,5.62279603097879e-06,5.65723511162899e-07,4.47137509928665e-06,1.02830568322976e-05,9.5586960608575e-07,2.10181173956464e-07,4.92650469925459e-06,1.3767587972875e-09,5.49337900477888e-06,1.50933790534769e-07,4.57421658675835e-09,2.71166588903542e-07,4.43909499883365e-07,7.63057585676473e-06,6.20220559266655e-06,1.34398493929948e-05,4.46200133790033e-06,3.5007461592985e-05,5.76009921316944e-06,1.01120261574294e-10,2.61787010363708e-06,7.06746736524478e-06,4.5170919174553e-05,1.29086897202893e-05,0.000420928190019244,0.0015125116329481,0.000532004341220169,0.000858230853831112,0.00202324614960428,0.0043526461237735,1.43756979499647e-05,0.000148679826971785,0.00169739378602291,NA,3.34635232207675e-05,0.0047900229512886,0.000385334502342764,0.00125022068185965,0.000256194836038286
2.15555999974341e-05,0.000109841562109481,4.88709068701742e-05,7.58913977803972e-06,5.21513110274868e-06,1.09582219495767e-05,1.514621520712e-05,7.69871164121528e-06,2.906124615256e-06,1.04972082680322e-05,7.11414028981245e-07,1.0464285375953e-06,8.32604656257169e-07,7.66813256838317e-06,0.0001534084698047,0.000219648979167787,3.72284504331979e-06,2.11198175562015e-06,1.3204563980013e-05,1.18339448152541e-07,3.0914637111141e-05,7.6227171677544e-08,NA,3.73970213326729e-06,1.08825218708891e-06,6.54797567424074e-08,6.62358543233322e-06,6.07316291142303e-08,2.80054051198946e-05,1.81443280164841e-05,9.05880942463189e-05,1.63979744961074e-05,1.89654016715987e-05,4.58406625189903e-05,1.98992430379884e-05,3.57917397244091e-05,3.27012895496767e-06,1.72014497949919e-05,7.97067087266457e-09,1.02712894453086e-05,4.1854754582729e-06,1.03178358458874e-05,1.86819272362581e-05,2.0919733684369e-05,1.14381486850261e-05,1.86173721604771e-06,1.74735318262247e-05,6.49602524248415e-06,5.50691749858877e-06,2.13324089071056e-05,5.74555689288579e-06,1.89471607221929e-06,2.63483571271496e-05,6.13437963438303e-05,0.000863756432192869,0.000261152751919645,0.000350287889751955,7.07280986474728e-05,2.555803684031e-05,1.74406557968591e-07,1.12867071036163e-06,0.00023424426799123,5.9411200134164e-05,0.000129775989895699,5.85186658006774e-05,0.000100114146032225,9.69964966997806e-05,1.48892770058442e-05,5.2654293434109e-05,0.00727525054020433,0.00470188835232135,0.000456357632729895,6.39014960099404e-05,9.90820441009538e-05,9.69151422619587e-07,9.46056149202295e-06,0.00162496813794974,0.00151490445654228,8.39758928897872e-06,0.000439086860380556,0.00013316273254078,4.38907284335917e-05,1.98948544861236e-06,5.41938579860482e-08,1.98178781662983e-05,8.68222583613793e-09,5.08917760347263e-06,1.12007782715695e-05,1.59819000641862e-05,1.20131406105547e-06,3.28974707494045e-06,6.30883136486435e-06,7.67509158062181e-07,2.02463147174978e-05,1.0867862318931e-06,1.52571883935082e-05,4.39416324436055e-06,3.99865579940421e-05,1.13447705748906e-06,0.000225607024926729,0.000912183715140714,1.7639625560292e-05,2.38466785044068e-05,2.75398685188396e-05,1.69941790496145e-05,3.33419655904935e-05,2.68216499323632e-07,1.74971576349896e-05,0.00022633274725142,1.51227694049731e-05,0.000766612348750392,0.00302193589097534,0.00236280904802135,0.000594821429138483,1.5295927837033e-07,0.00161370957996927,NA,0.000163210757268469,2.0478955744926e-05,0.000137725663159804,0.000180944308062245,8.72041069014235e-05
1.29190220178407e-06,1.20856101942238e-05,1.32393970783132e-05,3.64338828987824e-09,8.68108434241779e-07,4.37813351962255e-06,5.16021287895052e-07,4.78539160914256e-06,1.43331132039653e-06,1.68510133261015e-07,1.50891545502908e-06,1.49039608549133e-05,5.87254618996662e-05,0.000219410775777215,0.00431428483120137,0.00184235910187348,0.000623148344037058,0.000337134870683567,0.000232793819018917,4.72192442004103e-06,3.66688048079229e-07,2.32125778261343e-05,2.00364141255913e-05,5.21650431967077e-06,9.43517196056206e-06,1.58955393837072e-05,2.29639792775461e-07,1.91831844998207e-06,7.55919793715084e-06,1.71248711605773e-07,9.75213378487634e-07,6.95213985696788e-07,4.81543936849243e-06,7.2283475279694e-06,3.42048115615069e-06,1.50921883811687e-06,2.93065488946344e-07,8.97078046335098e-06,3.86984740406933e-05,3.6128380327269e-06,3.21571952618203e-06,1.22855198530192e-05,3.07342599187183e-06,5.23502142887984e-06,8.05615963805748e-08,1.97948325918607e-08,1.52953159569677e-06,1.67231157751708e-06,1.03104875365458e-06,1.14454491372347e-06,1.013409956969e-06,7.65197273938488e-05,1.74607604362147e-06,1.29293434732584e-05,8.73894740412956e-06,0.000146024825251624,6.38856130559753e-05,3.45633586070517e-07,1.09086667912086e-05,9.30555828905636e-06,5.59491557054002e-05,9.01457179017516e-06,4.71251716182742e-05,8.88402216675204e-08,0.00015528709556082,0.000179582387334688,0.000326342467032754,0.000334311264669776,0.00108950177912946,0.0116405275156137,0.00593847321136254,0.00106274687779485,0.000527427907604321,0.000314592071199734,1.05411502979518e-05,1.36256587346538e-05,0.00120042922279574,0.0334536599691839,6.68319697601163e-05,0.00178311519511205,0.000121429549591907,2.04637876346939e-07,2.51739641000834e-05,1.19730743649965e-05,5.09165193970184e-07,3.02318161239953e-06,1.42012986003795e-07,1.42229275315456e-08,3.95887741967776e-06,4.10787221266827e-06,6.37196219078604e-09,1.00218518765003e-07,5.3748048343546e-07,3.73284170908956e-05,8.79493327375949e-08,4.25553386347101e-06,3.72577300129705e-06,2.72475686833332e-05,7.31266655184174e-08,0.000154123397817236,0.000683894902510723,1.36728202631222e-05,7.74195434036536e-07,1.99624298360966e-05,1.59108305217811e-05,0.00050642057883119,0.000157544573885005,0.000304468454330806,0.000492571287384379,0.00135647295374774,0.00110415059420239,0.0012504418061473,0.00348592133724014,0.000152362323543917,1.05127889359851e-05,0.00179473422042517,NA,0.000276079463062291,0.0283938628914421,0.00290833880770723,3.91968799061062e-05,1.87203121107432e-06
2.51744853860126e-05,1.51690679421204e-05,9.50226305357419e-05,1.36174639944129e-05,5.63768384563992e-06,1.95052138568485e-05,2.11129108571817e-06,5.34227698091677e-06,1.22933583139744e-06,3.44908297841067e-06,2.28421822581154e-05,2.47987151654608e-05,1.13539865759699e-06,8.21408404326347e-07,4.69461393870334e-05,0.000353383068727526,1.01059767641218e-05,3.79886714679021e-05,3.76098757857384e-07,1.05778198430186e-06,5.76474750204974e-08,4.79614566790449e-06,1.79847069696883e-05,2.78986549877108e-05,6.26247922937732e-05,4.16231134611855e-05,6.9819413566411e-06,5.07248674726673e-06,1.63290778698475e-06,1.57825708555235e-05,3.07244058366648e-05,1.24934706588001e-06,2.33676187602869e-06,1.29268176012428e-05,1.82578578280734e-05,8.85089778554258e-06,1.13802981823498e-06,3.68738344787644e-07,7.01001591239892e-06,1.28298802533215e-05,5.12224499257556e-06,5.28836046744939e-09,4.94270166508469e-07,5.60608943341022e-06,1.67189463784708e-06,1.9778812517371e-05,3.26451508071577e-06,2.50663149027112e-06,5.35259817175504e-07,1.59696392862701e-05,2.14612834839125e-05,6.19359214322016e-05,7.26806878267328e-06,7.65445650761293e-06,4.12031088422224e-06,9.53497589606575e-05,0.000136553611539459,1.33481794353362e-05,1.45260593314149e-06,0.000111182025146079,0.000187401557156499,1.0911684797535e-05,9.85891614126914e-06,3.69312512750807e-05,9.81298323490708e-05,4.22145045764602e-07,0.000595972298056605,7.83631271801485e-05,0.000499536438858537,0.000225139945169839,0.00650537386764804,0.000241750614756898,9.32249426278599e-05,2.97988353449278e-06,1.92980452423342e-08,4.06208496559493e-05,0.000166456384536063,0.000366683030976973,2.29807090217271e-10,1.17331100194895e-05,5.11465276758487e-07,1.77346474124475e-06,3.89580317183318e-06,3.33341296168556e-05,4.68301092601264e-06,5.93772012141776e-09,1.92554336411301e-05,2.93660785360156e-06,9.58749026735767e-07,2.72933226750517e-06,4.52067235465945e-09,1.39417339850415e-05,1.00989041720638e-05,7.76652397640026e-06,1.13732109159757e-05,2.40019520881368e-05,3.5271910082269e-05,4.57833660061209e-05,0.000113229963714566,3.43582509813404e-05,0.000118987796431721,1.33029921635383e-05,5.56334926728369e-06,0.000121203351502687,5.99298924670004e-05,2.75941735219786e-05,0.000132475995521335,0.000434381976468344,0.000677570893714031,0.000301262053238593,0.000312987423245107,0.000269998123497585,0.00201215252341105,0.000230296494775857,2.55469041464816e-05,0.0017515186455245,0.00661193556991974,0.0117653588751229,0.00038825532792384,2.63123256236127e-06,2.63891187182594e-05,2.5185251460649e-05
1.94485163122209e-05,1.72336716654102e-05,0.000142582079081013,4.33231370561721e-06,6.41579433479591e-08,3.85297459726655e-06,3.85682996433733e-07,4.64162791588065e-06,2.24444266502267e-06,7.43439731219137e-06,3.06929204829095e-05,3.35816066993282e-06,6.65448247772022e-06,2.00705133261392e-05,5.88142130004049e-05,0.000536146764268374,3.40765117038009e-05,9.33002285573485e-05,2.5455126712745e-05,2.75442267263337e-06,1.49214374881241e-06,1.13492936073693e-05,2.87560365291891e-06,6.63949296096346e-06,2.54831780855421e-05,2.70052978442022e-06,9.43238905456682e-07,5.694050086563e-07,1.49356073712209e-05,1.31456281378015e-05,7.42211484981572e-06,2.4872695339024e-05,3.84256737025698e-05,0.000189239464730322,1.1564025815671e-05,1.80095481110343e-06,6.64621046751438e-06,2.25838793272773e-06,1.44561935970608e-06,2.26882321664886e-06,2.68571978754017e-06,2.0629000369382e-06,3.88897562392045e-06,1.28101763386776e-06,8.665930458607e-06,1.64292888982945e-05,6.495999662854e-09,1.01298888818221e-06,7.61471806741849e-06,1.37525594850929e-06,3.81438725662537e-06,4.0947518456021e-05,3.33128243596279e-06,2.70666165338575e-08,0.000429274325258148,0.00011072574416714,3.70569766066268e-06,5.88431032557921e-05,9.49020241249546e-09,4.90443475212067e-06,5.31529707500654e-07,9.39091203125069e-06,1.01227569998552e-05,3.39932840284347e-05,1.56161517962696e-05,2.73589957491297e-06,0.00017075201251636,6.7315188016129e-05,0.00113519722145099,0.000286606518930278,0.000137757296065662,2.48489420856823e-05,1.22024708786345e-05,5.24842614888016e-08,2.33494550931576e-08,4.26552830292268e-06,8.18615465202025e-06,7.52304332527345e-05,4.54371862380085e-06,4.62245769479977e-05,2.97550297959314e-06,2.24760643554796e-07,2.35693810659298e-07,2.45435691122137e-06,1.4100226651254e-05,3.03029084013556e-06,5.51933305112699e-06,1.28167023687366e-07,2.55200172317788e-08,7.04436325951511e-07,3.70002403002034e-07,1.43560377723e-06,1.60537902078106e-06,1.05736263724635e-07,2.3201646414181e-06,1.54726720428037e-07,2.83187925783193e-05,7.22863581846397e-08,1.56536920197311e-05,2.92623622552786e-06,5.92083829037009e-07,4.56075419663118e-05,1.59032638404173e-07,4.40440485742678e-05,7.59457191580698e-05,8.0334360232507e-07,2.71954868236113e-06,0.000215533679025275,0.00047201654033559,6.31489105949185e-05,0.000310089091420152,0.000591240549895028,0.000905676329168265,7.89621510704243e-05,1.7709661743108e-05,0.00452107801450698,NA,0.00177082310690382,0.000919513134534396,0.000929050166289386,0.000971348190931267,1.31604300722814e-06
2.047817057628e-05,1.65083866541911e-05,0.000146067852310025,7.4210216864007e-07,1.76169337134301e-07,2.54872132192468e-05,7.53799925368931e-07,2.83289728628507e-06,7.44747608251528e-06,1.00412633069253e-06,1.69573847620777e-05,3.09895472087539e-05,2.53197750496789e-05,6.55643866338861e-05,8.625378469278e-05,0.000234253692870814,5.24432580759992e-06,7.43158248674774e-08,5.42468810148599e-05,1.02652112252956e-05,1.11166672365319e-05,1.56248397750395e-05,6.46111504982121e-05,1.01352144549419e-05,4.79689032542305e-05,7.87777394241636e-05,8.35921779466115e-06,2.5151452426207e-06,5.02178826643523e-06,8.05712271123578e-05,3.78340859465118e-05,0.000897734911589552,0.000811770595735096,2.26623980972167e-05,4.96015855451096e-06,2.98254996988676e-06,2.91845131379936e-05,5.35852865592735e-06,3.86312490707605e-05,3.76673036983117e-05,1.69557067530812e-05,6.54651624770552e-07,2.59821024268844e-06,4.32141027222342e-06,9.05618487104593e-10,3.02935643175784e-07,2.05812962150341e-06,3.86620276036296e-06,1.99297692847724e-07,9.9868432065952e-06,1.20485712449117e-07,1.41790663930298e-05,1.97325907178258e-10,5.6413863744577e-05,0.000151505060131398,8.85800951530154e-05,0.000164828448066435,4.47848092166354e-07,4.18769989912255e-07,7.10519242744803e-06,3.59152716180589e-05,1.3641276641329e-06,0.000116295676270989,1.24546627659269e-05,5.00468672212716e-05,1.39243055467007e-06,0.000433241797115714,0.000431848308713315,0.00370363930326682,0.000238514042480275,0.00208749841692246,0.00104782312743127,0.000332281015086854,9.69274580357658e-06,1.88677090576412e-05,0.0012313545751217,0.00437229295111812,0.0155036897925264,9.86896612131175e-05,8.34066941113089e-06,0.000105036671398185,6.48708298539145e-06,4.52778365609735e-05,4.67108763828627e-07,1.19778723833682e-05,8.09302708832085e-07,2.24694278104641e-05,9.11401885584802e-07,9.11707977156659e-07,1.43734550927474e-07,4.03879916515411e-07,2.34904743330514e-06,3.66203749967565e-06,1.73740586361248e-06,8.83422628782192e-06,3.25135972181656e-05,1.6191019683102e-05,4.52360618183108e-05,0.000200827385702711,7.03791173094608e-05,0.000303638873226897,0.000300034905237126,8.93130879016077e-05,0.000311290352158715,0.000121361146288704,8.86135948065694e-05,2.3151315413544e-05,0.000369423940065915,0.000773850059983458,0.00044994638997734,0.000235443459599419,0.000132250365936279,0.0020747159144552,4.05770813561804e-05,0.000347946530861177,0.00403299438874141,NA,0.00295722701772848,0.000169989703260356,0.0028274250508833,0.000796328186032937,7.60863724227981e-05
2.66526040855886e-06,1.42387241250064e-05,3.52847171994581e-05,2.65101200722418e-06,8.04803151936254e-08,1.17822075684253e-05,5.32231315425703e-05,2.92302446369363e-05,4.49188509451259e-06,5.59212399123651e-05,0.000157411798684947,2.238075705561e-08,2.33988166126512e-06,5.39538123464148e-06,0.000116473887984668,0.000891476365142865,2.52487499319178e-05,2.340483818306e-05,0.000126199231842294,1.31571692636821e-05,4.36814411806893e-06,5.9207817849267e-06,7.42626832279042e-06,7.24497553600473e-08,3.07534532174158e-06,1.62169758246351e-06,1.03179646698281e-05,3.65894486285242e-06,5.06171555506834e-05,1.86102197084009e-05,0.000257116291312432,0.00010546959500641,0.000249022475462029,9.56388306254413e-05,1.07838306211139e-06,5.2587726071429e-07,3.27477969957357e-05,2.32019278922469e-05,9.00273418109538e-08,3.85009744960333e-07,1.23750578804183e-11,4.27854524610425e-06,1.04045846052197e-05,1.87578886814372e-05,1.13308178723252e-05,3.85898312067173e-05,2.5490735967288e-05,3.88715132349404e-05,4.39574805732008e-05,3.85978627069845e-05,1.46423639698956e-05,0.000100090661061209,6.92377184638918e-05,1.72943611511183e-06,0.00152432040604319,0.0013640439995544,0.001386239614489,1.33234791356877e-08,2.42441301654504e-06,5.02893704343562e-06,1.56253918453474e-05,5.21413520386073e-07,3.31276587876276e-05,1.97956256873067e-06,1.30365528465044e-05,6.19341849535492e-06,8.00493779137631e-06,0.000109375523502084,0.000528740990387504,0.0229897691508523,0.0118348062433991,0.00070187263759432,3.39629339299991e-05,2.39159382798667e-05,5.18776616777621e-06,0.000367478920442229,0.0014360861940665,0.0205264840258793,0.000766581979779378,2.06696331808911e-05,0.000632531939910547,6.8355917181364e-05,4.77517339531156e-06,8.03931270990175e-05,3.36887834829056e-05,5.45616739173442e-07,1.50721899278148e-05,1.57777357744069e-05,2.68699289150975e-06,7.5971555511654e-06,6.91027757733347e-06,7.30074833540241e-06,3.91462768150116e-06,2.92765607601899e-06,5.69213590269092e-06,8.61136338322896e-07,1.24881189925907e-07,8.35953330179609e-06,1.82388312974962e-06,6.94705556215334e-06,1.21491725982809e-05,4.81890119155751e-05,1.56862454802582e-06,5.09479111816795e-05,8.26584340991846e-07,3.75497159092472e-05,2.44628377849581e-07,3.86277088433561e-07,3.48576030829485e-06,3.65896274615141e-06,0.000385829274802509,0.000220500856708667,0.000302078466913162,8.27146177143383e-05,1.23587150779307e-05,0.00372369670228597,NA,6.25416979830962e-05,0.000359048085708576,8.48245588394698e-05,7.38315081892787e-05,0.000211810217321691
6.13400998211367e-07,8.56404566576515e-07,4.81997960995135e-05,1.44618009367292e-06,2.05763888303011e-06,9.30520920062017e-09,1.93626252694313e-05,4.12979133077483e-05,6.051348051466e-06,1.74565562044414e-05,5.19760664031821e-05,5.57769799827542e-06,7.55893988975457e-06,8.37737575702599e-05,4.56481441672234e-07,0.000409898069583495,1.36948220835999e-05,7.01125012772106e-06,0.000145925917326722,6.85719975060493e-07,5.55767322294824e-07,7.33412334024409e-06,6.15726735689215e-06,2.59072487327095e-07,2.52611859202722e-07,1.44516363862165e-06,3.56647114860592e-06,1.77466431189789e-07,5.8703119603904e-06,3.45083387516228e-07,1.52024245620351e-05,1.0678276741857e-05,1.88595624736818e-05,1.86914065932791e-05,2.29664619746834e-05,1.24892318452362e-07,3.18533124133338e-05,1.38750381957046e-06,7.2465608200353e-06,2.56359825238741e-06,1.92927118099251e-07,1.23643059287381e-08,6.93439611477335e-07,4.52051511949758e-06,6.10634494955541e-07,2.69242217583914e-07,8.67898620641995e-06,6.04425315746711e-06,6.02194823100501e-06,8.36704804983782e-06,9.15758679480627e-06,0.000177290246964662,3.42212171510243e-05,7.39184184719765e-07,0.000268402371972983,0.000256827128463124,0.000559960928382946,2.12870297240893e-05,6.61509416607759e-05,1.17480875438101e-09,9.46346364372641e-06,2.38397153923601e-06,3.10327874923128e-05,4.01783131897704e-06,0.000336923175050893,1.64149457845817e-05,0.000131428055043143,8.2721614611655e-05,0.00195593522399133,0.000168550313974211,0.000295964758224301,9.66423679832131e-05,5.99220763822269e-06,4.3699160505707e-05,2.95121124344718e-06,1.31094061399701e-05,1.19685244805558e-05,0.0208676181698795,0.000522519748711707,2.49187294756512e-05,0.000417628078198053,8.8209266868497e-05,1.7127803410824e-07,4.55375637089934e-06,2.97648384107442e-05,2.18555028750698e-06,6.53366497080895e-06,1.19107837712264e-05,5.35579064100351e-06,7.50113441828823e-06,2.21062458337233e-06,2.68519222904712e-06,6.43777559273929e-06,7.25581478031086e-06,7.02834981415293e-06,9.37095798176276e-07,1.60409942484985e-06,8.65734303887896e-07,8.8493489407586e-05,3.46891390598784e-06,1.51254571914748e-06,1.2289329025365e-05,1.77929903823052e-06,1.148544417792e-05,1.13659112552286e-05,7.00372422920709e-05,1.73227791279329e-06,4.41886325587094e-05,0.000118672787834537,4.26550356825852e-05,5.58916409166244e-06,4.03203138006654e-05,3.61698797664671e-05,0.000235810547792059,6.93047080594819e-05,0.000916205556982523,NA,0.00197455367169788,0.00427929063148291,0.00101819357258429,0.000282911265048409,1.00347152592502e-06
1.85900402546392e-05,6.64605918588475e-06,1.83867380112396e-06,7.49857494531714e-07,2.35264940954085e-06,4.20549952793677e-07,5.56636564276435e-06,5.11813933996978e-06,8.30464126873398e-07,2.4530870071831e-05,0.000168657431827565,4.37649443489347e-06,7.8614922195851e-05,3.80882942877481e-05,2.67515362634052e-05,4.94960318877166e-05,8.11313673761214e-06,7.68460301896699e-06,1.45879112556856e-05,6.40356492886441e-06,2.24325277514311e-06,6.40397803987712e-07,1.79347264570219e-06,1.16595925749969e-05,2.46554256608322e-05,2.72156722475251e-06,6.83923416562297e-07,7.26082018412358e-06,3.5133664250814e-06,9.50142668629129e-09,2.0371153372906e-05,4.89844845181577e-06,0.00196636093393586,0.00205304500776914,5.50028792895833e-05,6.80633544153774e-06,1.14204402543647e-05,4.15960223077406e-06,3.19426066088708e-06,1.78706213875058e-05,1.38318163868501e-08,1.51500817807002e-06,9.58833618634805e-07,1.32602691289527e-06,1.04448687847962e-06,1.27366549331907e-06,6.47023378275359e-06,1.86363708064944e-06,2.20905830110968e-06,1.82857239828676e-05,7.62921759649319e-05,3.98560753648462e-05,2.02343484943512e-06,2.5432968405312e-05,0.000946731219741305,0.000858361315216684,0.000871730202211835,6.04884944180484e-05,4.22262130497891e-05,1.47910444844745e-07,4.66606895169678e-06,5.73344305051773e-07,1.29641388930528e-05,1.58846328475258e-05,7.39064162809366e-05,0.000184808916025688,0.000130149642217553,4.79843481224475e-06,0.000179085925440509,0.00125534281507906,0.00038988898239453,2.4891743953555e-05,7.75077932415962e-05,0.000186923696201855,1.70316871694734e-07,5.06248944447878e-05,0.00385297194866352,0.00584130957321741,0.00099382262593923,0.000324060104549774,0.000231584958665158,4.09128776915458e-05,1.8618890270964e-07,1.45432360682288e-06,1.04017267895114e-05,1.13037742321542e-06,7.70466686577885e-06,1.537859866836e-05,6.17983217493617e-06,1.20622856319284e-06,1.13121462944443e-05,7.63183853144709e-07,4.92998458104675e-06,1.39074200993234e-05,5.21065101259891e-06,4.03883444711052e-06,3.14441604995591e-06,0.000138087844706843,2.21348920210181e-05,3.6642829004485e-06,0.0002627371527575,6.92896007401551e-05,1.15234468340228e-07,1.87992485148361e-06,5.90917108231883e-05,3.95139714116011e-06,8.27424950136615e-05,2.80795225014209e-05,3.87561217286162e-05,0.000483130075733367,0.0003895664945024,7.78580532538888e-05,0.00420992271598104,0.00213262563418848,3.91558336376014e-05,0.00265928956134102,NA,0.0110370923840265,0.00114598480755367,0.00281428038197566,0.00314854897267386,0.000692216047174873
2.7437042037243e-06,2.50052256631839e-06,3.80661327341691e-06,2.85923835431372e-06,5.8596648118975e-07,2.40295964708292e-07,7.77293436135908e-07,1.52541731514459e-05,4.50950587768631e-08,6.8102557094824e-06,5.9112059855018e-06,6.59079270739351e-07,7.94951309441573e-06,3.29843696432206e-05,8.87328601520857e-05,0.000281555212195098,1.54601336974027e-05,9.21979017749861e-05,5.41042727547216e-05,3.80226267048253e-07,5.72282027774605e-07,1.7104924241311e-06,4.06960244180831e-06,7.24886903087683e-07,9.15438698908889e-06,5.87830666745024e-05,1.65108285280055e-05,5.40502020825591e-06,2.81582973158251e-05,1.88102520317376e-05,0.000165800548925137,5.67439711569556e-06,0.00116071621985902,0.000419873760267446,1.25718853105289e-05,9.98708803604429e-07,1.00706736660631e-05,1.48334206603587e-06,2.63148019122541e-05,9.4962111004312e-06,3.05059574038688e-05,7.61587213316319e-06,1.22556044350362e-08,5.50522599493493e-08,4.38757392298498e-06,3.4308299340788e-06,9.7602238613803e-08,7.24451778821663e-06,1.73617299532938e-05,8.93746545563677e-06,1.25116310856688e-05,1.98017814667326e-05,0.000367862975487926,9.91113279681382e-05,2.57466077470513e-05,0.000323283856051998,0.000963262884144554,0.0002424328250259,6.22561092176642e-05,0.000103975459085299,2.77712776927839e-05,7.24779081623631e-05,9.08051397204082e-06,3.79651642432628e-07,5.24066340925125e-05,8.27799807367446e-06,3.78737943525522e-05,2.45803835342989e-05,0.000184055347679864,0.00468266456057017,0.00129778410924243,4.40999515493238e-06,1.66299814636455e-05,0.000121174905571349,4.67522062401429e-06,0.000146659796614904,0.000448945899414237,0.00925534584563892,1.2364136838379e-05,3.55759328429118e-05,0.000154512969876442,4.54437683961783e-05,6.55487202412241e-05,2.5025474150187e-06,4.34365012696023e-05,7.8627288112586e-08,5.01292326958478e-07,1.98693122251976e-05,4.29757810760184e-07,9.3508051290171e-07,8.54022118382092e-06,4.01301350123919e-07,1.32112465094039e-10,2.11882472566786e-06,2.32487258693243e-06,7.20070118268143e-07,6.05021252228595e-06,1.20589688192764e-05,6.94849187746326e-05,9.75080273909844e-06,1.30242333621173e-05,0.000136409921562633,4.58944920465768e-06,6.57466423050481e-07,6.82135779277279e-05,1.45902616315777e-05,1.37031858875163e-05,9.14594235455474e-06,6.97916298809218e-05,0.000136077416833646,3.37695977693973e-05,0.000171824020924888,0.00249840046827445,0.000273030959745315,2.13823206348513e-05,4.90599697687054e-05,NA,0.00350076904883918,0.00145667251315493,0.0012004711135017,0.00232088830111943,0.000788570146270623
2.66161713754205e-06,1.04694595915275e-05,3.18368926283199e-06,3.84102505551077e-06,9.69220535840961e-07,7.06928673521469e-06,3.57604673989561e-05,1.20136809453449e-05,5.38227881229847e-06,3.92682123285351e-05,0.000138567365335786,8.28602622765596e-06,1.11353878325895e-05,8.63405162412738e-05,0.000421886932326484,0.000346588960236747,3.10742487017177e-05,0.000109947474398307,0.000231780427130157,2.06463481962699e-05,2.6908818128537e-06,1.44216407859726e-06,1.41896670398497e-05,2.76155005391754e-10,4.14526432574889e-06,2.26426738698321e-06,2.92986309926384e-06,2.00267476207639e-07,2.11320252544374e-06,5.86264148399778e-05,2.49990045597894e-05,0.00018053186750765,0.00146623796025523,0.00077260879113116,1.88041815836879e-06,3.13726562119383e-06,4.73520009691887e-06,8.30734491085676e-09,5.68509294688861e-07,2.86334651579557e-06,7.00486967228257e-12,4.21382254290262e-08,5.03104126695467e-07,1.00279230174745e-05,3.0575088949098e-06,8.13583570608418e-08,1.95457594083298e-05,6.05725597366651e-06,2.63932319435073e-06,3.01588504913203e-05,4.30165860681209e-05,9.90861096595961e-05,0.000129920066729275,6.94620018523174e-05,0.000123016377621527,0.000238064875565198,0.000677933120295961,0.000184991339822886,0.000143110545334265,1.06541129976195e-05,2.02877292859456e-06,3.16221976625031e-05,1.27680189194094e-06,3.54084593317852e-06,0.000102763544605036,6.6331665865906e-05,5.8227682768502e-05,0.000425747284086407,0.00124951344822962,0.00400655086916821,0.00144590763064677,0.000189529791870001,0.000127873675062672,0.000100866872251102,3.75189406799714e-05,3.39495443193076e-05,0.00445448582939923,0.00800328497749276,0.000167369120163557,0.000342569643544007,9.15423184357016e-05,4.24205951006298e-05,3.08834039833956e-05,2.56787372204438e-05,3.16978634787336e-05,1.80741822449016e-06,1.72418900860257e-05,2.11858542061402e-05,1.2848521153534e-05,1.73609695659555e-06,1.38443650293445e-05,2.0421966478767e-06,2.83069514850424e-06,9.48044634882936e-06,9.29463276837552e-08,5.11545041909014e-06,2.35623653101e-06,6.66407250273564e-07,2.05837653866075e-05,7.5432700566592e-05,0.000232406771858157,1.6974408687555e-05,7.72908370145461e-05,1.12343260912126e-05,4.30335351758663e-05,0.000222562808110268,3.94464309880525e-07,1.12723780237893e-05,0.000408553567442834,9.31368144498362e-06,0.00382987752778492,0.00871176317438445,0.00478256905863558,0.000411436194529093,7.85321667514904e-05,2.77416760580093e-05,NA,0.00744227486883059,0.00171666056417811,0.00229836615224518,0.00253936223832552,0.000365939395748559
3.68069599192067e-05,2.16348936105192e-05,1.0470982224057e-05,8.57836284973757e-07,4.04894533285253e-06,3.98816404654174e-06,6.20421413802065e-06,1.29073513224019e-05,1.05004206190957e-07,1.68656863312645e-05,0.000163029599582523,3.3209123770813e-06,1.31647570096207e-05,9.08549509666911e-05,7.25529334723363e-05,2.95392689644254e-05,4.9159784441549e-07,0.000230115797881744,0.000172341562039481,5.48542939785527e-07,3.30758774015953e-05,3.32710031171543e-07,2.4428015715768e-08,2.56357883577823e-07,3.32053072269633e-06,7.69340753135941e-08,4.13926395633909e-06,3.34887120897198e-06,4.11397624286453e-06,2.41540265844644e-09,4.98245633679418e-06,1.10165662072109e-07,0.000110029512139345,4.43172754007868e-05,6.38020710797208e-05,7.48439748672286e-06,1.28203699249157e-07,7.58194414229362e-07,2.78715249799281e-07,3.07979407099609e-06,2.42358159936992e-07,4.75300642255311e-07,1.21221603509044e-05,6.61069654795822e-06,2.46302911248534e-06,4.79193544348009e-06,2.62633941745852e-05,2.05359323516979e-06,7.69295722909702e-05,0.000129994918155324,3.11657937255274e-05,8.00071167547222e-05,0.000221887271514205,3.16094352425515e-05,0.00154984205803831,0.00222612126455827,4.74039459126596e-07,0.000114587527526763,7.09451711721672e-05,4.79267145458722e-05,2.48748082694455e-05,0.000170195575831627,0.000129090020098721,4.72715367843579e-05,0.000244301652654068,3.78477435503956e-05,7.2962000568887e-05,0.000936494794321926,0.0089187722853436,0.0261790827485661,0.00144242132111635,0.000720420246263786,2.46479279247851e-05,1.05893767364696e-05,2.28861166715314e-07,7.49715168498306e-05,0.00118090872566572,0.0120026731588136,8.44568745934124e-06,0.000151176725799233,0.000371824242501028,0.000269440550265055,1.63615695884023e-05,0.000107220266481015,5.49273634685766e-05,6.32018417102213e-06,2.99085915074463e-05,3.38203412902205e-05,2.37299236236809e-05,2.23441806385249e-06,8.23855886984491e-06,3.34240076761154e-06,1.40238748257195e-05,4.0920530602657e-07,1.46748353258053e-05,4.92204094680068e-06,3.61705163918362e-06,1.58322174015874e-05,2.81212414716593e-07,7.06406680340502e-05,5.76087828545466e-05,1.0708509110592e-05,2.5722691652462e-05,1.85976026491765e-05,3.18584220561052e-06,4.82418634269302e-05,4.5356898956648e-06,3.67089978955742e-06,2.86905883868117e-06,3.87138653140049e-05,7.43362984673641e-05,0.000316443669053494,0.00375346649719889,0.00287677368245714,8.08364784991283e-05,0.00150096161423726,NA,0.0057842937660038,0.00380209306985795,0.000853945322194857,0.000978619513391669,5.77231237707663e-05
2.36872854716147e-05,3.59079728423083e-05,3.96444405312936e-07,7.62459300717426e-07,2.16954160274572e-06,7.07899507347731e-07,4.13344363937921e-06,4.99251699258621e-07,3.30821609398305e-05,3.05687984526194e-05,2.51759230153628e-05,4.05358362857357e-05,0.000149735098660811,0.000723486878503221,0.000223444177862817,0.000133003622013518,2.78285777685139e-05,0.000171521373014625,NA,7.23599345460865e-05,1.65379242398714e-05,3.95813026860056e-05,0.00013165828233277,0.000356207878570444,0.000664735014369487,0.000628432275755893,0.000224343261644142,0.00013473905887967,3.63980599749309e-05,0.000122104236564122,0.000287973412705542,0.000345731411388643,0.0010580337955246,0.000582019589267892,0.00130114309274944,0.000506723046107554,0.000894341410478384,0.000548176148578016,0.000348197708380792,0.000165125548088225,0.000208235419381628,0.000121676271279405,3.14455175829625e-05,3.33687093512176e-05,6.86237513797955e-05,4.84516268411132e-05,1.28066491264267e-05,5.86164588278403e-05,7.24363847933073e-05,3.68775787330553e-06,3.09255700585679e-06,2.95556300494576e-05,0.000232639932214275,0.000342763232716892,0.00649269869706392,0.00123320424870253,0.000335419550987495,5.03381866039419e-05,8.41721237390828e-06,4.00144205065524e-06,0.000178866955878788,0.000251976676791439,8.55968412481425e-05,5.93333203030563e-06,3.56847032525781e-05,1.21977873177411e-05,2.80457205343483e-05,0.0014804209886097,0.0053530847530874,0.0496111852151549,0.0183245638380984,0.00217678822415848,0.000495503391536603,0.000494361032242117,8.02605633495363e-06,0.000208436298851922,0.00953251465954949,0.00517803311585303,0.000228196499126061,1.89785546875747e-06,0.000228471998029779,0.000122376443348717,9.98364123463062e-05,9.55184404640044e-05,4.26445783139389e-06,7.08159843859977e-06,2.95917603863649e-05,1.75119265501467e-07,9.99937159600418e-07,1.74229095801198e-07,2.36517853748034e-07,3.02843727436123e-05,1.30399492244189e-05,5.01807225823337e-06,1.15597200344161e-05,5.54434590761792e-05,1.10425443224387e-05,5.23761001571961e-07,2.68933558255051e-10,NA,NA,0.000766513658839989,6.49167253315393e-07,0.000177018828904986,0.000567969686929262,0.000944290824745771,0.000951482046490924,0.000792263944822823,0.00142784875415736,0.00376193434104548,0.00484996964989373,0.0377458764629183,0.0116072077738618,0.000524787655071074,0.000498028462841988,NA,NA,NA,NA,NA,NA,NA
