"V1","V2","V3","V4","V5","V6","V7","V8","V9","V10","V11","V12","V13","V14","V15","V16","V17","V18","V19","V20","V21","V22","V23","V24","V25","V26","V27","V28","V29","V30","V31","V32","V33","V34","V35","V36","V37","V38","V39","V40","V41","V42","V43","V44","V45","V46","V47","V48","V49","V50","V51","V52","V53","V54","V55","V56","V57","V58","V59","V60","V61","V62","V63","V64","V65","V66","V67","V68","V69","V70","V71","V72","V73","V74","V75","V76","V77","V78","V79","V80","V81","V82"
0.706689164285565,0.578444786630194,0.562077934231186,0.523927752391871,0.455050207994549,0.1511045823931,0.236075674177693,0.242905085006933,0.363996659804398,0.979838839441884,0.691493453410256,0.589103345033866,1.71679360718478,1.69462814795794,1.40063574192182,1.50772102321994,1.4125027484406,1.59615234168777,0.986792189842423,0.845286727663025,1.03246303186734,0.178388287853346,0.162440536871758,0.149587814959751,0.0652182341258136,0.0819759294772938,0.0595453268086933,0.051879134656616,0.28327020234008,0.362798053401268,0.213366426861423,0.476091143273429,0.480551351630931,1.08574000326572,2.48351920621128,NA,NA,8.76142934910221,0.435561343135628,0.435561343135628,8.76142934910221,NA,NA,2.59940597671209,0.61555435611325,0.549157268119101,0.563434674869824,0.395715675464364,0.419735092283354,0.468516312448284,0.377519640602143,0.47999782760213,0.503537558602478,0.556548178318501,0.477700920729421,0.42644684233861,0.437365619497265,0.458163977612887,0.0785428901627297,0.141909486049002,0.139204694116051,0.108540443929479,0.123468933793971,0.160436496081691,0.12014814016409,0.169308078769978,0.192968852536296,0.306822714908259,0.740244294823972,0.7722626087969,0.27685316492736,0.340019519791698,0.299493144847796,0.292402082083628,0.137818163189368,0.126170209383016,0.205331022859894,0.57452311900974,3.51174816199428,3.85349373710369,5.47626104937682,7.72119298918639
0.772131659042535,0.676463275016345,0.66810169024649,0.595261607274034,0.516712576118854,0.188634350754743,0.276174081905839,0.181050635265085,0.350190026172122,1.01206599902792,0.851231929135426,0.8300432336324,1.86837394265868,1.7959610593598,1.46471025087523,1.57543482470809,1.55237323842822,1.67110612019715,1.104510579634,1.05586595408482,1.16329066971534,0.169132565095802,0.251468408920659,0.265615628561255,0.155875345098042,0.131691651001341,0.112949192047377,0.108277695261784,0.401026104190471,0.493455173388119,0.373905249434058,0.592743409639949,0.53160481876446,0.973881494163566,4.0387543326402,NA,NA,5.95360762800278,0.355645992799936,0.355645992799936,5.95360762800278,NA,NA,3.92888370514298,0.472653949143862,0.352011559888898,0.400101400840008,0.415151517281289,0.557196700583244,0.590647099322389,0.512902537777593,0.59633164134572,0.619620079735901,0.654473315692667,0.581964189075911,0.543658872823653,0.531506460882256,0.554359864011704,0.116414405580353,0.160404754829587,0.162178734936615,0.13764361364533,0.157832954301255,0.182339283345135,0.15092656963103,0.185745688856132,0.223787448240399,0.327313272976268,0.718732464582933,0.794308712705939,0.254009544485999,0.336409383699844,0.346965623976448,0.346737384870999,0.17199034151562,0.14366760497499,0.22377562774216,0.604938837240971,3.37926046254875,3.755850591729,5.32498230172735,7.09374548524315
4.48733743133393,2.43480125195373,1.62527253748965,3.0826437906784,1.86149841292595,0.64434395055015,0.535495995033002,0.512045137423066,0.470999818933789,0.632859081777535,0.512191464455158,0.690298288872198,0.979152315500136,0.794216405769463,0.686245288501738,0.904548912002302,0.497888362632269,0.470795308036856,0.555861702859768,0.733268583519882,0.119438277522756,0.170262574475809,0.785332792338314,0.975145319234559,NA,NA,NA,1.11252586316793,0.953184043546932,0.828408237214284,0.6986257898489,0.861893991583909,0.797663793116039,0.953194295250534,0.798706249715012,0.827256746434809,0.440780877691921,0.384143566784353,NA,NA,NA,0.496629185254944,0.856353160131323,0.530909989781158,0.530893206095064,0.647690103826072,0.755912793524908,0.628952581556307,0.736757448552046,1.11284538776989,1.00843341098713,0.760321159675625,0.901995331244642,1.38492062750543,0.59764990560125,1.19396312247941,1.60740061543223,1.27606860458283,0.247236702490617,0.519457898915687,0.440489498896188,0.448394966123763,0.416216478782641,0.53201319461375,0.490756397926151,0.435924743831004,0.432537252829458,0.527973315005039,0.462549957170149,0.478199388004316,0.486707735592557,0.432065145971045,0.498727409489597,0.578580680525421,0.522155389806867,0.581979225315301,1.80894199755192,3.21185938209134,3.51554178551021,4.73242908822128,4.35323927316041,NA
NA,1.23881886545417,0.912168114490353,1.01133678832804,1.01433305225255,0.419999439726554,0.302349025023026,0.28796318036421,0.6386080489328,0.953743362523293,0.744656798058054,0.91757984227044,1.22395536909295,1.22313583181895,0.349573059457648,1.97018615602266,0.456174800605178,0.332238245645501,0.444365265276875,0.544139950851656,0.217152084814046,0.304639997572232,0.30274891926238,0.290099158235953,0.194559971194112,0.234023603869935,0.179662456358027,0.131012993301315,0.603190923005545,0.690131728339014,0.354866078252894,0.516511016835913,1.93319719822896,1.65268556248792,5.67031094544148,6.18723401476418,4.61729044027987,3.73898913347852,0.267578842250479,NA,NA,NA,NA,4.54321873070635,2.67377147414578,1.40499499727987,1.62813213191899,0.372347420676739,0.684959708954168,0.81096195308451,0.735694230463647,0.897382417020538,0.968924727748634,1.00493091860577,1.01974943640271,0.845488350499708,0.688948112123302,0.823713414844487,0.202317399851763,0.284418839053633,0.227715752518393,0.204296934913841,0.253367451592405,0.412182278078099,0.298346343613288,0.388218561686897,0.535530944729728,0.792317691902937,0.754307844870853,0.797659662109515,0.499776878441395,0.753451475141426,0.746577748462319,0.681058525746516,0.267083825105073,0.219695145498553,0.462386804279562,1.26982472876977,1.41725722779377,1.35777964719737,NA,NA
6.3122159986542,3.77150538265854,3.29016898179801,3.79576340719843,2.84172559104879,0.100918982283924,0.0903528497597062,0.078952710012202,0.304187294007136,0.423503237356554,0.410019322321752,0.600387806815797,0.804019816701432,0.689849178778887,0.286866238268288,0.462671711312016,0.381273382153505,0.267415327821586,0.32879508318312,0.39965769589888,0.275118017161806,0.275675983994293,0.236259676613245,0.220256876615272,0.149740736440263,0.210453822879916,0.150044360795202,0.138757523903758,0.448376476201087,0.539411625012007,0.249601989863285,0.276123795717177,0.280257607179069,0.350014953906748,0.340693135700455,0.38670220111917,0.282610809711051,0.151380511841412,0.0305666913548302,0.0644359936311421,0.151380511841412,0.719940972718094,0.653109236435142,0.439006783973076,0.381762029012883,0.166585170142345,0.215117226659352,0.195081150104654,0.427189938549749,1.61029283058365,1.50069775286627,1.88720902350466,2.10319588608603,3.61535596670541,2.32301250522764,1.68777988265149,2.62292651558989,3.11416946464794,0.109514317711514,0.16481804256522,0.0760790416424407,0.0603640266305414,0.0798238046932888,0.187622240136982,0.122705379674375,0.166181846256969,0.1493488543907,0.269131551960781,0.313401216101344,0.313286602123964,0.211664719986678,0.293693541382384,0.278605924866215,0.272725084354623,0.116749538929171,0.061261658848958,2.02665229616559,4.25619243446013,5.76070662433413,5.69424738011439,5.72966355053344,0.775014687162551
3.56550491737395,2.74032641596705,2.42837388908726,2.09989513506335,2.09325007417203,0.10274235579792,0.246576574492372,0.26115309112802,1.89851426076018,2.52707116679564,2.7109459999197,2.92393413246991,2.0989918819236,2.04078220393741,0.444371174854122,0.556966566761179,0.35788026067037,0.25412050514347,0.415059975966904,0.514845428198328,0.210452108665783,0.188483425350912,0.279405209955538,0.327128146881012,0.196563256457978,0.184472920390034,0.149095111988151,0.168482861679707,0.183316126419762,0.165316333360753,0.205400985853005,0.390874272764936,0.409916665932167,0.517167295470335,0.591336396511111,0.531086145856013,0.0870749146576419,0.0864864715768451,0.10951379712243,0.100893130522698,0.0864864715768451,0.27453260371474,0.438581246754557,0.272181711428885,0.301095475092873,0.314094065308538,0.413442299313589,0.239826381288642,0.222174979957203,0.24605606640777,0.259944074663077,0.278902419037841,0.290291783908339,2.76512879718361,0.318814192888898,0.281022438373686,1.91116277661917,2.3118113564888,0.129317782548175,0.156912096281931,0.118232300847862,0.0703433951577185,0.18860166780796,0.293065186185006,0.322936399701973,0.923126901890081,2.1209084511142,2.75699249643426,3.14472818363483,3.35256081867114,3.11814390114197,2.9136341648569,2.61298759162348,2.42791948574732,0.343476197590091,0.218453709411431,2.09843550066596,2.45634160422214,2.64356143655894,NA,NA,NA
2.80455115062862,2.08747678119784,1.73454214149364,1.60453938121399,1.68045597879707,0.321701022213447,1.02621777671096,0.809534225719205,1.00969362909598,1.38666254666502,1.03414390601657,1.16042733579785,1.58901458794981,1.84684924308014,0.448919602666269,0.688865353330126,0.486051179266443,0.329898955894843,0.54122654749232,0.624839717559501,0.23063215066805,0.948151546783725,0.820797968901502,0.429647182060428,0.25510050773009,0.528535814436802,0.218912608717284,0.179407414409442,0.197176861855324,0.170742334181628,0.163230522434057,0.402565207977576,0.414602621753824,0.53008009946211,0.361632344041734,0.240476457971222,0.049529188498185,0.0252447145094136,0.0150228080557498,0.0183378230860305,0.0252447145094136,0.291846387172587,0.394450286793918,0.175123129301579,0.243148676256834,0.176853332827432,0.336165612921628,0.229374830343735,0.269673886871384,0.329755707282243,0.31489826717306,0.331398372985256,0.397669799756456,1.84839657732373,0.478866235020999,0.386107141981752,1.42508801807209,1.95239817071807,0.516514651625101,0.870549350258105,1.22595368960392,1.26214682924031,NA,1.82727242806532,1.83706416157358,1.81930779131034,2.0843919511417,2.13269795406215,0.924075479351698,0.663625634146311,0.522272339653385,0.874328008079417,2.16715764678367,2.06172702507395,1.69181659836351,1.32478358876369,2.61412481623766,2.0309441762138,5.12299897411092,6.63229219216323,NA,0.772058326542227
NA,NA,NA,0.555868648270888,0.51498874574349,0.413929522270108,0.946898369091932,1.29566341246818,1.18428339571332,1.82611982082465,1.57141647654567,1.80764564013137,2.74837287871714,2.47709078813694,1.50494072535828,1.41501854890679,0.205932504985302,0.216259844076225,0.33180055888974,0.315676757197452,0.0975704112312552,0.788923714689466,0.787290400656835,0.607647479093021,0.432311737005668,1.08239218418204,0.902791610521631,0.615143563413101,0.610537388727591,0.511420182426597,0.402407280559136,0.317009746954229,0.430744032571379,1.65927036965544,1.44359904036559,1.40418001561632,1.32393674945715,1.0428791088479,0.406896708315427,0.656022459498446,1.0428791088479,2.86087451176713,2.43026652009492,2.27359277003157,1.95474209332048,1.50930904327184,1.44385514061727,0.337388172799842,0.563266488120231,0.64618970248436,0.661875260642952,0.604009962339263,0.689795514195395,0.460934130012461,0.660552931252441,0.95869898685773,0.880374569580711,0.868149064487396,1.01984057628133,1.19812468793518,1.07514075539961,0.828026816557942,NA,1.51791031662762,1.14587081826021,1.02980446505584,1.0961516065807,0.934605464269887,0.76654949073754,0.582939301844054,0.467736463785708,0.791018120209105,1.24813054608972,1.53493082123746,1.19650925417798,1.20382761003673,0.978029642140872,0.533893276102165,0.149325174830749,NA,NA,NA
NA,NA,NA,0.141751349779782,0.195171730975234,0.187617387764277,0.373922811862841,0.623937223024158,0.76455798749713,1.11242432546201,0.635667434641076,0.857221276423041,1.48112363645373,1.60622678059156,0.639444547531526,1.49227641128505,0.491136381892186,0.341414727115801,0.602264069528672,0.652951121529985,0.20915159764827,0.175758162110185,0.390899586914791,0.438464344852112,0.292274384122054,0.461381970217665,0.172163298965702,0.16448643752186,0.233714037395324,0.141930395676878,0.255767055687327,0.532121949625119,0.74443303816474,1.45956983350798,4.90348480755336,5.73054215981712,3.71241476756779,2.6896945082501,0.411667554410389,0.8869455716571,2.6896945082501,7.72197644060902,5.19407824652671,5.09783537147727,2.40492567653797,1.06115312372402,1.01368157957252,0.253163983437187,0.257194898487216,0.14710714845282,0.190432152971507,0.169207007675062,0.158058820522899,0.119725397174981,0.131091383277958,0.16276228573232,0.303743888810654,0.298585169600408,0.333922291889208,0.383382836585356,0.521632629845712,0.618912565733249,0.758501974605517,NA,0.858261528791142,0.740407316985725,0.834813462365381,0.679517952033863,0.715357474680746,0.563537337917576,0.448621336502417,0.694544215679899,0.694818886077407,0.819631628670692,0.507378602561949,0.715012345514023,0.258395393268781,0.159306002157872,0.113652470268921,NA,NA,NA
3.22375325207252,2.65055042827392,2.258963749789,2.02251043868563,1.98348036285755,0.203320080567027,0.532410757365895,0.411537927398723,0.442517262364594,1.00069044909827,0.703411157673218,0.761651566520658,1.68338644395835,1.7207180990402,1.08835845776092,1.12743124189886,1.31099468815017,1.35780671581799,1.09116148244358,0.970836178889683,0.624119019270147,0.699997519136588,0.699423383192992,0.625502345571666,0.617704170938467,0.739986283229047,0.542106767793454,0.452608510997458,0.690034808079098,0.506954162659931,0.371576564498117,0.678964490704727,0.521536751672716,0.940527345591179,0.670638118691088,0.667351061931495,NA,NA,NA,NA,NA,NA,0.842493418667019,0.494141129080398,0.576135405417504,0.601184080556602,0.628594466066648,0.434218548779068,0.601989164455819,0.913462673989424,1.03949778790529,0.88677082352988,1.00594228141996,2.38895028867457,1.34640095239559,1.1712658136465,1.98996905914823,2.31271911885291,0.727868482117749,0.815866960998183,0.602957003592361,0.500836488350539,0.863624031881787,0.891451158141056,0.433827314093213,NA,0.43371181807847,0.426733533948402,0.44591534042771,0.475006222393215,0.152754419164827,0.16249195837664,0.407860293857319,0.398349049051867,0.381638220674465,0.430336228473809,1.98705484699154,2.26220171397719,2.30526112815759,2.44241390035281,2.62358282972893,NA
NA,NA,NA,0.177600832080902,0.234056344074679,0.272265786947773,0.637125937039293,1.06975756681636,1.21270142735542,2.17801642126103,2.22225430987809,3.51574648393113,4.86867496836266,3.28019908681193,2.44978791410695,2.1839808067352,0.496972067881026,0.572274648119548,0.608014012389925,0.330468198484662,0.125368579413341,0.117434943342542,0.174556976006031,0.170903282952801,0.162167375786981,0.244344857607724,0.126040953285776,0.0974030965592325,0.150098462138654,0.110776297981391,0.251583100161916,0.388194066084039,0.690719059264933,2.91293973104253,3.04447843370087,3.27377328587158,2.30991378692775,NA,1.67965529541214,2.16408804249409,2.09345931457986,3.98815949422051,3.85990097206295,2.66047830540148,2.49452743169199,1.4989333395458,1.72318174920483,0.372217297623494,0.330937338451483,0.216854593292056,0.134627443851225,0.113868831325303,0.117538035454453,0.147554729692689,0.107231299915653,0.13427466419252,0.246328209452739,0.265049021155117,0.134560266590575,0.237409078487333,0.27368280817558,0.236362788260033,0.311896189361921,NA,0.409243714410247,0.296957764944112,0.529603274206229,0.595862053128647,0.665290327893089,0.649746033136594,0.782361312956598,0.664678737914711,0.605546583365875,0.872937136238763,0.556944682474595,0.525040069775251,0.272544679222018,0.257789637003502,0.112084353029263,NA,NA,NA
NA,NA,0.134862512409186,1.40088811043901,0.520451790468644,0.613371590562391,0.748332501739254,0.711478722027894,1.16564467912503,1.83234586485199,1.44772624636055,1.68945073305404,2.58209306218817,2.62427571292056,1.36054857402529,1.87033903591879,1.21426640731227,1.02411034420286,1.34911229229571,1.50506355325419,0.848504995717701,0.786176537825537,0.747268422958283,0.713271391504874,0.281263749894344,0.272703619576144,0.136689976878027,0.139677809598964,0.210963748042927,0.158418648350263,0.500592570165622,1.16846050517382,1.22277703156265,1.3304629619287,0.823376150454672,0.797353911463853,0.437230557521152,0.346644753784804,0.214433974949388,0.2665044955621,0.346644753784804,0.817746700444337,0.971200295676404,0.367278403814452,0.596743979918748,0.627730419779064,1.03489173336742,0.807233865511073,0.693015764472972,0.30563592406615,0.276929016833078,0.134672151315375,0.14366461429934,0.144403931878226,0.17558448203596,0.197845012406177,0.328663566296158,0.3931593339191,0.186476140705325,0.466646576081944,0.68253509879444,0.70766804357441,0.616759788784534,0.97174217030897,0.715162075778,0.811980188999447,0.912996581636606,1.24543283883581,1.03055479900305,1.02195183103125,0.648320243392476,1.17065318106377,1.35167224089959,1.26914243814144,0.728572397474073,0.663227339897119,0.641770357306562,1.75691799085757,4.13684807791994,5.07418649997032,6.27148392225486,3.35711768139999
4.08718135431342,3.14573340573387,2.81617512132533,2.5929651792303,2.43815685060913,0.155248866921911,0.195743846178276,0.277073960031691,0.577395916568599,0.988254242570835,0.738070464443129,0.679425365132613,0.820633386097041,0.873838303323438,0.69505650528483,0.769492415907915,0.52565172950738,0.423978049184795,0.524936250958434,0.636726894524787,0.497673039789026,0.43481959098732,0.347230759438188,0.364166577728437,0.177948804036606,0.226423306426585,0.144733019695078,0.160930311773235,0.206968221070971,0.207667280838895,0.129337578367782,0.345962956969694,0.360163742046743,0.641725380510224,0.36704551877264,1.27952158316019,1.54206044589964,NA,1.50531989818257,1.51957562106311,NA,1.81354090267234,1.35877713829844,0.265251335343385,0.34921488503218,0.273135696850532,0.372204433292398,0.193630740710124,0.203128970541871,0.48351527162409,0.432628145753105,0.53576627774356,0.547709100199927,2.76208709241226,0.575648353516182,0.580277959089152,2.15532421244751,2.49602413531035,0.386039467291211,0.330692821186194,0.337821536610483,0.242954011219085,0.55081758626461,0.44407610399694,0.402078750179905,0.73666413136629,0.897393982534587,1.01109697827369,1.02167521112307,1.05813356590288,0.636542585623653,0.945081117586395,0.973861500735922,0.937133211875079,0.412477243403615,0.351024574418727,2.58119513484167,3.05754764691832,3.77638992405558,4.11477054722535,4.20076927145392,0.774886700470757
1.0696391581806,0.984641456115088,1.01580152703584,1.25330261037098,1.33404791201392,0.91737017584215,0.902187006037218,1.14024056921513,1.49416686105703,1.61720658711832,1.71894468017456,1.93771557528696,1.20985939093701,1.02062654064211,0.472841854432393,0.762804539136743,0.14267268976807,0.164794501540751,0.52450770761433,0.279393907375597,0.08759213616618,0.405610299611821,0.828875707689759,0.553565732965395,0.64251224051021,0.56245957440784,0.549017514626926,0.591502428984879,0.790302949582787,0.922793758965531,0.368709374382794,0.678369487431796,0.779168816427648,1.10803743880216,1.42682949545723,1.58556314666238,1.76641251584587,NA,NA,NA,NA,NA,1.58538023391629,1.37931129631703,1.42985728325909,1.05854743480025,1.1762176387457,0.939297098680702,0.983027375761344,1.00876793750317,0.885620127246184,1.01053376367285,1.07428050791558,0.746899174693115,0.711765078019787,0.861071885678833,1.10696654229635,1.06038047778226,0.548998033785018,0.802105401997512,0.976008626786885,0.729969704919444,0.751463026853984,1.30247286537804,0.911706871428826,0.61915354503476,1.17995775716518,1.43234625054986,NA,1.77095514964768,1.43989430241686,1.65521162178427,1.50675333376703,1.6654914568756,0.997750293519067,0.835846510436671,0.989202415503396,1.24907376543755,1.39787159996583,0.894068341631909,0.715687400410069,NA
1.70292485046548,1.5195262274327,1.34134271554178,1.32622613728646,1.03147457707104,0.26003463695368,0.448221616993295,0.546844058969392,1.39242974571529,1.34908293687115,1.52771256075632,0.631348592822819,1.37759874570332,1.1708301529345,0.346124615792043,0.55580239434736,0.25333629497355,0.310217302050549,0.288900924414027,0.199099358546009,0.162092302739633,0.124659257078027,0.268102748911822,0.250229175594155,0.2634471395577,0.281157522477711,0.700065885057662,0.736937058830348,0.794934760665103,0.871489283756998,0.296606597713369,0.251238081090396,0.432242194757805,0.504079759181683,1.32444397474358,1.52468590293042,1.93946460852574,1.4494067058494,NA,NA,NA,NA,NA,1.34531212827032,0.869734758372834,0.557159852379526,0.553167609693306,0.2454367318159,0.540384279008045,0.752115794420602,0.895644534958336,1.01734711678165,1.13400331519386,1.62287876611388,1.29435713401865,0.959792526725862,1.24916789504016,1.19157038100183,0.382524770704116,0.414458708579208,0.446859904528903,0.414879011417835,0.361795851109789,0.656826284641858,0.640166491122279,0.923657637872949,1.30229679204208,1.82650166815503,2.29439117433123,NA,NA,1.92630352969526,1.63502499364943,1.39236586026117,0.945044647037409,0.527612401621723,0.856194354215818,1.2780823422074,2.41134519118951,3.21667758680524,3.82408765628477,3.34046891362992
1.58809675068937,1.38006180447877,1.15032680430755,1.07903202612199,1.06711775331706,0.194836882050307,0.495547652174654,0.604566546427479,2.35119895276866,1.98961221805596,2.19339639725933,1.71084294886576,1.47687561007775,1.40210946675659,0.387545121339291,0.674899662972329,0.365015984959324,0.319763542961951,0.413826353060827,0.295701407172982,0.146409895943306,0.368473089294531,0.379442617360553,0.262946202732574,0.224594395666508,0.258727794626047,0.146225592093232,0.139611442146985,0.239245824920087,0.183772785815908,0.133922589223864,0.282897349417938,0.455424939066067,0.661763896485535,2.0529747965114,2.30433621994366,1.12760798647413,0.419906937705368,NA,NA,NA,NA,NA,NA,1.74475535967451,0.769414140065076,0.559431821916525,0.300125407715352,0.354698378813614,0.425448945547298,0.392599235199749,0.373741304336088,0.4563849744939,1.25505414760377,0.534383784750189,0.545947764513871,1.1067612267982,1.29454066609416,0.207221043002069,0.313755931769781,0.667230143172115,0.608581699709445,0.587474015267936,1.43224708068576,1.52289617115095,2.28944375291134,NA,2.55583337459867,2.61599240733844,2.00861293681215,2.19695883383676,2.43831413745176,2.44480175087578,2.66190584916332,1.54062275750353,0.679194344064547,1.13844218242563,1.20264046010779,1.1285703804287,1.48754371920071,1.22977162975491,NA
NA,NA,1.39150419012416,1.95096888997136,1.22260312382496,0.416463153715747,0.298272644055437,0.733551806648929,0.964818436272623,1.33738902419659,1.10375404067621,1.32759982381857,1.3659809169024,1.46002276590973,0.665128398935828,1.25139886553006,0.434377400735773,0.52700696176396,0.528992885995706,0.619071084358535,0.254552204500991,0.35556080867679,0.929453616940537,1.1179799869284,1.14966480597305,1.18522646450198,1.30719746584542,1.19528204849455,1.27944299642747,1.33034336425182,0.350235518935718,0.609369556570232,0.61331700769625,1.08370825582464,1.30861269115273,1.42654082680116,1.20915040567357,NA,NA,NA,NA,NA,NA,1.31748455607712,1.38953998026589,0.932443777246955,0.72654869222891,0.355794408379049,0.601802146435966,1.100112732697,1.36545298427541,1.79434467531971,1.96992413134664,1.4737400336634,2.40146494753728,1.8608872380734,1.67683692843883,1.60960772351564,1.56553645757816,1.43723399743722,0.480943639703039,0.369257828060578,NA,0.646726723896371,0.292476962357822,0.365604428664967,0.327545126064959,0.463718091914345,0.800065924354805,0.974105858086361,0.480506993973334,0.588884592680847,0.466268494665101,0.529247757762456,0.320319119584594,0.356843935559626,0.535273602309755,1.61076894212276,1.63203398327496,1.37020980239788,1.50590034341698,NA
NA,NA,0.227476174739774,0.287058905333271,0.304945879215134,0.132134354049759,0.280787325331758,0.645947426355204,0.848022774211191,2.94589017670216,3.371038265816,3.65943564380123,4.59890266606829,4.22078643742641,4.04674325779517,2.8937741141707,1.97889030275192,2.77973249751273,1.50107077804422,0.500361061015492,0.73912962871563,0.203015069364721,0.143394885520678,0.128784739093364,0.149601001737541,0.168477160962265,0.125405621235515,0.118225967345499,0.247979982561028,0.272896953438122,0.0757249912537276,0.120518347364,0.228325089709682,1.78188132454847,1.43862243975893,1.59499404098527,1.35323953046163,0.966193804555954,NA,NA,0.966193804555954,2.2512146779737,3.34081397036953,1.6103078769352,2.92559242478126,0.875093400920998,0.666983803544333,0.144729025062335,0.226637046755321,0.197847586745642,0.192836245440359,0.199916380207224,0.210648829920056,0.239502083939418,0.220685563516569,0.268704525396904,0.200367713384965,0.214243906202385,0.0738299447686546,0.192125678877018,0.245825905758769,0.273590646367316,0.261769431778623,0.278778397128604,0.281487108623666,0.5374015314919,0.315481498292867,0.748181066851187,3.91545766642434,3.95807813904494,0.734924947713713,0.777018001657036,0.700203969851759,0.700911548542606,0.489796791544857,0.370592810111938,0.207511156470512,0.38301310112175,0.403713012836949,0.118580160136393,NA,NA
NA,NA,0.423340481743499,0.771110651666897,0.441581557009273,0.346767278042024,0.508011592754122,0.958940884579731,1.4327113437211,2.38657203988598,2.98552789281388,2.72971547795725,3.73340843290299,2.33593719702145,1.18688608329593,1.19116452803269,0.198315223518011,0.25106431377465,0.314411968289818,0.229448052882963,0.212998557534444,0.254795420547659,0.30275121756489,0.310589484818719,0.206389379595655,0.200758581075875,0.167215632765299,0.167081895636673,0.42596047766174,0.518812044242806,0.280381580861288,0.341979713815849,0.496096119448306,1.40153481579435,3.29695405383822,3.58643949966555,2.35037830877217,1.92652562508753,1.17978262732725,1.30707411775319,1.92652562508753,4.33885938633005,3.10313633514361,2.96146400708759,1.51183120203089,1.02188320375607,0.796787642462207,0.244930225586483,0.386076371916694,0.441079387006193,0.395520354141493,0.467074850626146,0.442043288106746,0.388094081817984,0.30939570643691,0.30103889591381,0.383021800970275,0.383910289015992,0.184709205699328,0.244994746764215,0.368840965327852,0.334723761768615,0.366503966167889,0.63521343559526,0.440464729414089,0.695590580317741,0.668336331572894,0.957223506595323,2.13027163942905,NA,NA,1.09028339098228,0.943853570050336,0.931135740867142,0.776406348221944,0.617971228791665,0.409632998035921,0.95222194569367,0.989159561075587,0.934340174112754,1.16603536638006,NA
