"V1","V2","V3","V4","V5","V6","V7","V8","V9","V10","V11","V12","V13","V14","V15","V16","V17","V18","V19","V20","V21","V22","V23","V24","V25","V26","V27","V28","V29","V30","V31","V32","V33","V34","V35","V36","V37","V38","V39","V40","V41","V42","V43","V44","V45","V46","V47","V48","V49","V50","V51","V52","V53","V54"
0.000661706898503651,0.00838021148581407,0.0143488637786292,0.0113885900666933,0.00216761371221682,0.00143835910281394,0.00186381385130832,0.00107617941215032,0.000135996763028433,0.000755439546456395,0.00437003303894002,0.01515587922784,0.00345561077750922,0.00253368752054675,0.000806418981814765,0.00381388031260134,0.00477887254640234,0.0135487813961671,0.00548126735896863,0.00156814997903433,0.00178231459837623,0.00177919822496091,0.000702099527377253,0.00251034505017747,0.0779131686645735,0.0239502817171213,0.0153309863745903,0.0141702151467414,0.00482760088594504,0.00431762744713967,0.0136505153209987,0.2679940764169,0.112849792173134,0.0911722147677574,0.0423142003122304,0.0239868488656874,0.00438782910747798,0.00363089978548173,0.0033424411005492,0.0338463039705222,0.183676125268485,NA,NA,0.0452066620931099,0.00467476137877565,0.00592578662583041,0.00561053177058111,0.00193795287424729,0.00579733721047433,0.0110872929346104,0.0132015183140606,0.00453552767649079,0.00190493575423347,0.00334294848846083
0.000104186984418624,0.0442554966689261,0.0170836503051815,0.00586178842125375,0.00358384259781072,0.00425447994427882,0.000629959602956895,0.00432660941589292,0.000556281600529434,0.000668805117989381,0.00427274449532508,0.00958528652930584,0.000711499340772524,0.0077986671574344,0.000875792220250994,0.00329943955245659,0.00533509216526937,0.0158530686085024,0.00715471210489123,0.00122581532032538,0.00267606853234532,0.00169123132397305,0.00253010922682446,0.00578433013831393,0.00648876567496455,0.00882392077874036,0.00845704038454621,0.0209750059721864,0.00239814619819335,0.00304368640804329,0.00917546310878484,0.203984050937786,0.0487119001777033,0.0319249843989655,0.0561897170894098,0.0201514982975562,0.00221967396232205,0.00197664676330871,0.00138797657601862,0.00413311183003431,0.00155509436965343,0.00413992454065934,0.000888956975220334,0.00116465088454183,0.00679865944557518,0.00570268496734865,0.00271175518142057,0.001572662906246,0.00144503970632116,0.00271068313489396,0.0035598883668895,0.000828783154974177,0.00463117248601021,0.0040561951898201
NA,0.114659280214115,0.015712794827629,0.00330560906997243,0.00155111504791556,0.00128957440226538,0.000969163089711267,0.00047859839928889,0.000315185012210781,0.000804589012860626,0.001144249671283,0.00831734968319802,0.00276030173810569,0.00423417284785793,0.00452719367464727,0.003896575894374,0.0143290819832141,0.00236290916542719,0.00380211177199108,0.000740462789647188,0.00196767439665853,0.00143385306919329,0.000842916574817647,0.00216927886915547,0.00418043959390154,0.00415441988381393,0.0150550542982525,0.0444456251015421,0.0158584316360702,0.0107620040483961,0.0312671404806236,0.418904394921837,0.153233435493637,0.16470166902454,0.0691242341230414,0.0174811676941311,0.002850354361948,0.00124465447655642,0.00318281733695826,0.00275576658087336,0.00123188155893103,0.00146084216130087,0.00167682217758071,0.00218288950487826,0.000499882972601613,0.000466370621799774,0.0063746419896283,0.00407319559999518,0.000751967099218852,0.00574787559426489,0.0016042906116428,0.00227377175034934,0.000290043930148977,0.00291694787562384
5.87008028620027e-05,0.00569936256447208,0.00663795633690247,0.00336790489105089,0.00260374877869572,0.00260267498797823,0.000665752848055641,0.00132825124847207,0.00128183858379586,0.00206870153964939,0.00217875672928591,0.00626573913768467,0.00270861288727745,0.00367826610862248,0.000196596460581712,0.00237045015525597,0.0033030496200816,0.00647790746090021,0.00129545084782231,0.00117784552588833,0.00618650659400885,0.00288506557151836,0.00228984775051492,0.0133917596603632,0.0207903675320796,0.00679456994206045,0.00501900393855149,0.00258446686050141,0.00309170444410447,0.00298688365090693,0.00427728552379363,0.00536219738658216,0.00454511682675404,0.00433096929083591,0.00423589543655041,0.00282660213045641,0.00245108468366989,0.00154080128763286,0.000751913786304022,0.0113234778060293,0.0065716167988061,0.0358273422673009,0.00325932475676181,0.00893224644810947,0.00765362911206036,0.00368081363765461,0.00114902840335164,0.00260649274093258,0.000483470859894494,0.00409383523140603,0.0021217652847723,0.00177329850324258,0.00115169736841632,0.00129174682075178
0.00248505494090383,0.0251589191517378,0.0401043748294088,0.0103748880163379,0.0316204454423957,0.0291842572024229,0.0340781559622294,0.0392729701915401,0.0288729566045905,0.0131695757752978,0.00323337618775625,0.0123904728920961,0.00472518536711521,0.0117324191032013,0.00635215521957657,0.0255159410606844,0.0262447061149714,0.00872491717437624,0.0121783049947322,0.0402882775501769,0.0297773935805439,0.0485591574939326,0.0248530653535367,0.0446943802081244,0.0243589980769104,0.0159284619594137,0.0166383329645703,0.0128330210459891,0.0083404779508138,0.0226223790297369,0.0424995530043,0.0958398232847613,0.0806515463781631,0.0417712817416325,0.0326253910785871,0.0143326096315175,0.00531059020376151,0.00704872316063826,0.00797814006014955,0.00944511656045864,0.0536971989699903,NA,0.0617718573963895,0.00855930886457807,0.00865371222118965,0.00748912832811567,0.0156158455734681,0.0113926189895766,0.0125614648849562,0.0269093514192904,0.0297781109871468,0.0240725983334032,0.0425864782039196,0.0505248588972279
NA,0.0266195823948842,0.0200320726110856,0.00452122804590215,0.00210035078869039,0.00245514900172018,0.0012294466801987,0.000712298164215367,0.00165134634414337,0.000825625978853182,0.00298584645177082,0.0226724731835358,0.0079875830948575,0.0053048794069706,0.00141803954954068,0.00598421724707138,0.00856697117201472,0.0148525919869539,0.0102083208079932,0.00115537395695334,0.00277162374439153,0.00265991595663857,0.00178661212154437,0.00497287295217081,0.0737091143466594,0.0351889038919612,0.0505314066505824,0.019881975340214,0.00417642502021719,0.0128326891683069,0.0337161122573477,0.0459302181533478,0.0385092641371052,0.00786775646796476,0.020547400584384,0.00824596918692744,0.00425553283879019,0.00527932728386685,0.0150085757631003,0.00925223487823012,0.30599113049293,NA,NA,0.0715498277811994,0.00619016100321494,0.00471427757490261,0.00404493847134071,0.00270979798988595,0.00127417389989319,0.00722355328467664,0.00857081007072351,0.00132086804897376,0.00215811954499807,0.00273154338927854
NA,0.0118318123406921,0.0137983868178324,0.0105297276690339,0.00261992824424057,0.00343781588305459,0.00409893978969484,0.0072774946724734,0.00217143888303382,0.00241011506934162,0.0156079472169125,0.0119600431610596,0.0162741384165616,0.00994169021137437,0.00362116974956099,0.00884742630060361,0.0126289395140623,0.0180703411666889,0.00543908157991759,0.00648558478059284,0.00418786910207561,0.00438870458948181,0.00301128538493767,0.00745832474337023,0.131697307241473,0.0675455184652918,0.0444355941605587,0.0278535240859497,NA,NA,NA,NA,0.00720868999245098,0.00355761823206926,0.00886536065988486,0.00697032444119128,0.00421673151538438,0.00641852127900218,0.0092517915348906,0.0332415022086236,0.435861506523359,NA,NA,0.0502431685662191,0.0214370073531827,0.00752946704297236,0.0115920349604482,0.0106810018777927,0.00342881546054228,0.00567814341685655,0.00111730301909678,4.86628217261516e-05,0.00292269515783656,0.00178696159089973
0.0022775907575419,0.0103434098693085,0.0249588544744567,0.0112829169441436,0.017001259278826,0.0135401643392756,0.011252370163159,0.017040344709998,0.00798545780353482,0.0172299434959949,0.0396745883108277,0.0533615085217,0.018151381294674,0.013205327222166,0.00286375534845238,0.0119886369022698,0.0210132325043275,0.0303791695506041,0.0282795365159816,0.0227458216037433,0.00833640288334474,0.00898301214762335,0.0118904066570078,0.0163831839866811,0.160437887541118,0.0348460969439287,0.0130121777793877,0.0158397861916018,0.0123409922374103,0.0172467515123917,0.0306135175016893,0.342789751221594,0.208876116414254,0.129343996560047,0.0361857115287224,0.0131762775031403,0.0128910052140046,0.0126528546247787,0.00631824836962141,0.0226125410431347,0.301784754104933,NA,NA,0.0366114400281616,0.00948921024758623,0.0144436544249245,0.0066687871047035,0.00395247749548688,0.00487346255575086,0.0109948952469151,0.0270203051349828,0.00394589724114031,0.00986937016318736,0.0339202729505947
0.000139288122073686,0.0167666054659177,0.00900115198137577,0.00442322114440351,0.00051482410197244,0.0010655537256019,0.000661631294211657,0.000346594613954282,0.000838637375573659,0.00192436120541504,0.000347699849281822,0.00218842403332801,0.0034307209246622,0.00385249217148482,0.00200495588759885,0.00565280286055261,0.00467655314546769,0.00319630010231336,0.00118707598240123,0.0011915234936206,0.000593957140586173,0.00125272100040105,0.000635931629259762,0.00460304848970459,0.0312881582834259,0.0174784004157215,0.0258978808589046,0.00461423256349046,0.0174814975866764,0.00855973336535982,0.0228477173807827,0.151392204648533,0.143085396430261,0.0734040479267779,0.00860578460242125,0.0059094191729658,0.00393509103307689,0.00517250066005492,0.0068144114120002,0.0117803541843127,0.128568734231931,NA,0.0664047731104199,0.000351022793184398,0.00709782565210894,0.00140993188458011,0.00418323402625159,0.00541372136878478,0.00308164119434476,0.0136793067040171,0.00813434157657534,0.00351000144438419,0.00166946571607755,0.0014522371450388
8.77673283394332e-06,0.00714684080675702,0.0094172676774551,0.00130656873692459,0.00105813279077087,0.0015836447822067,0.00252735810857061,0.00162950705061801,0.00093401014459701,0.00241868989467169,0.00507293220193683,0.0341730807769418,0.00479741123072767,0.00518912118109886,0.000873234413239264,0.0047171840599192,0.00414678049378389,0.0121779942793448,0.0209145658207709,0.000615427984062913,0.0032441801615502,0.00340648268371719,0.000280969166777077,0.00295434309237566,0.0250065392301926,0.0144771517661448,0.0156093873266058,0.00406335085437055,0.00248316201776812,0.00208847469322469,0.0061748037145733,0.217219037568705,0.143972562512391,0.0815576915915308,0.0126543154885316,0.00699101594396394,0.00322382102064433,0.00141951437225347,0.00327895163157501,0.00829713304470122,0.10687467562634,NA,0.0590047823566349,0.00142034315783757,0.00482120124317318,0.00303073087166563,0.00246425862042466,0.00337773523305258,0.000669441821946566,0.00348562321514235,0.010898525543894,0.000486178834159549,0.000461882342086915,0.0058012234345332
0.000771256082354611,0.000954002237434079,0.0179976184525335,0.00663650831744353,0.00359857268436121,0.00127281170719447,0.00340879629108277,0.000919086756821941,0.000986489145297858,0.000595138020076033,0.00455597558537727,0.00767102763350591,0.00873540142623408,0.0130481958140624,0.000903260384765015,0.00649926912028261,0.0108408792540671,0.00289573842051219,0.00684435200622846,0.00235380441645839,0.00112684263528631,0.00309801668323432,0.00395393958431914,0.00408303895941634,0.121158449824292,0.0513667000408913,0.0202048256483248,0.00969289335757569,0.00623532615084009,0.008171819207423,0.00313811739682185,0.196277491045412,0.09488453128932,0.0807824341252412,0.0176709866158673,0.00716538686144893,0.00383774185029858,0.00721401347814499,0.00646722016419793,0.0261604738396443,0.340532973928017,NA,NA,0.0613089996574245,0.000883010994425619,0.000718587513485586,0.00416446420297129,0.00200445830441843,0.00938705729744478,0.0101341129621281,0.00323823373581998,0.00182472894548794,0.000367067997360764,0.00366897797918416
0.000429241067920052,0.00077594299519238,0.0121668844253034,0.00389060353984067,0.00387588658382892,0.00240390278749149,0.00189289191763114,0.000989639698250342,0.00190620872191968,0.0072355823118708,0.00443530808920482,0.0117439758749194,0.00299890523784389,0.00813172971280329,0.0129720000333159,0.00708148472010053,0.00857921616401469,0.00336431444194848,0.00325863866788024,0.00348675823172682,0.00265137776661302,0.00185004417614617,0.00119961677596712,0.00596730680285425,0.094092561636317,0.0285979527445412,0.0301409890477129,0.00709533768572569,0.00416474676752627,0.00275432529247492,0.0193234122642078,0.275345606486713,0.117411669491402,0.0999816200117875,0.0468340032600342,0.0184393950249346,0.00282557068092796,0.00181809126860528,0.00995854815961674,0.0156804549695727,0.291210395287864,NA,NA,0.0691288214533647,0.00519228939520039,0.00463129916851867,0.00317605064119154,0.00398381788095298,0.00407523823023283,0.0140750785762011,0.00333482237158298,0.00146299587224586,0.00162312698869999,0.00617532034471836
0.140130161301683,NA,0.084673628378279,0.00798171219380596,0.00126953833392207,0.00804605520257342,0.00705428298861473,0.0118526886771326,0.00890740344214491,0.00850571775196318,0.00757919261313747,0.012247921905261,0.0049367129457179,0.00615380582815229,0.000674085277761414,0.00414333471137439,0.00759239137791026,0.00572473481255174,0.0143678440147559,0.0109613291932518,0.0123696273333962,0.0122149581409841,0.0142883797837971,0.0114535228785921,0.0476461257526044,0.0170436505778743,0.0279928161462676,0.0139738028834521,0.0212952904460546,0.0508270802704776,0.0379590380532891,0.208577607058802,0.0840985637567013,0.07920231386108,0.0352511369725799,0.0297495710596707,0.0184321155841866,0.00546129027398005,0.0100976871437115,0.00976409753305159,0.158702094483803,NA,NA,0.0468951079830176,0.00384374980399696,0.00370365218674733,0.0030966202334271,0.00446977124704816,0.00165171736979427,0.0102307497283243,0.00987218118484249,0.00471218382261227,0.00268802781868251,0.0143839024720608
0.00321595707712396,0.0136506551216203,0.0182469924879364,0.031975743804785,0.0162905753730133,0.00478587650652189,0.0116068364149524,0.00990792562862082,0.00689722173042183,0.0153822451532482,0.0258001674830898,0.0430828072148967,0.00897839464411821,0.00938210554456496,0.0110173470430088,0.017093721851464,0.0116389324869541,0.25047724248577,0.0517898520494925,0.0291902078121515,0.0144727261681792,0.00622313637200481,0.00689971909286547,0.00932066972009189,0.115190419323599,0.0661442311504772,0.0806458962938502,0.111018494711376,0.0236949705137117,0.0295828529866056,0.143423058537021,0.0483155583534428,0.130258683876499,0.00521476010426554,0.039256916829533,0.0514082686899926,0.0233577669738065,0.0278108877989793,0.0254142539635409,0.0380149998832471,0.435094058000526,NA,NA,0.111525673542829,0.0425366099049693,0.238244149753633,0.0874736210911408,0.0536468971450416,0.03900336866927,0.0177479536987081,0.0115813514375122,0.0165500157095903,0.0170172839260082,0.0234165486103923
0.76216467878214,0.44925712292308,0.188579303818317,0.0170932447445947,0.013149876107674,0.0179800186725352,0.0256592074930693,0.0206820153545,0.0210981342274189,0.0072008470558117,0.018035612828254,0.0119193195887318,0.00360747279266117,0.0140666718373135,0.00201956661156421,0.00525680910651017,0.0116267651119873,0.0164489030692651,0.00972294601878156,0.0180957791256266,0.0177107046908733,0.0317434632520354,0.0224537708991837,0.0135785917196205,0.0121022114304562,0.0106369933124477,0.0478281894876371,0.0465813598622747,0.00605660589174859,0.0148500569127862,0.0862439556478704,0.10052334536811,0.28022263772948,0.0292932076043709,0.00971278103280693,0.0299416214561179,0.00829864657626437,0.0153734216808458,0.0108373924705674,0.0235839852272428,0.00859733196437986,0.00640293505700316,0.00571105931004743,0.00335481760554701,0.00483155509436241,0.00387134975274247,0.0131164394455053,0.0103297408279646,0.0145942409129379,0.00813474889497776,0.0143602155265613,0.0135700990074148,0.00851973713152366,0.0308914984144144
0.000451694283654506,0.0201426527711873,0.00840998059789099,0.00479855489108185,0.0019725706800725,0.00131781629086104,0.00366796154493914,0.00314544620846447,0.00047404818454684,0.00293612497156839,0.00140062536191281,0.0146685319215334,0.00595432238027791,0.00730525533337223,0.000256294561330646,0.00640843325413931,0.00412060834071052,0.0130502751892141,0.0067347723774075,0.00318419635718218,0.00213178929654043,0.00151750823818073,0.00417051671211463,0.0122228602058345,0.0334180039751501,0.0233012021520937,0.0132435014976234,0.0161306242459422,0.00349927815171038,0.152924889732716,NA,NA,0.0798865194512272,0.319293697318632,0.062741704999061,0.0414422386739701,0.0217579303207811,0.01140930634416,0.00266803570815463,0.0437001344148714,0.0974444714989545,NA,0.0751751640794174,0.00113955248219709,0.0136650036225572,0.00462630758716537,0.00191600286044155,0.00289438482217473,0.00298962252738972,0.0919126001818172,0.113596759770565,0.000212722111426742,0.00359048903394242,0.0234867308604684
1.6216524141825,0.607511967222826,0.39670976790214,0.00638774095982893,0.000792960354601928,0.00225128474118325,0.00183946423136639,0.0126496387709541,0.0105909611311796,0.00520735273213169,0.00105479014677564,0.0052333725985005,0.00172118761240399,0.00364328137234447,0.00165548555137516,0.00373346381561989,0.00506993126093659,0.00879418068150688,0.0061868493166721,0.00674909168802579,0.00537004970450782,0.0129906110330311,0.00714740789847874,0.0234090898410418,0.00894689503998762,0.0049948009891365,0.00464473622699792,0.00960886371190361,0.184339651648123,NA,NA,4.07371139087176,1.34349040696773,1.01511396241634,0.515539310388246,0.172152747884341,0.0652380230755609,0.0206379965410618,0.0155654364065043,0.00600202080364977,0.00397474809791885,0.0467388596711956,0.0019034071547124,0.00664913143950092,0.00238683938247948,0.00413666229591396,0.00450504704154859,0.00813436688337716,0.0123132796379706,0.00313831774344678,0.00617235369125675,0.00210397849215482,0.00271114052075413,0.005396370645763
1.09166689200505,0.408000184680286,0.269067349404125,0.00415255745866604,0.00220910535170448,0.00308361138934981,0.00389963757423505,0.00304768080676536,0.00290103291052861,0.00272955264637933,0.00186311388859006,0.00359754686824267,0.00197773333201053,0.00471233066065155,0.000714064863459534,0.0061475437594777,0.00446352947152578,0.0131688646251819,0.00150706775107976,0.00524685933450496,0.00136586696894189,0.00607127767939949,0.00286852107621275,0.0121169111963863,0.00712695179557349,0.0039389513565015,0.00782695845079975,0.0342492923648089,0.00434588195365273,0.105273845216745,0.220969633171079,2.49910341033203,NA,1.34769724310592,0.480339709149313,0.263530883302766,0.0157699004766997,0.00884968461284981,0.0048353017156426,0.037602089472848,0.0128959573390623,0.0295000691465843,0.036373976370062,0.303961805408389,0.28475896850615,0.071592611562018,0.00653093717834618,0.00399232383509753,0.00882775755569421,0.0081971500859798,0.00447386248145187,0.00167890493711052,0.00163626099331068,0.00615005164487788
0.0116055172803416,0.0170850529753853,0.0215151780341559,0.243502821354892,0.148420424680527,0.121015417802061,0.160557512902134,0.00670421644977398,0.0432032268998943,0.00677779771407407,0.00854206980702763,0.0421310810036662,0.0162310867393927,0.0068493078158469,0.00980168523526035,0.0486076120488145,0.0514966810858968,0.0688929248180205,0.0159252146519513,0.107035874086921,0.155874286074715,0.0716467372249571,0.044625096167589,0.276311271684361,0.0606559601270368,0.0370822104994754,0.0177315103127137,0.0450222700750981,0.0251457067043598,0.0163048135564329,0.0645277944421482,0.244206793286317,0.0904421129824105,0.13059516901331,0.0561155460729817,0.0409660998383025,0.0260803676984953,0.00907211253128362,0.00613639826005276,0.0289152576853656,0.111727988027729,NA,0.0566077110613623,0.0217185412451759,0.0314275436256595,0.0163840841126647,0.0418893235780344,0.036595584925903,0.0634821603138304,0.0498227504167773,0.0452931865750371,0.000449434595544333,0.181854832748917,0.483328891072843
