"run","n.mut","site","CN","p.accept","accept"
1,1,53,35,1,1
1,2,46,16,1,1
1,3,13,29,1,1
1,4,32,17,1,1
1,5,19,30,1,1
1,6,52,40,1,1
1,7,24,51,1,1
1,8,14,34,1,1
1,9,59,45,1,1
1,10,9,24,1,1
1,11,17,32,1,1
1,12,3,38,1,1
1,13,50,37,1,1
1,14,16,30,1,1
1,15,36,46,1,1
1,16,39,41,1,1
1,17,25,43,1,1
1,18,7,36,1,1
1,19,58,38,1,1
1,20,54,30,1,1
1,21,41,38,1,1
1,22,28,23,1,1
1,23,23,47,1,1
1,24,45,19,1,1
1,25,51,39,1,1
1,26,43,25,1,1
1,27,6,34,1,1
1,28,56,33,1,1
1,29,4,43,1,1
1,30,40,36,1,1
1,31,29,16,1,1
1,32,42,28,1,1
2,1,23,47,1,1
2,2,35,40,1,1
2,3,41,38,1,1
2,4,17,32,1,1
2,5,3,38,1,1
2,6,44,25,1,1
2,7,6,34,1,1
2,8,55,30,1,1
2,9,34,32,1,1
2,10,12,25,1,1
2,11,38,49,1,1
2,12,39,41,1,1
2,13,59,45,1,1
2,14,24,51,1,1
2,15,60,43,1,1
2,16,43,25,1,1
2,17,50,37,1,1
2,18,7,36,1,1
2,19,9,24,1,1
2,20,8,31,1,1
2,21,5,42,1,1
2,22,2,32,1,1
2,23,48,28,1,1
2,24,53,35,1,1
2,25,31,11,1,1
2,26,14,34,1,1
2,27,16,30,1,1
2,28,30,13,1,1
2,29,21,35,1,1
2,30,47,19,1,1
2,31,32,17,1,1
2,32,29,16,1,1
3,1,17,32,1,1
3,2,29,16,1,1
3,3,14,34,1,1
3,4,37,51,1,1
3,5,10,23,1,1
3,6,9,24,1,1
3,7,24,51,1,1
3,8,53,35,1,1
3,9,40,36,1,1
3,10,44,25,1,1
3,11,51,39,1,1
3,12,31,11,1,1
3,13,56,33,1,1
3,14,39,41,1,1
3,15,20,28,1,1
3,16,8,31,1,1
3,17,19,30,1,1
3,18,52,40,1,1
3,19,55,30,1,1
3,20,60,43,1,1
3,21,54,30,1,1
3,22,36,46,1,1
3,23,21,35,1,1
3,24,11,19,1,1
3,25,57,36,1,1
3,26,7,36,1,1
3,27,59,45,1,1
3,28,32,17,1,1
3,29,47,19,1,1
3,30,41,38,1,1
3,31,12,25,1,1
3,32,50,37,1,1
4,1,42,28,1,1
4,2,5,42,1,1
4,3,38,49,1,1
4,4,49,31,1,1
4,5,31,11,1,1
4,6,28,23,1,1
4,7,24,51,1,1
4,8,3,38,1,1
4,9,21,35,1,1
4,10,60,43,1,1
4,11,36,46,1,1
4,12,6,34,1,1
4,13,13,29,1,1
4,14,58,38,1,1
4,15,16,30,1,1
4,16,12,25,1,1
4,17,25,43,1,1
4,18,56,33,1,1
4,19,32,17,1,1
4,20,40,36,1,1
4,21,33,24,1,1
4,22,46,16,1,1
4,23,8,31,1,1
4,24,2,32,1,1
4,25,54,30,1,1
4,26,20,28,1,1
4,27,35,40,1,1
4,28,34,32,1,1
4,29,47,19,1,1
4,30,14,34,1,1
4,31,1,29,1,1
4,32,48,28,1,1
5,1,6,34,1,1
5,2,13,29,1,1
5,3,42,28,1,1
5,4,24,51,1,1
5,5,29,16,1,1
5,6,58,38,1,1
5,7,5,42,1,1
5,8,41,38,1,1
5,9,3,38,1,1
5,10,50,37,1,1
5,11,9,24,1,1
5,12,54,30,1,1
5,13,49,31,1,1
5,14,1,29,1,1
5,15,43,25,1,1
5,16,51,39,1,1
5,17,19,30,1,1
5,18,16,30,1,1
5,19,48,28,1,1
5,20,26,39,1,1
5,21,4,43,1,1
5,22,34,32,1,1
5,23,56,33,1,1
5,24,21,35,1,1
5,25,12,25,1,1
5,26,52,40,1,1
5,27,59,45,1,1
5,28,22,42,1,1
5,29,60,43,1,1
5,30,35,40,1,1
5,31,14,34,1,1
5,32,36,46,1,1
6,1,27,29,1,1
6,2,13,29,1,1
6,3,54,30,1,1
6,4,41,38,1,1
6,5,52,40,1,1
6,6,16,30,1,1
6,7,9,24,1,1
6,8,40,36,1,1
6,9,57,36,1,1
6,10,22,42,1,1
6,11,6,34,1,1
6,12,43,25,1,1
6,13,2,32,1,1
6,14,10,23,1,1
6,15,58,38,1,1
6,16,44,25,1,1
6,17,55,30,1,1
6,18,45,19,1,1
6,19,3,38,1,1
6,20,15,32,1,1
6,21,48,28,1,1
6,22,4,43,1,1
6,23,32,17,1,1
6,24,53,35,1,1
6,25,26,39,1,1
6,26,7,36,1,1
6,27,50,37,1,1
6,28,12,25,1,1
6,29,14,34,1,1
6,30,34,32,1,1
6,31,17,32,1,1
6,32,31,11,1,1
7,1,27,29,1,1
7,2,58,38,1,1
7,3,53,35,1,1
7,4,50,37,1,1
7,5,59,45,1,1
7,6,23,47,1,1
7,7,11,19,1,1
7,8,18,27,1,1
7,9,51,39,1,1
7,10,38,49,1,1
7,11,43,25,1,1
7,12,29,16,1,1
7,13,35,40,1,1
7,14,31,11,1,1
7,15,3,38,1,1
7,16,4,43,1,1
7,17,49,31,1,1
7,18,34,32,1,1
7,19,41,38,1,1
7,20,48,28,1,1
7,21,40,36,1,1
7,22,20,28,1,1
7,23,44,25,1,1
7,24,46,16,1,1
7,25,15,32,1,1
7,26,14,34,1,1
7,27,39,41,1,1
7,28,55,30,1,1
7,29,60,43,1,1
7,30,30,13,1,1
7,31,24,51,1,1
7,32,2,32,1,1
8,1,3,38,1,1
8,2,35,40,1,1
8,3,13,29,1,1
8,4,18,27,1,1
8,5,54,30,1,1
8,6,45,19,1,1
8,7,51,39,1,1
8,8,20,28,1,1
8,9,10,23,1,1
8,10,50,37,1,1
8,11,5,42,1,1
8,12,32,17,1,1
8,13,43,25,1,1
8,14,47,19,1,1
8,15,2,32,1,1
8,16,41,38,1,1
8,17,16,30,1,1
8,18,26,39,1,1
8,19,55,30,1,1
8,20,1,29,1,1
8,21,21,35,1,1
8,22,38,49,1,1
8,23,49,31,1,1
8,24,52,40,1,1
8,25,48,28,1,1
8,26,15,32,1,1
8,27,7,36,1,1
8,28,11,19,1,1
8,29,22,42,1,1
8,30,56,33,1,1
8,31,39,41,1,1
8,32,14,34,1,1
9,1,56,33,1,1
9,2,59,45,1,1
9,3,54,30,1,1
9,4,29,16,1,1
9,5,38,49,1,1
9,6,45,19,1,1
9,7,10,23,1,1
9,8,33,24,1,1
9,9,5,42,1,1
9,10,55,30,1,1
9,11,50,37,1,1
9,12,6,34,1,1
9,13,16,30,1,1
9,14,2,32,1,1
9,15,22,42,1,1
9,16,39,41,1,1
9,17,15,32,1,1
9,18,32,17,1,1
9,19,49,31,1,1
9,20,57,36,1,1
9,21,8,31,1,1
9,22,23,47,1,1
9,23,9,24,1,1
9,24,40,36,1,1
9,25,20,28,1,1
9,26,30,13,1,1
9,27,35,40,1,1
9,28,3,38,1,1
9,29,21,35,1,1
9,30,13,29,1,1
9,31,48,28,1,1
9,32,26,39,1,1
10,1,2,32,1,1
10,2,51,39,1,1
10,3,40,36,1,1
10,4,54,30,1,1
10,5,26,39,1,1
10,6,50,37,1,1
10,7,14,34,1,1
10,8,57,36,1,1
10,9,49,31,1,1
10,10,33,24,1,1
10,11,38,49,1,1
10,12,13,29,1,1
10,13,60,43,1,1
10,14,23,47,1,1
10,15,12,25,1,1
10,16,45,19,1,1
10,17,25,43,1,1
10,18,43,25,1,1
10,19,6,34,1,1
10,20,20,28,1,1
10,21,36,46,1,1
10,22,39,41,1,1
10,23,52,40,1,1
10,24,55,30,1,1
10,25,31,11,1,1
10,26,56,33,1,1
10,27,35,40,1,1
10,28,4,43,1,1
10,29,7,36,1,1
10,30,10,23,1,1
10,31,11,19,1,1
10,32,44,25,1,1
11,1,31,11,1,1
11,2,45,19,1,1
11,3,2,32,1,1
11,4,7,36,1,1
11,5,49,31,1,1
11,6,58,38,1,1
11,7,19,30,1,1
11,8,41,38,1,1
11,9,17,32,1,1
11,10,26,39,1,1
11,11,23,47,1,1
11,12,9,24,1,1
11,13,25,43,1,1
11,14,10,23,1,1
11,15,32,17,1,1
11,16,18,27,1,1
11,17,33,24,1,1
11,18,30,13,1,1
11,19,34,32,1,1
11,20,5,42,1,1
11,21,29,16,1,1
11,22,52,40,1,1
11,23,21,35,1,1
11,24,57,36,1,1
11,25,14,34,1,1
11,26,4,43,1,1
11,27,59,45,1,1
11,28,3,38,1,1
11,29,15,32,1,1
11,30,55,30,1,1
11,31,11,19,1,1
11,32,42,28,1,1
12,1,54,30,1,1
12,2,24,51,1,1
12,3,11,19,1,1
12,4,40,36,1,1
12,5,23,47,1,1
12,6,45,19,1,1
12,7,19,30,1,1
12,8,25,43,1,1
12,9,1,29,1,1
12,10,33,24,1,1
12,11,27,29,1,1
12,12,8,31,1,1
12,13,4,43,1,1
12,14,50,37,1,1
12,15,20,28,1,1
12,16,51,39,1,1
12,17,6,34,1,1
12,18,3,38,1,1
12,19,30,13,1,1
12,20,17,32,1,1
12,21,31,11,1,1
12,22,35,40,1,1
12,23,32,17,1,1
12,24,9,24,1,1
12,25,41,38,1,1
12,26,39,41,1,1
12,27,49,31,1,1
12,28,47,19,1,1
12,29,5,42,1,1
12,30,56,33,1,1
12,31,15,32,1,1
12,32,2,32,1,1
13,1,43,25,1,1
13,2,57,36,1,1
13,3,17,32,1,1
13,4,27,29,1,1
13,5,1,29,1,1
13,6,6,34,1,1
13,7,55,30,1,1
13,8,22,42,1,1
13,9,49,31,1,1
13,10,42,28,1,1
13,11,26,39,1,1
13,12,20,28,1,1
13,13,31,11,1,1
13,14,32,17,1,1
13,15,50,37,1,1
13,16,39,41,1,1
13,17,44,25,1,1
13,18,41,38,1,1
13,19,3,38,1,1
13,20,37,51,1,1
13,21,23,47,1,1
13,22,46,16,1,1
13,23,5,42,1,1
13,24,13,29,1,1
13,25,11,19,1,1
13,26,25,43,1,1
13,27,24,51,1,1
13,28,28,23,1,1
13,29,56,33,1,1
13,30,9,24,1,1
13,31,60,43,1,1
13,32,8,31,1,1
14,1,43,25,1,1
14,2,14,34,1,1
14,3,1,29,1,1
14,4,28,23,1,1
14,5,6,34,1,1
14,6,59,45,1,1
14,7,5,42,1,1
14,8,19,30,1,1
14,9,26,39,1,1
14,10,46,16,1,1
14,11,10,23,1,1
14,12,34,32,1,1
14,13,32,17,1,1
14,14,20,28,1,1
14,15,17,32,1,1
14,16,12,25,1,1
14,17,7,36,1,1
14,18,50,37,1,1
14,19,15,32,1,1
14,20,25,43,1,1
14,21,42,28,1,1
14,22,9,24,1,1
14,23,21,35,1,1
14,24,36,46,1,1
14,25,41,38,1,1
14,26,4,43,1,1
14,27,53,35,1,1
14,28,38,49,1,1
14,29,52,40,1,1
14,30,23,47,1,1
14,31,40,36,1,1
14,32,51,39,1,1
15,1,48,28,1,1
15,2,22,42,1,1
15,3,3,38,1,1
15,4,35,40,1,1
15,5,43,25,1,1
15,6,9,24,1,1
15,7,29,16,1,1
15,8,12,25,1,1
15,9,42,28,1,1
15,10,4,43,1,1
15,11,19,30,1,1
15,12,44,25,1,1
15,13,2,32,1,1
15,14,60,43,1,1
15,15,47,19,1,1
15,16,10,23,1,1
15,17,28,23,1,1
15,18,46,16,1,1
15,19,17,32,1,1
15,20,55,30,1,1
15,21,37,51,1,1
15,22,20,28,1,1
15,23,41,38,1,1
15,24,50,37,1,1
15,25,16,30,1,1
15,26,40,36,1,1
15,27,34,32,1,1
15,28,8,31,1,1
15,29,49,31,1,1
15,30,24,51,1,1
15,31,30,13,1,1
15,32,58,38,1,1
16,1,54,30,1,1
16,2,17,32,1,1
16,3,58,38,1,1
16,4,55,30,1,1
16,5,23,47,1,1
16,6,22,42,1,1
16,7,8,31,1,1
16,8,2,32,1,1
16,9,37,51,1,1
16,10,1,29,1,1
16,11,40,36,1,1
16,12,12,25,1,1
16,13,60,43,1,1
16,14,46,16,1,1
16,15,35,40,1,1
16,16,9,24,1,1
16,17,53,35,1,1
16,18,39,41,1,1
16,19,59,45,1,1
16,20,20,28,1,1
16,21,16,30,1,1
16,22,33,24,1,1
16,23,41,38,1,1
16,24,51,39,1,1
16,25,19,30,1,1
16,26,13,29,1,1
16,27,11,19,1,1
16,28,52,40,1,1
16,29,56,33,1,1
16,30,43,25,1,1
16,31,15,32,1,1
16,32,48,28,1,1
17,1,45,19,1,1
17,2,17,32,1,1
17,3,4,43,1,1
17,4,22,42,1,1
17,5,53,35,1,1
17,6,35,40,1,1
17,7,18,27,1,1
17,8,56,33,1,1
17,9,5,42,1,1
17,10,49,31,1,1
17,11,1,29,1,1
17,12,58,38,1,1
17,13,25,43,1,1
17,14,46,16,1,1
17,15,42,28,1,1
17,16,52,40,1,1
17,17,40,36,1,1
17,18,48,28,1,1
17,19,30,13,1,1
17,20,19,30,1,1
17,21,13,29,1,1
17,22,55,30,1,1
17,23,26,39,1,1
17,24,54,30,1,1
17,25,44,25,1,1
17,26,41,38,1,1
17,27,47,19,1,1
17,28,34,32,1,1
17,29,32,17,1,1
17,30,39,41,1,1
17,31,50,37,1,1
17,32,23,47,1,1
18,1,37,51,1,1
18,2,4,43,1,1
18,3,59,45,1,1
18,4,1,29,1,1
18,5,44,25,1,1
18,6,38,49,1,1
18,7,23,47,1,1
18,8,25,43,1,1
18,9,40,36,1,1
18,10,41,38,1,1
18,11,28,23,1,1
18,12,9,24,1,1
18,13,50,37,1,1
18,14,16,30,1,1
18,15,6,34,1,1
18,16,18,27,1,1
18,17,10,23,1,1
18,18,2,32,1,1
18,19,14,34,1,1
18,20,52,40,1,1
18,21,58,38,1,1
18,22,27,29,1,1
18,23,39,41,1,1
18,24,29,16,1,1
18,25,24,51,1,1
18,26,55,30,1,1
18,27,19,30,1,1
18,28,36,46,1,1
18,29,11,19,1,1
18,30,30,13,1,1
18,31,33,24,1,1
18,32,48,28,1,1
19,1,23,47,1,1
19,2,55,30,1,1
19,3,58,38,1,1
19,4,25,43,1,1
19,5,4,43,1,1
19,6,48,28,1,1
19,7,59,45,1,1
19,8,24,51,1,1
19,9,20,28,1,1
19,10,37,51,1,1
19,11,15,32,1,1
19,12,19,30,1,1
19,13,7,36,1,1
19,14,3,38,1,1
19,15,30,13,1,1
19,16,10,23,1,1
19,17,38,49,1,1
19,18,49,31,1,1
19,19,56,33,1,1
19,20,57,36,1,1
19,21,21,35,1,1
19,22,16,30,1,1
19,23,52,40,1,1
19,24,45,19,1,1
19,25,41,38,1,1
19,26,32,17,1,1
19,27,12,25,1,1
19,28,2,32,1,1
19,29,27,29,1,1
19,30,8,31,1,1
19,31,42,28,1,1
19,32,60,43,1,1
20,1,26,39,1,1
20,2,2,32,1,1
20,3,1,29,1,1
20,4,17,32,1,1
20,5,21,35,1,1
20,6,55,30,1,1
20,7,52,40,1,1
20,8,39,41,1,1
20,9,27,29,1,1
20,10,37,51,1,1
20,11,44,25,1,1
20,12,53,35,1,1
20,13,49,31,1,1
20,14,19,30,1,1
20,15,7,36,1,1
20,16,30,13,1,1
20,17,46,16,1,1
20,18,41,38,1,1
20,19,11,19,1,1
20,20,42,28,1,1
20,21,3,38,1,1
20,22,38,49,1,1
20,23,35,40,1,1
20,24,50,37,1,1
20,25,12,25,1,1
20,26,5,42,1,1
20,27,15,32,1,1
20,28,43,25,1,1
20,29,51,39,1,1
20,30,20,28,1,1
20,31,33,24,1,1
20,32,28,23,1,1
21,1,54,30,1,1
21,2,32,17,1,1
21,3,29,16,1,1
21,4,9,24,1,1
21,5,1,29,1,1
21,6,35,40,1,1
21,7,28,23,1,1
21,8,42,28,1,1
21,9,8,31,1,1
21,10,13,29,1,1
21,11,20,28,1,1
21,12,10,23,1,1
21,13,17,32,1,1
21,14,51,39,1,1
21,15,55,30,1,1
21,16,18,27,1,1
21,17,26,39,1,1
21,18,45,19,1,1
21,19,16,30,1,1
21,20,37,51,1,1
21,21,12,25,1,1
21,22,50,37,1,1
21,23,24,51,1,1
21,24,56,33,1,1
21,25,14,34,1,1
21,26,40,36,1,1
21,27,60,43,1,1
21,28,57,36,1,1
21,29,7,36,1,1
21,30,49,31,1,1
21,31,22,42,1,1
21,32,47,19,1,1
22,1,60,43,1,1
22,2,16,30,1,1
22,3,23,47,1,1
22,4,6,34,1,1
22,5,5,42,1,1
22,6,39,41,1,1
22,7,47,19,1,1
22,8,38,49,1,1
22,9,48,28,1,1
22,10,55,30,1,1
22,11,8,31,1,1
22,12,21,35,1,1
22,13,3,38,1,1
22,14,58,38,1,1
22,15,30,13,1,1
22,16,44,25,1,1
22,17,40,36,1,1
22,18,12,25,1,1
22,19,45,19,1,1
22,20,36,46,1,1
22,21,37,51,1,1
22,22,31,11,1,1
22,23,34,32,1,1
22,24,25,43,1,1
22,25,2,32,1,1
22,26,43,25,1,1
22,27,17,32,1,1
22,28,50,37,1,1
22,29,14,34,1,1
22,30,18,27,1,1
22,31,32,17,1,1
22,32,41,38,1,1
23,1,21,35,1,1
23,2,32,17,1,1
23,3,11,19,1,1
23,4,44,25,1,1
23,5,33,24,1,1
23,6,46,16,1,1
23,7,24,51,1,1
23,8,1,29,1,1
23,9,53,35,1,1
23,10,58,38,1,1
23,11,55,30,1,1
23,12,56,33,1,1
23,13,13,29,1,1
23,14,57,36,1,1
23,15,20,28,1,1
23,16,41,38,1,1
23,17,36,46,1,1
23,18,39,41,1,1
23,19,45,19,1,1
23,20,26,39,1,1
23,21,28,23,1,1
23,22,9,24,1,1
23,23,37,51,1,1
23,24,3,38,1,1
23,25,23,47,1,1
23,26,16,30,1,1
23,27,38,49,1,1
23,28,6,34,1,1
23,29,34,32,1,1
23,30,47,19,1,1
23,31,35,40,1,1
23,32,60,43,1,1
24,1,52,40,1,1
24,2,55,30,1,1
24,3,25,43,1,1
24,4,26,39,1,1
24,5,59,45,1,1
24,6,3,38,1,1
24,7,17,32,1,1
24,8,54,30,1,1
24,9,57,36,1,1
24,10,41,38,1,1
24,11,23,47,1,1
24,12,16,30,1,1
24,13,7,36,1,1
24,14,49,31,1,1
24,15,19,30,1,1
24,16,10,23,1,1
24,17,32,17,1,1
24,18,58,38,1,1
24,19,37,51,1,1
24,20,20,28,1,1
24,21,31,11,1,1
24,22,42,28,1,1
24,23,47,19,1,1
24,24,2,32,1,1
24,25,53,35,1,1
24,26,30,13,1,1
24,27,6,34,1,1
24,28,1,29,1,1
24,29,33,24,1,1
24,30,39,41,1,1
24,31,45,19,1,1
24,32,36,46,1,1
25,1,8,31,1,1
25,2,50,37,1,1
25,3,58,38,1,1
25,4,15,32,1,1
25,5,12,25,1,1
25,6,42,28,1,1
25,7,11,19,1,1
25,8,45,19,1,1
25,9,10,23,1,1
25,10,2,32,1,1
25,11,29,16,1,1
25,12,24,51,1,1
25,13,28,23,1,1
25,14,25,43,1,1
25,15,60,43,1,1
25,16,19,30,1,1
25,17,47,19,1,1
25,18,34,32,1,1
25,19,55,30,1,1
25,20,21,35,1,1
25,21,52,40,1,1
25,22,37,51,1,1
25,23,43,25,1,1
25,24,31,11,1,1
25,25,51,39,1,1
25,26,20,28,1,1
25,27,5,42,1,1
25,28,56,33,1,1
25,29,3,38,1,1
25,30,30,13,1,1
25,31,54,30,1,1
25,32,59,45,1,1
26,1,34,32,1,1
26,2,19,30,1,1
26,3,51,39,1,1
26,4,33,24,1,1
26,5,3,38,1,1
26,6,56,33,1,1
26,7,59,45,1,1
26,8,58,38,1,1
26,9,22,42,1,1
26,10,40,36,1,1
26,11,35,40,1,1
26,12,2,32,1,1
26,13,49,31,1,1
26,14,12,25,1,1
26,15,57,36,1,1
26,16,24,51,1,1
26,17,20,28,1,1
26,18,14,34,1,1
26,19,10,23,1,1
26,20,30,13,1,1
26,21,27,29,1,1
26,22,50,37,1,1
26,23,18,27,1,1
26,24,5,42,1,1
26,25,39,41,1,1
26,26,54,30,1,1
26,27,45,19,1,1
26,28,46,16,1,1
26,29,60,43,1,1
26,30,11,19,1,1
26,31,8,31,1,1
26,32,41,38,1,1
27,1,58,38,1,1
27,2,14,34,1,1
27,3,36,46,1,1
27,4,59,45,1,1
27,5,52,40,1,1
27,6,51,39,1,1
27,7,28,23,1,1
27,8,27,29,1,1
27,9,60,43,1,1
27,10,16,30,1,1
27,11,29,16,1,1
27,12,40,36,1,1
27,13,13,29,1,1
27,14,37,51,1,1
27,15,1,29,1,1
27,16,25,43,1,1
27,17,20,28,1,1
27,18,15,32,1,1
27,19,38,49,1,1
27,20,46,16,1,1
27,21,31,11,1,1
27,22,2,32,1,1
27,23,53,35,1,1
27,24,57,36,1,1
27,25,49,31,1,1
27,26,6,34,1,1
27,27,5,42,1,1
27,28,24,51,1,1
27,29,22,42,1,1
27,30,34,32,1,1
27,31,32,17,1,1
27,32,21,35,1,1
28,1,51,39,1,1
28,2,20,28,1,1
28,3,54,30,1,1
28,4,3,38,1,1
28,5,34,32,1,1
28,6,38,49,1,1
28,7,56,33,1,1
28,8,53,35,1,1
28,9,21,35,1,1
28,10,15,32,1,1
28,11,37,51,1,1
28,12,57,36,1,1
28,13,49,31,1,1
28,14,22,42,1,1
28,15,1,29,1,1
28,16,30,13,1,1
28,17,39,41,1,1
28,18,52,40,1,1
28,19,19,30,1,1
28,20,7,36,1,1
28,21,43,25,1,1
28,22,11,19,1,1
28,23,17,32,1,1
28,24,40,36,1,1
28,25,13,29,1,1
28,26,35,40,1,1
28,27,46,16,1,1
28,28,26,39,1,1
28,29,31,11,1,1
28,30,23,47,1,1
28,31,12,25,1,1
28,32,44,25,1,1
29,1,53,35,1,1
29,2,54,30,1,1
29,3,60,43,1,1
29,4,31,11,1,1
29,5,16,30,1,1
29,6,25,43,1,1
29,7,50,37,1,1
29,8,48,28,1,1
29,9,55,30,1,1
29,10,34,32,1,1
29,11,35,40,1,1
29,12,21,35,1,1
29,13,30,13,1,1
29,14,51,39,1,1
29,15,42,28,1,1
29,16,39,41,1,1
29,17,2,32,1,1
29,18,3,38,1,1
29,19,43,25,1,1
29,20,22,42,1,1
29,21,10,23,1,1
29,22,27,29,1,1
29,23,20,28,1,1
29,24,9,24,1,1
29,25,56,33,1,1
29,26,29,16,1,1
29,27,37,51,1,1
29,28,59,45,1,1
29,29,40,36,1,1
29,30,18,27,1,1
29,31,57,36,1,1
29,32,52,40,1,1
30,1,23,47,1,1
30,2,32,17,1,1
30,3,14,34,1,1
30,4,22,42,1,1
30,5,4,43,1,1
30,6,40,36,1,1
30,7,48,28,1,1
30,8,60,43,1,1
30,9,55,30,1,1
30,10,44,25,1,1
30,11,42,28,1,1
30,12,25,43,1,1
30,13,10,23,1,1
30,14,2,32,1,1
30,15,41,38,1,1
30,16,58,38,1,1
30,17,3,38,1,1
30,18,29,16,1,1
30,19,34,32,1,1
30,20,53,35,1,1
30,21,13,29,1,1
30,22,7,36,1,1
30,23,21,35,1,1
30,24,27,29,1,1
30,25,33,24,1,1
30,26,6,34,1,1
30,27,8,31,1,1
30,28,54,30,1,1
30,29,18,27,1,1
30,30,16,30,1,1
30,31,17,32,1,1
30,32,24,51,1,1
31,1,9,24,1,1
31,2,17,32,1,1
31,3,34,32,1,1
31,4,15,32,1,1
31,5,23,47,1,1
31,6,20,28,1,1
31,7,8,31,1,1
31,8,42,28,1,1
31,9,29,16,1,1
31,10,32,17,1,1
31,11,30,13,1,1
31,12,24,51,1,1
31,13,2,32,1,1
31,14,53,35,1,1
31,15,49,31,1,1
31,16,33,24,1,1
31,17,36,46,1,1
31,18,51,39,1,1
31,19,44,25,1,1
31,20,45,19,1,1
31,21,47,19,1,1
31,22,27,29,1,1
31,23,4,43,1,1
31,24,40,36,1,1
31,25,14,34,1,1
31,26,35,40,1,1
31,27,50,37,1,1
31,28,39,41,1,1
31,29,3,38,1,1
31,30,21,35,1,1
31,31,46,16,1,1
31,32,6,34,1,1
32,1,29,16,1,1
32,2,8,31,1,1
32,3,54,30,1,1
32,4,43,25,1,1
32,5,4,43,1,1
32,6,19,30,1,1
32,7,18,27,1,1
32,8,37,51,1,1
32,9,9,24,1,1
32,10,17,32,1,1
32,11,13,29,1,1
32,12,58,38,1,1
32,13,27,29,1,1
32,14,11,19,1,1
32,15,23,47,1,1
32,16,30,13,1,1
32,17,52,40,1,1
32,18,60,43,1,1
32,19,12,25,1,1
32,20,46,16,1,1
32,21,16,30,1,1
32,22,6,34,1,1
32,23,21,35,1,1
32,24,20,28,1,1
32,25,55,30,1,1
32,26,34,32,1,1
32,27,24,51,1,1
32,28,48,28,1,1
32,29,38,49,1,1
32,30,40,36,1,1
32,31,5,42,1,1
32,32,51,39,1,1
33,1,55,30,1,1
33,2,7,36,1,1
33,3,37,51,1,1
33,4,19,30,1,1
33,5,21,35,1,1
33,6,39,41,1,1
33,7,36,46,1,1
33,8,45,19,1,1
33,9,26,39,1,1
33,10,15,32,1,1
33,11,60,43,1,1
33,12,22,42,1,1
33,13,10,23,1,1
33,14,46,16,1,1
33,15,33,24,1,1
33,16,58,38,1,1
33,17,54,30,1,1
33,18,20,28,1,1
33,19,2,32,1,1
33,20,11,19,1,1
33,21,28,23,1,1
33,22,43,25,1,1
33,23,4,43,1,1
33,24,41,38,1,1
33,25,48,28,1,1
33,26,40,36,1,1
33,27,3,38,1,1
33,28,47,19,1,1
33,29,23,47,1,1
33,30,50,37,1,1
33,31,44,25,1,1
33,32,13,29,1,1
34,1,19,30,1,1
34,2,31,11,1,1
34,3,45,19,1,1
34,4,5,42,1,1
34,5,41,38,1,1
34,6,12,25,1,1
34,7,46,16,1,1
34,8,60,43,1,1
34,9,15,32,1,1
34,10,59,45,1,1
34,11,40,36,1,1
34,12,49,31,1,1
34,13,39,41,1,1
34,14,11,19,1,1
34,15,13,29,1,1
34,16,9,24,1,1
34,17,21,35,1,1
34,18,48,28,1,1
34,19,25,43,1,1
34,20,14,34,1,1
34,21,4,43,1,1
34,22,54,30,1,1
34,23,27,29,1,1
34,24,3,38,1,1
34,25,6,34,1,1
34,26,7,36,1,1
34,27,33,24,1,1
34,28,43,25,1,1
34,29,47,19,1,1
34,30,24,51,1,1
34,31,30,13,1,1
34,32,57,36,1,1
35,1,17,32,1,1
35,2,57,36,1,1
35,3,1,29,1,1
35,4,29,16,1,1
35,5,8,31,1,1
35,6,11,19,1,1
35,7,16,30,1,1
35,8,23,47,1,1
35,9,39,41,1,1
35,10,42,28,1,1
35,11,28,23,1,1
35,12,38,49,1,1
35,13,32,17,1,1
35,14,33,24,1,1
35,15,59,45,1,1
35,16,30,13,1,1
35,17,36,46,1,1
35,18,47,19,1,1
35,19,20,28,1,1
35,20,41,38,1,1
35,21,4,43,1,1
35,22,49,31,1,1
35,23,13,29,1,1
35,24,50,37,1,1
35,25,46,16,1,1
35,26,53,35,1,1
35,27,19,30,1,1
35,28,22,42,1,1
35,29,5,42,1,1
35,30,56,33,1,1
35,31,31,11,1,1
35,32,7,36,1,1
36,1,58,38,1,1
36,2,44,25,1,1
36,3,36,46,1,1
36,4,25,43,1,1
36,5,31,11,1,1
36,6,14,34,1,1
36,7,9,24,1,1
36,8,41,38,1,1
36,9,10,23,1,1
36,10,47,19,1,1
36,11,59,45,1,1
36,12,22,42,1,1
36,13,35,40,1,1
36,14,1,29,1,1
36,15,8,31,1,1
36,16,55,30,1,1
36,17,52,40,1,1
36,18,48,28,1,1
36,19,42,28,1,1
36,20,28,23,1,1
36,21,54,30,1,1
36,22,16,30,1,1
36,23,24,51,1,1
36,24,39,41,1,1
36,25,30,13,1,1
36,26,37,51,1,1
36,27,15,32,1,1
36,28,27,29,1,1
36,29,13,29,1,1
36,30,19,30,1,1
36,31,43,25,1,1
36,32,46,16,1,1
37,1,47,19,1,1
37,2,41,38,1,1
37,3,12,25,1,1
37,4,29,16,1,1
37,5,53,35,1,1
37,6,31,11,1,1
37,7,52,40,1,1
37,8,14,34,1,1
37,9,21,35,1,1
37,10,7,36,1,1
37,11,18,27,1,1
37,12,19,30,1,1
37,13,43,25,1,1
37,14,50,37,1,1
37,15,32,17,1,1
37,16,23,47,1,1
37,17,42,28,1,1
37,18,11,19,1,1
37,19,56,33,1,1
37,20,49,31,1,1
37,21,6,34,1,1
37,22,9,24,1,1
37,23,25,43,1,1
37,24,27,29,1,1
37,25,20,28,1,1
37,26,1,29,1,1
37,27,3,38,1,1
37,28,26,39,1,1
37,29,46,16,1,1
37,30,48,28,1,1
37,31,39,41,1,1
37,32,35,40,1,1
38,1,3,38,1,1
38,2,56,33,1,1
38,3,55,30,1,1
38,4,51,39,1,1
38,5,42,28,1,1
38,6,57,36,1,1
38,7,28,23,1,1
38,8,23,47,1,1
38,9,40,36,1,1
38,10,13,29,1,1
38,11,49,31,1,1
38,12,37,51,1,1
38,13,21,35,1,1
38,14,2,32,1,1
38,15,58,38,1,1
38,16,47,19,1,1
38,17,50,37,1,1
38,18,29,16,1,1
38,19,30,13,1,1
38,20,6,34,1,1
38,21,44,25,1,1
38,22,46,16,1,1
38,23,52,40,1,1
38,24,8,31,1,1
38,25,35,40,1,1
38,26,39,41,1,1
38,27,43,25,1,1
38,28,22,42,1,1
38,29,9,24,1,1
38,30,25,43,1,1
38,31,54,30,1,1
38,32,41,38,1,1
39,1,22,42,1,1
39,2,43,25,1,1
39,3,24,51,1,1
39,4,60,43,1,1
39,5,8,31,1,1
39,6,45,19,1,1
39,7,42,28,1,1
39,8,30,13,1,1
39,9,44,25,1,1
39,10,36,46,1,1
39,11,35,40,1,1
39,12,51,39,1,1
39,13,39,41,1,1
39,14,3,38,1,1
39,15,58,38,1,1
39,16,27,29,1,1
39,17,10,23,1,1
39,18,23,47,1,1
39,19,48,28,1,1
39,20,11,19,1,1
39,21,57,36,1,1
39,22,34,32,1,1
39,23,32,17,1,1
39,24,33,24,1,1
39,25,53,35,1,1
39,26,2,32,1,1
39,27,5,42,1,1
39,28,6,34,1,1
39,29,31,11,1,1
39,30,40,36,1,1
39,31,19,30,1,1
39,32,52,40,1,1
40,1,44,25,1,1
40,2,12,25,1,1
40,3,39,41,1,1
40,4,31,11,1,1
40,5,48,28,1,1
40,6,28,23,1,1
40,7,23,47,1,1
40,8,5,42,1,1
40,9,21,35,1,1
40,10,32,17,1,1
40,11,42,28,1,1
40,12,13,29,1,1
40,13,18,27,1,1
40,14,2,32,1,1
40,15,3,38,1,1
40,16,37,51,1,1
40,17,55,30,1,1
40,18,19,30,1,1
40,19,51,39,1,1
40,20,46,16,1,1
40,21,33,24,1,1
40,22,50,37,1,1
40,23,15,32,1,1
40,24,24,51,1,1
40,25,30,13,1,1
40,26,49,31,1,1
40,27,27,29,1,1
40,28,8,31,1,1
40,29,25,43,1,1
40,30,47,19,1,1
40,31,60,43,1,1
40,32,38,49,1,1
41,1,45,19,1,1
41,2,15,32,1,1
41,3,42,28,1,1
41,4,13,29,1,1
41,5,33,24,1,1
41,6,59,45,1,1
41,7,16,30,1,1
41,8,50,37,1,1
41,9,27,29,1,1
41,10,28,23,1,1
41,11,5,42,1,1
41,12,21,35,1,1
41,13,39,41,1,1
41,14,60,43,1,1
41,15,44,25,1,1
41,16,54,30,1,1
41,17,2,32,1,1
41,18,58,38,1,1
41,19,49,31,1,1
41,20,34,32,1,1
41,21,40,36,1,1
41,22,10,23,1,1
41,23,6,34,1,1
41,24,26,39,1,1
41,25,8,31,1,1
41,26,22,42,1,1
41,27,9,24,1,1
41,28,30,13,1,1
41,29,24,51,1,1
41,30,7,36,1,1
41,31,19,30,1,1
41,32,18,27,1,1
42,1,3,38,1,1
42,2,51,39,1,1
42,3,18,27,1,1
42,4,58,38,1,1
42,5,30,13,1,1
42,6,20,28,1,1
42,7,26,39,1,1
42,8,8,31,1,1
42,9,29,16,1,1
42,10,25,43,1,1
42,11,40,36,1,1
42,12,39,41,1,1
42,13,14,34,1,1
42,14,28,23,1,1
42,15,48,28,1,1
42,16,2,32,1,1
42,17,24,51,1,1
42,18,33,24,1,1
42,19,50,37,1,1
42,20,57,36,1,1
42,21,38,49,1,1
42,22,52,40,1,1
42,23,9,24,1,1
42,24,47,19,1,1
42,25,59,45,1,1
42,26,43,25,1,1
42,27,56,33,1,1
42,28,27,29,1,1
42,29,55,30,1,1
42,30,35,40,1,1
42,31,11,19,1,1
42,32,21,35,1,1
43,1,28,23,1,1
43,2,50,37,1,1
43,3,52,40,1,1
43,4,56,33,1,1
43,5,53,35,1,1
43,6,29,16,1,1
43,7,42,28,1,1
43,8,24,51,1,1
43,9,59,45,1,1
43,10,2,32,1,1
43,11,51,39,1,1
43,12,36,46,1,1
43,13,43,25,1,1
43,14,19,30,1,1
43,15,17,32,1,1
43,16,5,42,1,1
43,17,41,38,1,1
43,18,21,35,1,1
43,19,10,23,1,1
43,20,34,32,1,1
43,21,22,42,1,1
43,22,35,40,1,1
43,23,4,43,1,1
43,24,37,51,1,1
43,25,1,29,1,1
43,26,57,36,1,1
43,27,33,24,1,1
43,28,27,29,1,1
43,29,48,28,1,1
43,30,47,19,1,1
43,31,40,36,1,1
43,32,46,16,1,1
44,1,5,42,1,1
44,2,33,24,1,1
44,3,19,30,1,1
44,4,35,40,1,1
44,5,23,47,1,1
44,6,21,35,1,1
44,7,53,35,1,1
44,8,10,23,1,1
44,9,13,29,1,1
44,10,51,39,1,1
44,11,28,23,1,1
44,12,15,32,1,1
44,13,57,36,1,1
44,14,52,40,1,1
44,15,42,28,1,1
44,16,43,25,1,1
44,17,59,45,1,1
44,18,45,19,1,1
44,19,55,30,1,1
44,20,47,19,1,1
44,21,14,34,1,1
44,22,58,38,1,1
44,23,2,32,1,1
44,24,27,29,1,1
44,25,60,43,1,1
44,26,31,11,1,1
44,27,32,17,1,1
44,28,1,29,1,1
44,29,37,51,1,1
44,30,30,13,1,1
44,31,18,27,1,1
44,32,39,41,1,1
45,1,59,45,1,1
45,2,27,29,1,1
45,3,35,40,1,1
45,4,11,19,1,1
45,5,42,28,1,1
45,6,54,30,1,1
45,7,14,34,1,1
45,8,34,32,1,1
45,9,32,17,1,1
45,10,10,23,1,1
45,11,19,30,1,1
45,12,55,30,1,1
45,13,49,31,1,1
45,14,1,29,1,1
45,15,21,35,1,1
45,16,47,19,1,1
45,17,7,36,1,1
45,18,41,38,1,1
45,19,43,25,1,1
45,20,48,28,1,1
45,21,37,51,1,1
45,22,38,49,1,1
45,23,44,25,1,1
45,24,30,13,1,1
45,25,8,31,1,1
45,26,28,23,1,1
45,27,2,32,1,1
45,28,52,40,1,1
45,29,36,46,1,1
45,30,13,29,1,1
45,31,24,51,1,1
45,32,51,39,1,1
46,1,51,39,1,1
46,2,4,43,1,1
46,3,52,40,1,1
46,4,11,19,1,1
46,5,15,32,1,1
46,6,5,42,1,1
46,7,58,38,1,1
46,8,2,32,1,1
46,9,33,24,1,1
46,10,19,30,1,1
46,11,31,11,1,1
46,12,22,42,1,1
46,13,36,46,1,1
46,14,56,33,1,1
46,15,42,28,1,1
46,16,49,31,1,1
46,17,3,38,1,1
46,18,1,29,1,1
46,19,59,45,1,1
46,20,46,16,1,1
46,21,43,25,1,1
46,22,8,31,1,1
46,23,16,30,1,1
46,24,40,36,1,1
46,25,44,25,1,1
46,26,10,23,1,1
46,27,17,32,1,1
46,28,60,43,1,1
46,29,37,51,1,1
46,30,18,27,1,1
46,31,41,38,1,1
46,32,47,19,1,1
47,1,38,49,1,1
47,2,59,45,1,1
47,3,54,30,1,1
47,4,17,32,1,1
47,5,8,31,1,1
47,6,28,23,1,1
47,7,45,19,1,1
47,8,10,23,1,1
47,9,22,42,1,1
47,10,36,46,1,1
47,11,5,42,1,1
47,12,23,47,1,1
47,13,35,40,1,1
47,14,19,30,1,1
47,15,25,43,1,1
47,16,21,35,1,1
47,17,30,13,1,1
47,18,2,32,1,1
47,19,29,16,1,1
47,20,44,25,1,1
47,21,32,17,1,1
47,22,42,28,1,1
47,23,60,43,1,1
47,24,50,37,1,1
47,25,15,32,1,1
47,26,37,51,1,1
47,27,6,34,1,1
47,28,20,28,1,1
47,29,41,38,1,1
47,30,46,16,1,1
47,31,34,32,1,1
47,32,7,36,1,1
48,1,13,29,1,1
48,2,19,30,1,1
48,3,2,32,1,1
48,4,4,43,1,1
48,5,55,30,1,1
48,6,52,40,1,1
48,7,30,13,1,1
48,8,39,41,1,1
48,9,26,39,1,1
48,10,41,38,1,1
48,11,11,19,1,1
48,12,56,33,1,1
48,13,40,36,1,1
48,14,35,40,1,1
48,15,38,49,1,1
48,16,50,37,1,1
48,17,36,46,1,1
48,18,27,29,1,1
48,19,1,29,1,1
48,20,17,32,1,1
48,21,31,11,1,1
48,22,15,32,1,1
48,23,42,28,1,1
48,24,16,30,1,1
48,25,5,42,1,1
48,26,48,28,1,1
48,27,28,23,1,1
48,28,51,39,1,1
48,29,59,45,1,1
48,30,37,51,1,1
48,31,53,35,1,1
48,32,33,24,1,1
49,1,50,37,1,1
49,2,28,23,1,1
49,3,16,30,1,1
49,4,32,17,1,1
49,5,12,25,1,1
49,6,5,42,1,1
49,7,24,51,1,1
49,8,11,19,1,1
49,9,22,42,1,1
49,10,9,24,1,1
49,11,1,29,1,1
49,12,40,36,1,1
49,13,44,25,1,1
49,14,58,38,1,1
49,15,14,34,1,1
49,16,47,19,1,1
49,17,10,23,1,1
49,18,7,36,1,1
49,19,51,39,1,1
49,20,37,51,1,1
49,21,15,32,1,1
49,22,43,25,1,1
49,23,27,29,1,1
49,24,59,45,1,1
49,25,39,41,1,1
49,26,6,34,1,1
49,27,36,46,1,1
49,28,17,32,1,1
49,29,57,36,1,1
49,30,48,28,1,1
49,31,41,38,1,1
49,32,55,30,1,1
50,1,29,16,1,1
50,2,14,34,1,1
50,3,18,27,1,1
50,4,16,30,1,1
50,5,39,41,1,1
50,6,19,30,1,1
50,7,24,51,1,1
50,8,25,43,1,1
50,9,35,40,1,1
50,10,1,29,1,1
50,11,43,25,1,1
50,12,21,35,1,1
50,13,8,31,1,1
50,14,5,42,1,1
50,15,34,32,1,1
50,16,52,40,1,1
50,17,28,23,1,1
50,18,17,32,1,1
50,19,38,49,1,1
50,20,53,35,1,1
50,21,54,30,1,1
50,22,49,31,1,1
50,23,47,19,1,1
50,24,40,36,1,1
50,25,10,23,1,1
50,26,12,25,1,1
50,27,57,36,1,1
50,28,7,36,1,1
50,29,59,45,1,1
50,30,46,16,1,1
50,31,33,24,1,1
50,32,15,32,1,1
51,1,45,19,1,1
51,2,3,38,1,1
51,3,4,43,1,1
51,4,29,16,1,1
51,5,20,28,1,1
51,6,22,42,1,1
51,7,53,35,1,1
51,8,52,40,1,1
51,9,7,36,1,1
51,10,47,19,1,1
51,11,17,32,1,1
51,12,13,29,1,1
51,13,14,34,1,1
51,14,1,29,1,1
51,15,41,38,1,1
51,16,48,28,1,1
51,17,11,19,1,1
51,18,15,32,1,1
51,19,54,30,1,1
51,20,35,40,1,1
51,21,16,30,1,1
51,22,10,23,1,1
51,23,59,45,1,1
51,24,40,36,1,1
51,25,55,30,1,1
51,26,34,32,1,1
51,27,2,32,1,1
51,28,26,39,1,1
51,29,24,51,1,1
51,30,27,29,1,1
51,31,37,51,1,1
51,32,38,49,1,1
52,1,24,51,1,1
52,2,44,25,1,1
52,3,22,42,1,1
52,4,6,34,1,1
52,5,8,31,1,1
52,6,13,29,1,1
52,7,34,32,1,1
52,8,37,51,1,1
52,9,39,41,1,1
52,10,56,33,1,1
52,11,32,17,1,1
52,12,35,40,1,1
52,13,51,39,1,1
52,14,21,35,1,1
52,15,57,36,1,1
52,16,12,25,1,1
52,17,58,38,1,1
52,18,55,30,1,1
52,19,2,32,1,1
52,20,15,32,1,1
52,21,33,24,1,1
52,22,3,38,1,1
52,23,14,34,1,1
52,24,30,13,1,1
52,25,52,40,1,1
52,26,38,49,1,1
52,27,18,27,1,1
52,28,46,16,1,1
52,29,42,28,1,1
52,30,29,16,1,1
52,31,23,47,1,1
52,32,47,19,1,1
53,1,46,16,1,1
53,2,5,42,1,1
53,3,38,49,1,1
53,4,53,35,1,1
53,5,57,36,1,1
53,6,3,38,1,1
53,7,51,39,1,1
53,8,45,19,1,1
53,9,16,30,1,1
53,10,20,28,1,1
53,11,21,35,1,1
53,12,8,31,1,1
53,13,28,23,1,1
53,14,33,24,1,1
53,15,1,29,1,1
53,16,31,11,1,1
53,17,54,30,1,1
53,18,15,32,1,1
53,19,6,34,1,1
53,20,27,29,1,1
53,21,25,43,1,1
53,22,52,40,1,1
53,23,58,38,1,1
53,24,40,36,1,1
53,25,35,40,1,1
53,26,9,24,1,1
53,27,12,25,1,1
53,28,48,28,1,1
53,29,14,34,1,1
53,30,44,25,1,1
53,31,60,43,1,1
53,32,39,41,1,1
54,1,51,39,1,1
54,2,35,40,1,1
54,3,7,36,1,1
54,4,44,25,1,1
54,5,23,47,1,1
54,6,19,30,1,1
54,7,2,32,1,1
54,8,45,19,1,1
54,9,48,28,1,1
54,10,10,23,1,1
54,11,12,25,1,1
54,12,57,36,1,1
54,13,34,32,1,1
54,14,1,29,1,1
54,15,14,34,1,1
54,16,40,36,1,1
54,17,11,19,1,1
54,18,28,23,1,1
54,19,31,11,1,1
54,20,15,32,1,1
54,21,26,39,1,1
54,22,39,41,1,1
54,23,29,16,1,1
54,24,24,51,1,1
54,25,6,34,1,1
54,26,38,49,1,1
54,27,43,25,1,1
54,28,4,43,1,1
54,29,18,27,1,1
54,30,52,40,1,1
54,31,42,28,1,1
54,32,16,30,1,1
55,1,30,13,1,1
55,2,2,32,1,1
55,3,38,49,1,1
55,4,10,23,1,1
55,5,11,19,1,1
55,6,25,43,1,1
55,7,3,38,1,1
55,8,23,47,1,1
55,9,43,25,1,1
55,10,26,39,1,1
55,11,18,27,1,1
55,12,44,25,1,1
55,13,7,36,1,1
55,14,40,36,1,1
55,15,53,35,1,1
55,16,33,24,1,1
55,17,24,51,1,1
55,18,58,38,1,1
55,19,48,28,1,1
55,20,12,25,1,1
55,21,36,46,1,1
55,22,9,24,1,1
55,23,14,34,1,1
55,24,57,36,1,1
55,25,1,29,1,1
55,26,4,43,1,1
55,27,50,37,1,1
55,28,5,42,1,1
55,29,49,31,1,1
55,30,34,32,1,1
55,31,32,17,1,1
55,32,21,35,1,1
56,1,32,17,1,1
56,2,40,36,1,1
56,3,41,38,1,1
56,4,4,43,1,1
56,5,14,34,1,1
56,6,18,27,1,1
56,7,11,19,1,1
56,8,3,38,1,1
56,9,33,24,1,1
56,10,49,31,1,1
56,11,34,32,1,1
56,12,43,25,1,1
56,13,36,46,1,1
56,14,45,19,1,1
56,15,29,16,1,1
56,16,59,45,1,1
56,17,20,28,1,1
56,18,60,43,1,1
56,19,27,29,1,1
56,20,13,29,1,1
56,21,10,23,1,1
56,22,15,32,1,1
56,23,54,30,1,1
56,24,8,31,1,1
56,25,9,24,1,1
56,26,7,36,1,1
56,27,21,35,1,1
56,28,24,51,1,1
56,29,52,40,1,1
56,30,42,28,1,1
56,31,53,35,1,1
56,32,23,47,1,1
57,1,27,29,1,1
57,2,7,36,1,1
57,3,43,25,1,1
57,4,47,19,1,1
57,5,16,30,1,1
57,6,48,28,1,1
57,7,45,19,1,1
57,8,2,32,1,1
57,9,32,17,1,1
57,10,60,43,1,1
57,11,4,43,1,1
57,12,36,46,1,1
57,13,9,24,1,1
57,14,53,35,1,1
57,15,54,30,1,1
57,16,56,33,1,1
57,17,25,43,1,1
57,18,50,37,1,1
57,19,15,32,1,1
57,20,46,16,1,1
57,21,38,49,1,1
57,22,57,36,1,1
57,23,52,40,1,1
57,24,42,28,1,1
57,25,17,32,1,1
57,26,14,34,1,1
57,27,23,47,1,1
57,28,1,29,1,1
57,29,24,51,1,1
57,30,10,23,1,1
57,31,21,35,1,1
57,32,58,38,1,1
58,1,36,46,1,1
58,2,59,45,1,1
58,3,3,38,1,1
58,4,20,28,1,1
58,5,2,32,1,1
58,6,23,47,1,1
58,7,24,51,1,1
58,8,9,24,1,1
58,9,34,32,1,1
58,10,19,30,1,1
58,11,25,43,1,1
58,12,40,36,1,1
58,13,13,29,1,1
58,14,50,37,1,1
58,15,4,43,1,1
58,16,16,30,1,1
58,17,18,27,1,1
58,18,17,32,1,1
58,19,48,28,1,1
58,20,37,51,1,1
58,21,10,23,1,1
58,22,47,19,1,1
58,23,33,24,1,1
58,24,6,34,1,1
58,25,46,16,1,1
58,26,54,30,1,1
58,27,29,16,1,1
58,28,26,39,1,1
58,29,55,30,1,1
58,30,32,17,1,1
58,31,58,38,1,1
58,32,1,29,1,1
59,1,15,32,1,1
59,2,30,13,1,1
59,3,42,28,1,1
59,4,27,29,1,1
59,5,47,19,1,1
59,6,20,28,1,1
59,7,43,25,1,1
59,8,1,29,1,1
59,9,56,33,1,1
59,10,8,31,1,1
59,11,57,36,1,1
59,12,41,38,1,1
59,13,31,11,1,1
59,14,14,34,1,1
59,15,21,35,1,1
59,16,28,23,1,1
59,17,59,45,1,1
59,18,32,17,1,1
59,19,16,30,1,1
59,20,48,28,1,1
59,21,29,16,1,1
59,22,40,36,1,1
59,23,22,42,1,1
59,24,36,46,1,1
59,25,24,51,1,1
59,26,19,30,1,1
59,27,33,24,1,1
59,28,60,43,1,1
59,29,9,24,1,1
59,30,50,37,1,1
59,31,54,30,1,1
59,32,10,23,1,1
60,1,60,43,1,1
60,2,16,30,1,1
60,3,26,39,1,1
60,4,37,51,1,1
60,5,34,32,1,1
60,6,49,31,1,1
60,7,31,11,1,1
60,8,4,43,1,1
60,9,11,19,1,1
60,10,18,27,1,1
60,11,33,24,1,1
60,12,36,46,1,1
60,13,55,30,1,1
60,14,35,40,1,1
60,15,24,51,1,1
60,16,6,34,1,1
60,17,48,28,1,1
60,18,1,29,1,1
60,19,25,43,1,1
60,20,47,19,1,1
60,21,9,24,1,1
60,22,8,31,1,1
60,23,46,16,1,1
60,24,28,23,1,1
60,25,57,36,1,1
60,26,32,17,1,1
60,27,39,41,1,1
60,28,41,38,1,1
60,29,21,35,1,1
60,30,54,30,1,1
60,31,53,35,1,1
60,32,29,16,1,1
61,1,45,19,1,1
61,2,11,19,1,1
61,3,1,29,1,1
61,4,36,46,1,1
61,5,18,27,1,1
61,6,40,36,1,1
61,7,35,40,1,1
61,8,26,39,1,1
61,9,5,42,1,1
61,10,21,35,1,1
61,11,29,16,1,1
61,12,8,31,1,1
61,13,10,23,1,1
61,14,17,32,1,1
61,15,16,30,1,1
61,16,51,39,1,1
61,17,58,38,1,1
61,18,19,30,1,1
61,19,53,35,1,1
61,20,22,42,1,1
61,21,2,32,1,1
61,22,49,31,1,1
61,23,37,51,1,1
61,24,7,36,1,1
61,25,46,16,1,1
61,26,42,28,1,1
61,27,27,29,1,1
61,28,47,19,1,1
61,29,23,47,1,1
61,30,9,24,1,1
61,31,6,34,1,1
61,32,44,25,1,1
62,1,45,19,1,1
62,2,6,34,1,1
62,3,51,39,1,1
62,4,41,38,1,1
62,5,20,28,1,1
62,6,25,43,1,1
62,7,54,30,1,1
62,8,26,39,1,1
62,9,56,33,1,1
62,10,28,23,1,1
62,11,60,43,1,1
62,12,15,32,1,1
62,13,18,27,1,1
62,14,47,19,1,1
62,15,34,32,1,1
62,16,46,16,1,1
62,17,21,35,1,1
62,18,29,16,1,1
62,19,35,40,1,1
62,20,38,49,1,1
62,21,37,51,1,1
62,22,49,31,1,1
62,23,33,24,1,1
62,24,23,47,1,1
62,25,16,30,1,1
62,26,57,36,1,1
62,27,31,11,1,1
62,28,12,25,1,1
62,29,50,37,1,1
62,30,42,28,1,1
62,31,19,30,1,1
62,32,48,28,1,1
63,1,28,23,1,1
63,2,15,32,1,1
63,3,37,51,1,1
63,4,36,46,1,1
63,5,33,24,1,1
63,6,25,43,1,1
63,7,21,35,1,1
63,8,42,28,1,1
63,9,24,51,1,1
63,10,5,42,1,1
63,11,31,11,1,1
63,12,22,42,1,1
63,13,47,19,1,1
63,14,41,38,1,1
63,15,1,29,1,1
63,16,17,32,1,1
63,17,45,19,1,1
63,18,56,33,1,1
63,19,30,13,1,1
63,20,46,16,1,1
63,21,20,28,1,1
63,22,57,36,1,1
63,23,44,25,1,1
63,24,27,29,1,1
63,25,26,39,1,1
63,26,6,34,1,1
63,27,9,24,1,1
63,28,34,32,1,1
63,29,39,41,1,1
63,30,18,27,1,1
63,31,23,47,1,1
63,32,59,45,1,1
64,1,35,40,1,1
64,2,46,16,1,1
64,3,44,25,1,1
64,4,29,16,1,1
64,5,23,47,1,1
64,6,57,36,1,1
64,7,4,43,1,1
64,8,51,39,1,1
64,9,19,30,1,1
64,10,36,46,1,1
64,11,13,29,1,1
64,12,30,13,1,1
64,13,3,38,1,1
64,14,22,42,1,1
64,15,8,31,1,1
64,16,27,29,1,1
64,17,1,29,1,1
64,18,17,32,1,1
64,19,18,27,1,1
64,20,45,19,1,1
64,21,10,23,1,1
64,22,20,28,1,1
64,23,60,43,1,1
64,24,54,30,1,1
64,25,31,11,1,1
64,26,25,43,1,1
64,27,14,34,1,1
64,28,33,24,1,1
64,29,12,25,1,1
64,30,34,32,1,1
64,31,26,39,1,1
64,32,50,37,1,1
65,1,10,23,1,1
65,2,16,30,1,1
65,3,44,25,1,1
65,4,32,17,1,1
65,5,39,41,1,1
65,6,8,31,1,1
65,7,60,43,1,1
65,8,33,24,1,1
65,9,1,29,1,1
65,10,35,40,1,1
65,11,52,40,1,1
65,12,37,51,1,1
65,13,14,34,1,1
65,14,15,32,1,1
65,15,19,30,1,1
65,16,50,37,1,1
65,17,12,25,1,1
65,18,53,35,1,1
65,19,40,36,1,1
65,20,28,23,1,1
65,21,49,31,1,1
65,22,54,30,1,1
65,23,45,19,1,1
65,24,20,28,1,1
65,25,58,38,1,1
65,26,57,36,1,1
65,27,26,39,1,1
65,28,41,38,1,1
65,29,56,33,1,1
65,30,46,16,1,1
65,31,2,32,1,1
65,32,13,29,1,1
66,1,14,34,1,1
66,2,30,13,1,1
66,3,45,19,1,1
66,4,54,30,1,1
66,5,9,24,1,1
66,6,34,32,1,1
66,7,25,43,1,1
66,8,23,47,1,1
66,9,29,16,1,1
66,10,18,27,1,1
66,11,49,31,1,1
66,12,52,40,1,1
66,13,13,29,1,1
66,14,19,30,1,1
66,15,26,39,1,1
66,16,10,23,1,1
66,17,32,17,1,1
66,18,46,16,1,1
66,19,7,36,1,1
66,20,55,30,1,1
66,21,24,51,1,1
66,22,38,49,1,1
66,23,12,25,1,1
66,24,27,29,1,1
66,25,4,43,1,1
66,26,43,25,1,1
66,27,44,25,1,1
66,28,56,33,1,1
66,29,50,37,1,1
66,30,47,19,1,1
66,31,6,34,1,1
66,32,1,29,1,1
67,1,40,36,1,1
67,2,48,28,1,1
67,3,18,27,1,1
67,4,55,30,1,1
67,5,26,39,1,1
67,6,45,19,1,1
67,7,60,43,1,1
67,8,4,43,1,1
67,9,22,42,1,1
67,10,14,34,1,1
67,11,29,16,1,1
67,12,17,32,1,1
67,13,42,28,1,1
67,14,28,23,1,1
67,15,11,19,1,1
67,16,25,43,1,1
67,17,39,41,1,1
67,18,35,40,1,1
67,19,3,38,1,1
67,20,34,32,1,1
67,21,5,42,1,1
67,22,46,16,1,1
67,23,27,29,1,1
67,24,53,35,1,1
67,25,57,36,1,1
67,26,51,39,1,1
67,27,21,35,1,1
67,28,23,47,1,1
67,29,20,28,1,1
67,30,12,25,1,1
67,31,36,46,1,1
67,32,44,25,1,1
68,1,48,28,1,1
68,2,21,35,1,1
68,3,11,19,1,1
68,4,51,39,1,1
68,5,41,38,1,1
68,6,13,29,1,1
68,7,24,51,1,1
68,8,12,25,1,1
68,9,46,16,1,1
68,10,22,42,1,1
68,11,32,17,1,1
68,12,39,41,1,1
68,13,26,39,1,1
68,14,59,45,1,1
68,15,34,32,1,1
68,16,17,32,1,1
68,17,3,38,1,1
68,18,56,33,1,1
68,19,23,47,1,1
68,20,52,40,1,1
68,21,37,51,1,1
68,22,4,43,1,1
68,23,40,36,1,1
68,24,57,36,1,1
68,25,60,43,1,1
68,26,55,30,1,1
68,27,53,35,1,1
68,28,14,34,1,1
68,29,38,49,1,1
68,30,2,32,1,1
68,31,50,37,1,1
68,32,31,11,1,1
69,1,14,34,1,1
69,2,56,33,1,1
69,3,25,43,1,1
69,4,32,17,1,1
69,5,48,28,1,1
69,6,57,36,1,1
69,7,12,25,1,1
69,8,28,23,1,1
69,9,11,19,1,1
69,10,24,51,1,1
69,11,47,19,1,1
69,12,54,30,1,1
69,13,29,16,1,1
69,14,46,16,1,1
69,15,21,35,1,1
69,16,5,42,1,1
69,17,52,40,1,1
69,18,4,43,1,1
69,19,18,27,1,1
69,20,55,30,1,1
69,21,38,49,1,1
69,22,9,24,1,1
69,23,49,31,1,1
69,24,60,43,1,1
69,25,10,23,1,1
69,26,41,38,1,1
69,27,44,25,1,1
69,28,53,35,1,1
69,29,8,31,1,1
69,30,27,29,1,1
69,31,7,36,1,1
69,32,13,29,1,1
70,1,30,13,1,1
70,2,3,38,1,1
70,3,1,29,1,1
70,4,46,16,1,1
70,5,48,28,1,1
70,6,27,29,1,1
70,7,54,30,1,1
70,8,31,11,1,1
70,9,10,23,1,1
70,10,29,16,1,1
70,11,22,42,1,1
70,12,34,32,1,1
70,13,9,24,1,1
70,14,20,28,1,1
70,15,13,29,1,1
70,16,60,43,1,1
70,17,49,31,1,1
70,18,17,32,1,1
70,19,24,51,1,1
70,20,28,23,1,1
70,21,7,36,1,1
70,22,5,42,1,1
70,23,6,34,1,1
70,24,15,32,1,1
70,25,36,46,1,1
70,26,8,31,1,1
70,27,52,40,1,1
70,28,11,19,1,1
70,29,50,37,1,1
70,30,38,49,1,1
70,31,16,30,1,1
70,32,43,25,1,1
71,1,7,36,1,1
71,2,36,46,1,1
71,3,1,29,1,1
71,4,26,39,1,1
71,5,23,47,1,1
71,6,50,37,1,1
71,7,21,35,1,1
71,8,41,38,1,1
71,9,20,28,1,1
71,10,38,49,1,1
71,11,33,24,1,1
71,12,19,30,1,1
71,13,8,31,1,1
71,14,39,41,1,1
71,15,45,19,1,1
71,16,30,13,1,1
71,17,2,32,1,1
71,18,18,27,1,1
71,19,48,28,1,1
71,20,31,11,1,1
71,21,58,38,1,1
71,22,53,35,1,1
71,23,49,31,1,1
71,24,13,29,1,1
71,25,29,16,1,1
71,26,4,43,1,1
71,27,28,23,1,1
71,28,47,19,1,1
71,29,43,25,1,1
71,30,14,34,1,1
71,31,12,25,1,1
71,32,57,36,1,1
72,1,46,16,1,1
72,2,18,27,1,1
72,3,20,28,1,1
72,4,39,41,1,1
72,5,10,23,1,1
72,6,9,24,1,1
72,7,55,30,1,1
72,8,27,29,1,1
72,9,44,25,1,1
72,10,52,40,1,1
72,11,50,37,1,1
72,12,19,30,1,1
72,13,13,29,1,1
72,14,4,43,1,1
72,15,17,32,1,1
72,16,42,28,1,1
72,17,56,33,1,1
72,18,22,42,1,1
72,19,41,38,1,1
72,20,48,28,1,1
72,21,49,31,1,1
72,22,2,32,1,1
72,23,33,24,1,1
72,24,47,19,1,1
72,25,59,45,1,1
72,26,15,32,1,1
72,27,25,43,1,1
72,28,11,19,1,1
72,29,30,13,1,1
72,30,32,17,1,1
72,31,54,30,1,1
72,32,35,40,1,1
73,1,54,30,1,1
73,2,31,11,1,1
73,3,18,27,1,1
73,4,5,42,1,1
73,5,45,19,1,1
73,6,9,24,1,1
73,7,27,29,1,1
73,8,46,16,1,1
73,9,20,28,1,1
73,10,38,49,1,1
73,11,19,30,1,1
73,12,22,42,1,1
73,13,48,28,1,1
73,14,60,43,1,1
73,15,32,17,1,1
73,16,56,33,1,1
73,17,30,13,1,1
73,18,52,40,1,1
73,19,43,25,1,1
73,20,29,16,1,1
73,21,21,35,1,1
73,22,58,38,1,1
73,23,6,34,1,1
73,24,36,46,1,1
73,25,2,32,1,1
73,26,51,39,1,1
73,27,42,28,1,1
73,28,33,24,1,1
73,29,8,31,1,1
73,30,26,39,1,1
73,31,12,25,1,1
73,32,3,38,1,1
74,1,22,42,1,1
74,2,29,16,1,1
74,3,14,34,1,1
74,4,24,51,1,1
74,5,56,33,1,1
74,6,26,39,1,1
74,7,40,36,1,1
74,8,54,30,1,1
74,9,39,41,1,1
74,10,20,28,1,1
74,11,15,32,1,1
74,12,6,34,1,1
74,13,13,29,1,1
74,14,43,25,1,1
74,15,25,43,1,1
74,16,30,13,1,1
74,17,17,32,1,1
74,18,51,39,1,1
74,19,1,29,1,1
74,20,41,38,1,1
74,21,5,42,1,1
74,22,35,40,1,1
74,23,47,19,1,1
74,24,28,23,1,1
74,25,11,19,1,1
74,26,49,31,1,1
74,27,38,49,1,1
74,28,2,32,1,1
74,29,19,30,1,1
74,30,46,16,1,1
74,31,59,45,1,1
74,32,55,30,1,1
75,1,14,34,1,1
75,2,31,11,1,1
75,3,43,25,1,1
75,4,40,36,1,1
75,5,50,37,1,1
75,6,60,43,1,1
75,7,4,43,1,1
75,8,25,43,1,1
75,9,26,39,1,1
75,10,20,28,1,1
75,11,15,32,1,1
75,12,57,36,1,1
75,13,17,32,1,1
75,14,11,19,1,1
75,15,9,24,1,1
75,16,7,36,1,1
75,17,38,49,1,1
75,18,48,28,1,1
75,19,24,51,1,1
75,20,16,30,1,1
75,21,6,34,1,1
75,22,21,35,1,1
75,23,34,32,1,1
75,24,46,16,1,1
75,25,47,19,1,1
75,26,32,17,1,1
75,27,28,23,1,1
75,28,23,47,1,1
75,29,37,51,1,1
75,30,33,24,1,1
75,31,13,29,1,1
75,32,39,41,1,1
76,1,2,32,1,1
76,2,39,41,1,1
76,3,8,31,1,1
76,4,6,34,1,1
76,5,53,35,1,1
76,6,59,45,1,1
76,7,40,36,1,1
76,8,14,34,1,1
76,9,42,28,1,1
76,10,21,35,1,1
76,11,3,38,1,1
76,12,24,51,1,1
76,13,30,13,1,1
76,14,10,23,1,1
76,15,44,25,1,1
76,16,46,16,1,1
76,17,9,24,1,1
76,18,19,30,1,1
76,19,29,16,1,1
76,20,58,38,1,1
76,21,60,43,1,1
76,22,41,38,1,1
76,23,31,11,1,1
76,24,35,40,1,1
76,25,33,24,1,1
76,26,37,51,1,1
76,27,18,27,1,1
76,28,23,47,1,1
76,29,17,32,1,1
76,30,27,29,1,1
76,31,16,30,1,1
76,32,54,30,1,1
77,1,52,40,1,1
77,2,53,35,1,1
77,3,56,33,1,1
77,4,29,16,1,1
77,5,44,25,1,1
77,6,46,16,1,1
77,7,40,36,1,1
77,8,25,43,1,1
77,9,7,36,1,1
77,10,31,11,1,1
77,11,16,30,1,1
77,12,34,32,1,1
77,13,17,32,1,1
77,14,8,31,1,1
77,15,13,29,1,1
77,16,24,51,1,1
77,17,1,29,1,1
77,18,33,24,1,1
77,19,35,40,1,1
77,20,41,38,1,1
77,21,9,24,1,1
77,22,3,38,1,1
77,23,20,28,1,1
77,24,51,39,1,1
77,25,18,27,1,1
77,26,30,13,1,1
77,27,32,17,1,1
77,28,55,30,1,1
77,29,49,31,1,1
77,30,15,32,1,1
77,31,11,19,1,1
77,32,37,51,1,1
78,1,21,35,1,1
78,2,15,32,1,1
78,3,55,30,1,1
78,4,19,30,1,1
78,5,40,36,1,1
78,6,32,17,1,1
78,7,20,28,1,1
78,8,28,23,1,1
78,9,38,49,1,1
78,10,16,30,1,1
78,11,1,29,1,1
78,12,5,42,1,1
78,13,10,23,1,1
78,14,52,40,1,1
78,15,35,40,1,1
78,16,37,51,1,1
78,17,12,25,1,1
78,18,6,34,1,1
78,19,39,41,1,1
78,20,26,39,1,1
78,21,4,43,1,1
78,22,42,28,1,1
78,23,22,42,1,1
78,24,54,30,1,1
78,25,17,32,1,1
78,26,45,19,1,1
78,27,8,31,1,1
78,28,47,19,1,1
78,29,56,33,1,1
78,30,58,38,1,1
78,31,24,51,1,1
78,32,51,39,1,1
79,1,58,38,1,1
79,2,39,41,1,1
79,3,44,25,1,1
79,4,24,51,1,1
79,5,16,30,1,1
79,6,13,29,1,1
79,7,6,34,1,1
79,8,56,33,1,1
79,9,32,17,1,1
79,10,35,40,1,1
79,11,43,25,1,1
79,12,27,29,1,1
79,13,4,43,1,1
79,14,45,19,1,1
79,15,59,45,1,1
79,16,20,28,1,1
79,17,3,38,1,1
79,18,9,24,1,1
79,19,26,39,1,1
79,20,34,32,1,1
79,21,5,42,1,1
79,22,17,32,1,1
79,23,12,25,1,1
79,24,22,42,1,1
79,25,49,31,1,1
79,26,40,36,1,1
79,27,51,39,1,1
79,28,41,38,1,1
79,29,50,37,1,1
79,30,18,27,1,1
79,31,60,43,1,1
79,32,31,11,1,1
80,1,17,32,1,1
80,2,11,19,1,1
80,3,18,27,1,1
80,4,23,47,1,1
80,5,13,29,1,1
80,6,59,45,1,1
80,7,48,28,1,1
80,8,30,13,1,1
80,9,33,24,1,1
80,10,9,24,1,1
80,11,47,19,1,1
80,12,41,38,1,1
80,13,58,38,1,1
80,14,7,36,1,1
80,15,60,43,1,1
80,16,1,29,1,1
80,17,15,32,1,1
80,18,38,49,1,1
80,19,51,39,1,1
80,20,53,35,1,1
80,21,5,42,1,1
80,22,36,46,1,1
80,23,25,43,1,1
80,24,27,29,1,1
80,25,42,28,1,1
80,26,10,23,1,1
80,27,40,36,1,1
80,28,24,51,1,1
80,29,19,30,1,1
80,30,37,51,1,1
80,31,57,36,1,1
80,32,44,25,1,1
81,1,15,32,1,1
81,2,54,30,1,1
81,3,24,51,1,1
81,4,39,41,1,1
81,5,56,33,1,1
81,6,59,45,1,1
81,7,30,13,1,1
81,8,43,25,1,1
81,9,26,39,1,1
81,10,50,37,1,1
81,11,5,42,1,1
81,12,41,38,1,1
81,13,46,16,1,1
81,14,23,47,1,1
81,15,17,32,1,1
81,16,31,11,1,1
81,17,34,32,1,1
81,18,8,31,1,1
81,19,33,24,1,1
81,20,37,51,1,1
81,21,13,29,1,1
81,22,29,16,1,1
81,23,25,43,1,1
81,24,20,28,1,1
81,25,52,40,1,1
81,26,47,19,1,1
81,27,58,38,1,1
81,28,36,46,1,1
81,29,2,32,1,1
81,30,45,19,1,1
81,31,1,29,1,1
81,32,42,28,1,1
82,1,21,35,1,1
82,2,12,25,1,1
82,3,38,49,1,1
82,4,56,33,1,1
82,5,17,32,1,1
82,6,50,37,1,1
82,7,7,36,1,1
82,8,14,34,1,1
82,9,33,24,1,1
82,10,45,19,1,1
82,11,48,28,1,1
82,12,36,46,1,1
82,13,13,29,1,1
82,14,28,23,1,1
82,15,27,29,1,1
82,16,8,31,1,1
82,17,9,24,1,1
82,18,32,17,1,1
82,19,53,35,1,1
82,20,24,51,1,1
82,21,29,16,1,1
82,22,15,32,1,1
82,23,26,39,1,1
82,24,19,30,1,1
82,25,34,32,1,1
82,26,3,38,1,1
82,27,23,47,1,1
82,28,55,30,1,1
82,29,43,25,1,1
82,30,52,40,1,1
82,31,44,25,1,1
82,32,22,42,1,1
83,1,54,30,1,1
83,2,9,24,1,1
83,3,43,25,1,1
83,4,45,19,1,1
83,5,28,23,1,1
83,6,22,42,1,1
83,7,58,38,1,1
83,8,32,17,1,1
83,9,33,24,1,1
83,10,21,35,1,1
83,11,42,28,1,1
83,12,23,47,1,1
83,13,35,40,1,1
83,14,56,33,1,1
83,15,41,38,1,1
83,16,3,38,1,1
83,17,31,11,1,1
83,18,44,25,1,1
83,19,1,29,1,1
83,20,25,43,1,1
83,21,37,51,1,1
83,22,29,16,1,1
83,23,59,45,1,1
83,24,5,42,1,1
83,25,30,13,1,1
83,26,47,19,1,1
83,27,53,35,1,1
83,28,7,36,1,1
83,29,55,30,1,1
83,30,8,31,1,1
83,31,36,46,1,1
83,32,46,16,1,1
84,1,1,29,1,1
84,2,20,28,1,1
84,3,41,38,1,1
84,4,30,13,1,1
84,5,57,36,1,1
84,6,19,30,1,1
84,7,49,31,1,1
84,8,18,27,1,1
84,9,47,19,1,1
84,10,24,51,1,1
84,11,16,30,1,1
84,12,8,31,1,1
84,13,5,42,1,1
84,14,21,35,1,1
84,15,58,38,1,1
84,16,59,45,1,1
84,17,44,25,1,1
84,18,39,41,1,1
84,19,10,23,1,1
84,20,3,38,1,1
84,21,42,28,1,1
84,22,29,16,1,1
84,23,35,40,1,1
84,24,52,40,1,1
84,25,26,39,1,1
84,26,55,30,1,1
84,27,13,29,1,1
84,28,34,32,1,1
84,29,43,25,1,1
84,30,27,29,1,1
84,31,12,25,1,1
84,32,14,34,1,1
85,1,23,47,1,1
85,2,46,16,1,1
85,3,13,29,1,1
85,4,1,29,1,1
85,5,48,28,1,1
85,6,36,46,1,1
85,7,22,42,1,1
85,8,29,16,1,1
85,9,41,38,1,1
85,10,49,31,1,1
85,11,43,25,1,1
85,12,8,31,1,1
85,13,26,39,1,1
85,14,18,27,1,1
85,15,6,34,1,1
85,16,37,51,1,1
85,17,28,23,1,1
85,18,5,42,1,1
85,19,15,32,1,1
85,20,45,19,1,1
85,21,21,35,1,1
85,22,31,11,1,1
85,23,10,23,1,1
85,24,44,25,1,1
85,25,53,35,1,1
85,26,42,28,1,1
85,27,9,24,1,1
85,28,47,19,1,1
85,29,59,45,1,1
85,30,57,36,1,1
85,31,17,32,1,1
85,32,60,43,1,1
86,1,19,30,1,1
86,2,58,38,1,1
86,3,59,45,1,1
86,4,29,16,1,1
86,5,38,49,1,1
86,6,31,11,1,1
86,7,26,39,1,1
86,8,8,31,1,1
86,9,36,46,1,1
86,10,4,43,1,1
86,11,37,51,1,1
86,12,35,40,1,1
86,13,15,32,1,1
86,14,14,34,1,1
86,15,60,43,1,1
86,16,21,35,1,1
86,17,34,32,1,1
86,18,40,36,1,1
86,19,9,24,1,1
86,20,18,27,1,1
86,21,17,32,1,1
86,22,13,29,1,1
86,23,39,41,1,1
86,24,56,33,1,1
86,25,32,17,1,1
86,26,20,28,1,1
86,27,51,39,1,1
86,28,30,13,1,1
86,29,47,19,1,1
86,30,42,28,1,1
86,31,23,47,1,1
86,32,46,16,1,1
87,1,5,42,1,1
87,2,22,42,1,1
87,3,27,29,1,1
87,4,46,16,1,1
87,5,7,36,1,1
87,6,59,45,1,1
87,7,55,30,1,1
87,8,39,41,1,1
87,9,57,36,1,1
87,10,28,23,1,1
87,11,30,13,1,1
87,12,16,30,1,1
87,13,21,35,1,1
87,14,60,43,1,1
87,15,49,31,1,1
87,16,3,38,1,1
87,17,41,38,1,1
87,18,47,19,1,1
87,19,45,19,1,1
87,20,48,28,1,1
87,21,9,24,1,1
87,22,31,11,1,1
87,23,40,36,1,1
87,24,52,40,1,1
87,25,14,34,1,1
87,26,6,34,1,1
87,27,18,27,1,1
87,28,34,32,1,1
87,29,29,16,1,1
87,30,12,25,1,1
87,31,13,29,1,1
87,32,37,51,1,1
88,1,37,51,1,1
88,2,36,46,1,1
88,3,17,32,1,1
88,4,49,31,1,1
88,5,19,30,1,1
88,6,27,29,1,1
88,7,53,35,1,1
88,8,55,30,1,1
88,9,52,40,1,1
88,10,4,43,1,1
88,11,2,32,1,1
88,12,5,42,1,1
88,13,9,24,1,1
88,14,58,38,1,1
88,15,29,16,1,1
88,16,48,28,1,1
88,17,24,51,1,1
88,18,31,11,1,1
88,19,42,28,1,1
88,20,30,13,1,1
88,21,50,37,1,1
88,22,51,39,1,1
88,23,44,25,1,1
88,24,38,49,1,1
88,25,33,24,1,1
88,26,8,31,1,1
88,27,1,29,1,1
88,28,13,29,1,1
88,29,11,19,1,1
88,30,46,16,1,1
88,31,41,38,1,1
88,32,28,23,1,1
89,1,12,25,1,1
89,2,1,29,1,1
89,3,46,16,1,1
89,4,35,40,1,1
89,5,2,32,1,1
89,6,3,38,1,1
89,7,10,23,1,1
89,8,18,27,1,1
89,9,52,40,1,1
89,10,22,42,1,1
89,11,8,31,1,1
89,12,13,29,1,1
89,13,40,36,1,1
89,14,38,49,1,1
89,15,57,36,1,1
89,16,53,35,1,1
89,17,14,34,1,1
89,18,9,24,1,1
89,19,60,43,1,1
89,20,58,38,1,1
89,21,32,17,1,1
89,22,16,30,1,1
89,23,49,31,1,1
89,24,44,25,1,1
89,25,56,33,1,1
89,26,43,25,1,1
89,27,41,38,1,1
89,28,47,19,1,1
89,29,5,42,1,1
89,30,25,43,1,1
89,31,31,11,1,1
89,32,55,30,1,1
90,1,16,30,1,1
90,2,21,35,1,1
90,3,43,25,1,1
90,4,55,30,1,1
90,5,22,42,1,1
90,6,7,36,1,1
90,7,14,34,1,1
90,8,28,23,1,1
90,9,20,28,1,1
90,10,45,19,1,1
90,11,57,36,1,1
90,12,52,40,1,1
90,13,27,29,1,1
90,14,4,43,1,1
90,15,6,34,1,1
90,16,44,25,1,1
90,17,29,16,1,1
90,18,13,29,1,1
90,19,8,31,1,1
90,20,12,25,1,1
90,21,10,23,1,1
90,22,23,47,1,1
90,23,19,30,1,1
90,24,46,16,1,1
90,25,48,28,1,1
90,26,56,33,1,1
90,27,47,19,1,1
90,28,30,13,1,1
90,29,49,31,1,1
90,30,41,38,1,1
90,31,53,35,1,1
90,32,1,29,1,1
91,1,14,34,1,1
91,2,27,29,1,1
91,3,36,46,1,1
91,4,41,38,1,1
91,5,24,51,1,1
91,6,43,25,1,1
91,7,34,32,1,1
91,8,6,34,1,1
91,9,10,23,1,1
91,10,31,11,1,1
91,11,58,38,1,1
91,12,56,33,1,1
91,13,3,38,1,1
91,14,23,47,1,1
91,15,47,19,1,1
91,16,45,19,1,1
91,17,54,30,1,1
91,18,13,29,1,1
91,19,9,24,1,1
91,20,52,40,1,1
91,21,39,41,1,1
91,22,40,36,1,1
91,23,42,28,1,1
91,24,7,36,1,1
91,25,18,27,1,1
91,26,46,16,1,1
91,27,22,42,1,1
91,28,1,29,1,1
91,29,15,32,1,1
91,30,48,28,1,1
91,31,51,39,1,1
91,32,38,49,1,1
92,1,4,43,1,1
92,2,6,34,1,1
92,3,15,32,1,1
92,4,48,28,1,1
92,5,37,51,1,1
92,6,16,30,1,1
92,7,50,37,1,1
92,8,38,49,1,1
92,9,27,29,1,1
92,10,34,32,1,1
92,11,35,40,1,1
92,12,53,35,1,1
92,13,21,35,1,1
92,14,44,25,1,1
92,15,18,27,1,1
92,16,42,28,1,1
92,17,8,31,1,1
92,18,3,38,1,1
92,19,10,23,1,1
92,20,36,46,1,1
92,21,52,40,1,1
92,22,19,30,1,1
92,23,58,38,1,1
92,24,56,33,1,1
92,25,49,31,1,1
92,26,57,36,1,1
92,27,9,24,1,1
92,28,24,51,1,1
92,29,23,47,1,1
92,30,11,19,1,1
92,31,51,39,1,1
92,32,46,16,1,1
93,1,49,31,1,1
93,2,16,30,1,1
93,3,57,36,1,1
93,4,2,32,1,1
93,5,18,27,1,1
93,6,37,51,1,1
93,7,58,38,1,1
93,8,20,28,1,1
93,9,50,37,1,1
93,10,26,39,1,1
93,11,10,23,1,1
93,12,30,13,1,1
93,13,29,16,1,1
93,14,23,47,1,1
93,15,54,30,1,1
93,16,34,32,1,1
93,17,6,34,1,1
93,18,53,35,1,1
93,19,8,31,1,1
93,20,19,30,1,1
93,21,48,28,1,1
93,22,24,51,1,1
93,23,25,43,1,1
93,24,14,34,1,1
93,25,47,19,1,1
93,26,1,29,1,1
93,27,17,32,1,1
93,28,59,45,1,1
93,29,55,30,1,1
93,30,7,36,1,1
93,31,40,36,1,1
93,32,52,40,1,1
94,1,8,31,1,1
94,2,35,40,1,1
94,3,10,23,1,1
94,4,57,36,1,1
94,5,19,30,1,1
94,6,43,25,1,1
94,7,50,37,1,1
94,8,2,32,1,1
94,9,34,32,1,1
94,10,18,27,1,1
94,11,58,38,1,1
94,12,54,30,1,1
94,13,33,24,1,1
94,14,38,49,1,1
94,15,53,35,1,1
94,16,39,41,1,1
94,17,23,47,1,1
94,18,26,39,1,1
94,19,27,29,1,1
94,20,24,51,1,1
94,21,28,23,1,1
94,22,22,42,1,1
94,23,46,16,1,1
94,24,47,19,1,1
94,25,45,19,1,1
94,26,15,32,1,1
94,27,5,42,1,1
94,28,14,34,1,1
94,29,13,29,1,1
94,30,25,43,1,1
94,31,52,40,1,1
94,32,36,46,1,1
95,1,38,49,1,1
95,2,30,13,1,1
95,3,55,30,1,1
95,4,20,28,1,1
95,5,40,36,1,1
95,6,47,19,1,1
95,7,48,28,1,1
95,8,37,51,1,1
95,9,31,11,1,1
95,10,52,40,1,1
95,11,34,32,1,1
95,12,23,47,1,1
95,13,24,51,1,1
95,14,13,29,1,1
95,15,56,33,1,1
95,16,50,37,1,1
95,17,14,34,1,1
95,18,36,46,1,1
95,19,27,29,1,1
95,20,35,40,1,1
95,21,42,28,1,1
95,22,2,32,1,1
95,23,53,35,1,1
95,24,51,39,1,1
95,25,21,35,1,1
95,26,15,32,1,1
95,27,60,43,1,1
95,28,46,16,1,1
95,29,41,38,1,1
95,30,28,23,1,1
95,31,32,17,1,1
95,32,22,42,1,1
96,1,48,28,1,1
96,2,17,32,1,1
96,3,49,31,1,1
96,4,20,28,1,1
96,5,42,28,1,1
96,6,38,49,1,1
96,7,24,51,1,1
96,8,10,23,1,1
96,9,26,39,1,1
96,10,45,19,1,1
96,11,37,51,1,1
96,12,53,35,1,1
96,13,41,38,1,1
96,14,13,29,1,1
96,15,14,34,1,1
96,16,15,32,1,1
96,17,58,38,1,1
96,18,60,43,1,1
96,19,29,16,1,1
96,20,1,29,1,1
96,21,31,11,1,1
96,22,32,17,1,1
96,23,33,24,1,1
96,24,44,25,1,1
96,25,28,23,1,1
96,26,4,43,1,1
96,27,25,43,1,1
96,28,50,37,1,1
96,29,12,25,1,1
96,30,22,42,1,1
96,31,59,45,1,1
96,32,27,29,1,1
97,1,51,39,1,1
97,2,50,37,1,1
97,3,30,13,1,1
97,4,23,47,1,1
97,5,24,51,1,1
97,6,53,35,1,1
97,7,28,23,1,1
97,8,4,43,1,1
97,9,13,29,1,1
97,10,41,38,1,1
97,11,45,19,1,1
97,12,26,39,1,1
97,13,46,16,1,1
97,14,54,30,1,1
97,15,9,24,1,1
97,16,47,19,1,1
97,17,35,40,1,1
97,18,29,16,1,1
97,19,59,45,1,1
97,20,43,25,1,1
97,21,1,29,1,1
97,22,31,11,1,1
97,23,3,38,1,1
97,24,48,28,1,1
97,25,27,29,1,1
97,26,15,32,1,1
97,27,42,28,1,1
97,28,37,51,1,1
97,29,33,24,1,1
97,30,2,32,1,1
97,31,11,19,1,1
97,32,10,23,1,1
98,1,26,39,1,1
98,2,34,32,1,1
98,3,52,40,1,1
98,4,4,43,1,1
98,5,31,11,1,1
98,6,50,37,1,1
98,7,44,25,1,1
98,8,46,16,1,1
98,9,57,36,1,1
98,10,47,19,1,1
98,11,49,31,1,1
98,12,42,28,1,1
98,13,30,13,1,1
98,14,23,47,1,1
98,15,16,30,1,1
98,16,7,36,1,1
98,17,33,24,1,1
98,18,25,43,1,1
98,19,3,38,1,1
98,20,39,41,1,1
98,21,45,19,1,1
98,22,2,32,1,1
98,23,32,17,1,1
98,24,15,32,1,1
98,25,5,42,1,1
98,26,51,39,1,1
98,27,13,29,1,1
98,28,10,23,1,1
98,29,22,42,1,1
98,30,53,35,1,1
98,31,14,34,1,1
98,32,60,43,1,1
99,1,44,25,1,1
99,2,2,32,1,1
99,3,5,42,1,1
99,4,13,29,1,1
99,5,59,45,1,1
99,6,32,17,1,1
99,7,49,31,1,1
99,8,4,43,1,1
99,9,31,11,1,1
99,10,8,31,1,1
99,11,18,27,1,1
99,12,37,51,1,1
99,13,16,30,1,1
99,14,19,30,1,1
99,15,21,35,1,1
99,16,9,24,1,1
99,17,14,34,1,1
99,18,40,36,1,1
99,19,34,32,1,1
99,20,36,46,1,1
99,21,45,19,1,1
99,22,43,25,1,1
99,23,17,32,1,1
99,24,15,32,1,1
99,25,33,24,1,1
99,26,54,30,1,1
99,27,28,23,1,1
99,28,12,25,1,1
99,29,50,37,1,1
99,30,7,36,1,1
99,31,27,29,1,1
99,32,11,19,1,1
100,1,31,11,1,1
100,2,54,30,1,1
100,3,41,38,1,1
100,4,47,19,1,1
100,5,13,29,1,1
100,6,32,17,1,1
100,7,37,51,1,1
100,8,24,51,1,1
100,9,45,19,1,1
100,10,38,49,1,1
100,11,29,16,1,1
100,12,11,19,1,1
100,13,26,39,1,1
100,14,22,42,1,1
100,15,58,38,1,1
100,16,42,28,1,1
100,17,60,43,1,1
100,18,57,36,1,1
100,19,12,25,1,1
100,20,4,43,1,1
100,21,8,31,1,1
100,22,18,27,1,1
100,23,6,34,1,1
100,24,2,32,1,1
100,25,5,42,1,1
100,26,35,40,1,1
100,27,53,35,1,1
100,28,14,34,1,1
100,29,28,23,1,1
100,30,40,36,1,1
100,31,25,43,1,1
100,32,52,40,1,1
101,1,48,28,1,1
101,2,49,31,1,1
101,3,26,39,1,1
101,4,24,51,1,1
101,5,17,32,1,1
101,6,52,40,1,1
101,7,7,36,1,1
101,8,11,19,1,1
101,9,54,30,1,1
101,10,1,29,1,1
101,11,51,39,1,1
101,12,55,30,1,1
101,13,60,43,1,1
101,14,12,25,1,1
101,15,2,32,1,1
101,16,9,24,1,1
101,17,18,27,1,1
101,18,38,49,1,1
101,19,34,32,1,1
101,20,44,25,1,1
101,21,36,46,1,1
101,22,20,28,1,1
101,23,33,24,1,1
101,24,10,23,1,1
101,25,53,35,1,1
101,26,23,47,1,1
101,27,32,17,1,1
101,28,59,45,1,1
101,29,46,16,1,1
101,30,58,38,1,1
101,31,14,34,1,1
101,32,30,13,1,1
102,1,15,32,1,1
102,2,48,28,1,1
102,3,46,16,1,1
102,4,16,30,1,1
102,5,9,24,1,1
102,6,28,23,1,1
102,7,59,45,1,1
102,8,35,40,1,1
102,9,53,35,1,1
102,10,41,38,1,1
102,11,17,32,1,1
102,12,20,28,1,1
102,13,7,36,1,1
102,14,51,39,1,1
102,15,50,37,1,1
102,16,4,43,1,1
102,17,25,43,1,1
102,18,19,30,1,1
102,19,38,49,1,1
102,20,55,30,1,1
102,21,21,35,1,1
102,22,12,25,1,1
102,23,52,40,1,1
102,24,43,25,1,1
102,25,47,19,1,1
102,26,27,29,1,1
102,27,18,27,1,1
102,28,30,13,1,1
102,29,29,16,1,1
102,30,49,31,1,1
102,31,6,34,1,1
102,32,32,17,1,1
103,1,58,38,1,1
103,2,17,32,1,1
103,3,52,40,1,1
103,4,59,45,1,1
103,5,3,38,1,1
103,6,22,42,1,1
103,7,49,31,1,1
103,8,42,28,1,1
103,9,15,32,1,1
103,10,36,46,1,1
103,11,38,49,1,1
103,12,2,32,1,1
103,13,48,28,1,1
103,14,28,23,1,1
103,15,11,19,1,1
103,16,10,23,1,1
103,17,54,30,1,1
103,18,33,24,1,1
103,19,46,16,1,1
103,20,13,29,1,1
103,21,5,42,1,1
103,22,31,11,1,1
103,23,56,33,1,1
103,24,1,29,1,1
103,25,43,25,1,1
103,26,24,51,1,1
103,27,37,51,1,1
103,28,34,32,1,1
103,29,57,36,1,1
103,30,51,39,1,1
103,31,45,19,1,1
103,32,29,16,1,1
104,1,43,25,1,1
104,2,45,19,1,1
104,3,42,28,1,1
104,4,12,25,1,1
104,5,53,35,1,1
104,6,33,24,1,1
104,7,20,28,1,1
104,8,47,19,1,1
104,9,37,51,1,1
104,10,24,51,1,1
104,11,13,29,1,1
104,12,46,16,1,1
104,13,4,43,1,1
104,14,29,16,1,1
104,15,32,17,1,1
104,16,26,39,1,1
104,17,2,32,1,1
104,18,44,25,1,1
104,19,34,32,1,1
104,20,39,41,1,1
104,21,14,34,1,1
104,22,59,45,1,1
104,23,7,36,1,1
104,24,60,43,1,1
104,25,51,39,1,1
104,26,10,23,1,1
104,27,8,31,1,1
104,28,48,28,1,1
104,29,40,36,1,1
104,30,16,30,1,1
104,31,50,37,1,1
104,32,28,23,1,1
105,1,58,38,1,1
105,2,17,32,1,1
105,3,50,37,1,1
105,4,52,40,1,1
105,5,12,25,1,1
105,6,27,29,1,1
105,7,23,47,1,1
105,8,38,49,1,1
105,9,34,32,1,1
105,10,20,28,1,1
105,11,40,36,1,1
105,12,45,19,1,1
105,13,51,39,1,1
105,14,7,36,1,1
105,15,48,28,1,1
105,16,19,30,1,1
105,17,60,43,1,1
105,18,11,19,1,1
105,19,42,28,1,1
105,20,18,27,1,1
105,21,41,38,1,1
105,22,32,17,1,1
105,23,37,51,1,1
105,24,26,39,1,1
105,25,14,34,1,1
105,26,36,46,1,1
105,27,22,42,1,1
105,28,2,32,1,1
105,29,33,24,1,1
105,30,53,35,1,1
105,31,28,23,1,1
105,32,54,30,1,1
106,1,20,28,1,1
106,2,27,29,1,1
106,3,14,34,1,1
106,4,26,39,1,1
106,5,28,23,1,1
106,6,18,27,1,1
106,7,17,32,1,1
106,8,45,19,1,1
106,9,2,32,1,1
106,10,58,38,1,1
106,11,38,49,1,1
106,12,32,17,1,1
106,13,10,23,1,1
106,14,43,25,1,1
106,15,53,35,1,1
106,16,40,36,1,1
106,17,22,42,1,1
106,18,19,30,1,1
106,19,9,24,1,1
106,20,7,36,1,1
106,21,5,42,1,1
106,22,34,32,1,1
106,23,49,31,1,1
106,24,25,43,1,1
106,25,30,13,1,1
106,26,6,34,1,1
106,27,29,16,1,1
106,28,51,39,1,1
106,29,12,25,1,1
106,30,59,45,1,1
106,31,52,40,1,1
106,32,8,31,1,1
107,1,35,40,1,1
107,2,13,29,1,1
107,3,45,19,1,1
107,4,50,37,1,1
107,5,47,19,1,1
107,6,30,13,1,1
107,7,59,45,1,1
107,8,15,32,1,1
107,9,38,49,1,1
107,10,27,29,1,1
107,11,7,36,1,1
107,12,33,24,1,1
107,13,14,34,1,1
107,14,28,23,1,1
107,15,53,35,1,1
107,16,57,36,1,1
107,17,12,25,1,1
107,18,8,31,1,1
107,19,44,25,1,1
107,20,48,28,1,1
107,21,16,30,1,1
107,22,39,41,1,1
107,23,46,16,1,1
107,24,17,32,1,1
107,25,56,33,1,1
107,26,11,19,1,1
107,27,2,32,1,1
107,28,34,32,1,1
107,29,40,36,1,1
107,30,36,46,1,1
107,31,31,11,1,1
107,32,20,28,1,1
108,1,14,34,1,1
108,2,20,28,1,1
108,3,12,25,1,1
108,4,34,32,1,1
108,5,29,16,1,1
108,6,11,19,1,1
108,7,50,37,1,1
108,8,58,38,1,1
108,9,23,47,1,1
108,10,26,39,1,1
108,11,56,33,1,1
108,12,48,28,1,1
108,13,42,28,1,1
108,14,33,24,1,1
108,15,49,31,1,1
108,16,37,51,1,1
108,17,57,36,1,1
108,18,55,30,1,1
108,19,13,29,1,1
108,20,24,51,1,1
108,21,31,11,1,1
108,22,5,42,1,1
108,23,2,32,1,1
108,24,52,40,1,1
108,25,54,30,1,1
108,26,59,45,1,1
108,27,1,29,1,1
108,28,22,42,1,1
108,29,36,46,1,1
108,30,21,35,1,1
108,31,43,25,1,1
108,32,45,19,1,1
109,1,12,25,1,1
109,2,17,32,1,1
109,3,24,51,1,1
109,4,44,25,1,1
109,5,38,49,1,1
109,6,4,43,1,1
109,7,46,16,1,1
109,8,16,30,1,1
109,9,35,40,1,1
109,10,21,35,1,1
109,11,45,19,1,1
109,12,2,32,1,1
109,13,10,23,1,1
109,14,54,30,1,1
109,15,32,17,1,1
109,16,9,24,1,1
109,17,30,13,1,1
109,18,34,32,1,1
109,19,53,35,1,1
109,20,48,28,1,1
109,21,52,40,1,1
109,22,41,38,1,1
109,23,29,16,1,1
109,24,11,19,1,1
109,25,43,25,1,1
109,26,33,24,1,1
109,27,42,28,1,1
109,28,28,23,1,1
109,29,13,29,1,1
109,30,49,31,1,1
109,31,40,36,1,1
109,32,19,30,1,1
110,1,55,30,1,1
110,2,39,41,1,1
110,3,11,19,1,1
110,4,14,34,1,1
110,5,50,37,1,1
110,6,27,29,1,1
110,7,36,46,1,1
110,8,47,19,1,1
110,9,20,28,1,1
110,10,56,33,1,1
110,11,45,19,1,1
110,12,58,38,1,1
110,13,32,17,1,1
110,14,35,40,1,1
110,15,3,38,1,1
110,16,5,42,1,1
110,17,13,29,1,1
110,18,41,38,1,1
110,19,59,45,1,1
110,20,9,24,1,1
110,21,19,30,1,1
110,22,37,51,1,1
110,23,16,30,1,1
110,24,25,43,1,1
110,25,4,43,1,1
110,26,2,32,1,1
110,27,49,31,1,1
110,28,44,25,1,1
110,29,30,13,1,1
110,30,48,28,1,1
110,31,1,29,1,1
110,32,12,25,1,1
111,1,26,39,1,1
111,2,40,36,1,1
111,3,9,24,1,1
111,4,28,23,1,1
111,5,5,42,1,1
111,6,30,13,1,1
111,7,15,32,1,1
111,8,20,28,1,1
111,9,49,31,1,1
111,10,24,51,1,1
111,11,55,30,1,1
111,12,59,45,1,1
111,13,34,32,1,1
111,14,6,34,1,1
111,15,31,11,1,1
111,16,17,32,1,1
111,17,50,37,1,1
111,18,39,41,1,1
111,19,46,16,1,1
111,20,60,43,1,1
111,21,29,16,1,1
111,22,4,43,1,1
111,23,47,19,1,1
111,24,45,19,1,1
111,25,1,29,1,1
111,26,25,43,1,1
111,27,2,32,1,1
111,28,35,40,1,1
111,29,48,28,1,1
111,30,53,35,1,1
111,31,37,51,1,1
111,32,44,25,1,1
112,1,49,31,1,1
112,2,39,41,1,1
112,3,43,25,1,1
112,4,1,29,1,1
112,5,34,32,1,1
112,6,19,30,1,1
112,7,17,32,1,1
112,8,60,43,1,1
112,9,16,30,1,1
112,10,10,23,1,1
112,11,8,31,1,1
112,12,6,34,1,1
112,13,55,30,1,1
112,14,38,49,1,1
112,15,37,51,1,1
112,16,25,43,1,1
112,17,2,32,1,1
112,18,58,38,1,1
112,19,26,39,1,1
112,20,27,29,1,1
112,21,36,46,1,1
112,22,23,47,1,1
112,23,59,45,1,1
112,24,15,32,1,1
112,25,42,28,1,1
112,26,45,19,1,1
112,27,51,39,1,1
112,28,46,16,1,1
112,29,53,35,1,1
112,30,14,34,1,1
112,31,31,11,1,1
112,32,13,29,1,1
113,1,40,36,1,1
113,2,7,36,1,1
113,3,58,38,1,1
113,4,38,49,1,1
113,5,15,32,1,1
113,6,22,42,1,1
113,7,43,25,1,1
113,8,2,32,1,1
113,9,4,43,1,1
113,10,21,35,1,1
113,11,59,45,1,1
113,12,47,19,1,1
113,13,33,24,1,1
113,14,34,32,1,1
113,15,8,31,1,1
113,16,14,34,1,1
113,17,3,38,1,1
113,18,57,36,1,1
113,19,50,37,1,1
113,20,23,47,1,1
113,21,49,31,1,1
113,22,24,51,1,1
113,23,46,16,1,1
113,24,13,29,1,1
113,25,16,30,1,1
113,26,51,39,1,1
113,27,41,38,1,1
113,28,25,43,1,1
113,29,18,27,1,1
113,30,45,19,1,1
113,31,39,41,1,1
113,32,35,40,1,1
114,1,48,28,1,1
114,2,6,34,1,1
114,3,27,29,1,1
114,4,56,33,1,1
114,5,17,32,1,1
114,6,58,38,1,1
114,7,38,49,1,1
114,8,44,25,1,1
114,9,19,30,1,1
114,10,54,30,1,1
114,11,53,35,1,1
114,12,60,43,1,1
114,13,51,39,1,1
114,14,2,32,1,1
114,15,14,34,1,1
114,16,41,38,1,1
114,17,34,32,1,1
114,18,32,17,1,1
114,19,28,23,1,1
114,20,49,31,1,1
114,21,35,40,1,1
114,22,18,27,1,1
114,23,52,40,1,1
114,24,37,51,1,1
114,25,42,28,1,1
114,26,20,28,1,1
114,27,50,37,1,1
114,28,47,19,1,1
114,29,43,25,1,1
114,30,9,24,1,1
114,31,13,29,1,1
114,32,7,36,1,1
115,1,59,45,1,1
115,2,57,36,1,1
115,3,10,23,1,1
115,4,19,30,1,1
115,5,46,16,1,1
115,6,17,32,1,1
115,7,22,42,1,1
115,8,44,25,1,1
115,9,49,31,1,1
115,10,15,32,1,1
115,11,42,28,1,1
115,12,13,29,1,1
115,13,25,43,1,1
115,14,26,39,1,1
115,15,58,38,1,1
115,16,52,40,1,1
115,17,24,51,1,1
115,18,40,36,1,1
115,19,45,19,1,1
115,20,2,32,1,1
115,21,1,29,1,1
115,22,30,13,1,1
115,23,8,31,1,1
115,24,23,47,1,1
115,25,20,28,1,1
115,26,14,34,1,1
115,27,16,30,1,1
115,28,38,49,1,1
115,29,39,41,1,1
115,30,21,35,1,1
115,31,56,33,1,1
115,32,4,43,1,1
116,1,21,35,1,1
116,2,5,42,1,1
116,3,15,32,1,1
116,4,7,36,1,1
116,5,19,30,1,1
116,6,45,19,1,1
116,7,33,24,1,1
116,8,43,25,1,1
116,9,32,17,1,1
116,10,52,40,1,1
116,11,36,46,1,1
116,12,20,28,1,1
116,13,29,16,1,1
116,14,30,13,1,1
116,15,37,51,1,1
116,16,44,25,1,1
116,17,51,39,1,1
116,18,2,32,1,1
116,19,38,49,1,1
116,20,26,39,1,1
116,21,39,41,1,1
116,22,28,23,1,1
116,23,3,38,1,1
116,24,34,32,1,1
116,25,42,28,1,1
116,26,23,47,1,1
116,27,56,33,1,1
116,28,16,30,1,1
116,29,8,31,1,1
116,30,1,29,1,1
116,31,59,45,1,1
116,32,54,30,1,1
117,1,11,19,1,1
117,2,8,31,1,1
117,3,30,13,1,1
117,4,38,49,1,1
117,5,10,23,1,1
117,6,44,25,1,1
117,7,6,34,1,1
117,8,22,42,1,1
117,9,1,29,1,1
117,10,39,41,1,1
117,11,55,30,1,1
117,12,23,47,1,1
117,13,5,42,1,1
117,14,27,29,1,1
117,15,36,46,1,1
117,16,56,33,1,1
117,17,40,36,1,1
117,18,50,37,1,1
117,19,31,11,1,1
117,20,3,38,1,1
117,21,14,34,1,1
117,22,2,32,1,1
117,23,42,28,1,1
117,24,53,35,1,1
117,25,4,43,1,1
117,26,49,31,1,1
117,27,17,32,1,1
117,28,13,29,1,1
117,29,25,43,1,1
117,30,28,23,1,1
117,31,7,36,1,1
117,32,15,32,1,1
118,1,43,25,1,1
118,2,37,51,1,1
118,3,7,36,1,1
118,4,48,28,1,1
118,5,30,13,1,1
118,6,32,17,1,1
118,7,4,43,1,1
118,8,11,19,1,1
118,9,12,25,1,1
118,10,33,24,1,1
118,11,29,16,1,1
118,12,51,39,1,1
118,13,14,34,1,1
118,14,16,30,1,1
118,15,24,51,1,1
118,16,25,43,1,1
118,17,49,31,1,1
118,18,31,11,1,1
118,19,13,29,1,1
118,20,23,47,1,1
118,21,50,37,1,1
118,22,15,32,1,1
118,23,38,49,1,1
118,24,57,36,1,1
118,25,40,36,1,1
118,26,6,34,1,1
118,27,10,23,1,1
118,28,34,32,1,1
118,29,5,42,1,1
118,30,36,46,1,1
118,31,41,38,1,1
118,32,8,31,1,1
119,1,42,28,1,1
119,2,3,38,1,1
119,3,45,19,1,1
119,4,20,28,1,1
119,5,30,13,1,1
119,6,51,39,1,1
119,7,9,24,1,1
119,8,52,40,1,1
119,9,33,24,1,1
119,10,22,42,1,1
119,11,35,40,1,1
119,12,58,38,1,1
119,13,5,42,1,1
119,14,1,29,1,1
119,15,18,27,1,1
119,16,46,16,1,1
119,17,7,36,1,1
119,18,48,28,1,1
119,19,19,30,1,1
119,20,55,30,1,1
119,21,37,51,1,1
119,22,60,43,1,1
119,23,24,51,1,1
119,24,39,41,1,1
119,25,29,16,1,1
119,26,16,30,1,1
119,27,34,32,1,1
119,28,50,37,1,1
119,29,57,36,1,1
119,30,2,32,1,1
119,31,13,29,1,1
119,32,32,17,1,1
120,1,59,45,1,1
120,2,22,42,1,1
120,3,31,11,1,1
120,4,44,25,1,1
120,5,9,24,1,1
120,6,43,25,1,1
120,7,14,34,1,1
120,8,28,23,1,1
120,9,27,29,1,1
120,10,2,32,1,1
120,11,17,32,1,1
120,12,11,19,1,1
120,13,16,30,1,1
120,14,40,36,1,1
120,15,3,38,1,1
120,16,15,32,1,1
120,17,48,28,1,1
120,18,45,19,1,1
120,19,12,25,1,1
120,20,47,19,1,1
120,21,20,28,1,1
120,22,1,29,1,1
120,23,21,35,1,1
120,24,39,41,1,1
120,25,19,30,1,1
120,26,35,40,1,1
120,27,8,31,1,1
120,28,60,43,1,1
120,29,53,35,1,1
120,30,57,36,1,1
120,31,51,39,1,1
120,32,56,33,1,1
121,1,52,40,1,1
121,2,58,38,1,1
121,3,27,29,1,1
121,4,5,42,1,1
121,5,37,51,1,1
121,6,29,16,1,1
121,7,7,36,1,1
121,8,53,35,1,1
121,9,12,25,1,1
121,10,34,32,1,1
121,11,10,23,1,1
121,12,43,25,1,1
121,13,60,43,1,1
121,14,30,13,1,1
121,15,21,35,1,1
121,16,40,36,1,1
121,17,41,38,1,1
121,18,28,23,1,1
121,19,46,16,1,1
121,20,42,28,1,1
121,21,6,34,1,1
121,22,48,28,1,1
121,23,45,19,1,1
121,24,56,33,1,1
121,25,2,32,1,1
121,26,3,38,1,1
121,27,36,46,1,1
121,28,24,51,1,1
121,29,13,29,1,1
121,30,26,39,1,1
121,31,57,36,1,1
121,32,17,32,1,1
122,1,53,35,1,1
122,2,31,11,1,1
122,3,54,30,1,1
122,4,42,28,1,1
122,5,34,32,1,1
122,6,51,39,1,1
122,7,30,13,1,1
122,8,24,51,1,1
122,9,55,30,1,1
122,10,28,23,1,1
122,11,10,23,1,1
122,12,3,38,1,1
122,13,32,17,1,1
122,14,44,25,1,1
122,15,49,31,1,1
122,16,14,34,1,1
122,17,23,47,1,1
122,18,52,40,1,1
122,19,27,29,1,1
122,20,35,40,1,1
122,21,43,25,1,1
122,22,37,51,1,1
122,23,8,31,1,1
122,24,26,39,1,1
122,25,13,29,1,1
122,26,58,38,1,1
122,27,18,27,1,1
122,28,11,19,1,1
122,29,7,36,1,1
122,30,45,19,1,1
122,31,47,19,1,1
122,32,59,45,1,1
123,1,33,24,1,1
123,2,24,51,1,1
123,3,40,36,1,1
123,4,15,32,1,1
123,5,7,36,1,1
123,6,51,39,1,1
123,7,34,32,1,1
123,8,9,24,1,1
123,9,3,38,1,1
123,10,52,40,1,1
123,11,17,32,1,1
123,12,32,17,1,1
123,13,6,34,1,1
123,14,56,33,1,1
123,15,21,35,1,1
123,16,12,25,1,1
123,17,19,30,1,1
123,18,49,31,1,1
123,19,55,30,1,1
123,20,27,29,1,1
123,21,58,38,1,1
123,22,57,36,1,1
123,23,46,16,1,1
123,24,26,39,1,1
123,25,38,49,1,1
123,26,53,35,1,1
123,27,50,37,1,1
123,28,29,16,1,1
123,29,37,51,1,1
123,30,25,43,1,1
123,31,39,41,1,1
123,32,30,13,1,1
124,1,48,28,1,1
124,2,21,35,1,1
124,3,43,25,1,1
124,4,31,11,1,1
124,5,42,28,1,1
124,6,37,51,1,1
124,7,26,39,1,1
124,8,24,51,1,1
124,9,29,16,1,1
124,10,5,42,1,1
124,11,52,40,1,1
124,12,35,40,1,1
124,13,51,39,1,1
124,14,10,23,1,1
124,15,3,38,1,1
124,16,17,32,1,1
124,17,60,43,1,1
124,18,33,24,1,1
124,19,44,25,1,1
124,20,27,29,1,1
124,21,15,32,1,1
124,22,57,36,1,1
124,23,16,30,1,1
124,24,53,35,1,1
124,25,36,46,1,1
124,26,59,45,1,1
124,27,2,32,1,1
124,28,25,43,1,1
124,29,49,31,1,1
124,30,9,24,1,1
124,31,8,31,1,1
124,32,34,32,1,1
125,1,27,29,1,1
125,2,5,42,1,1
125,3,38,49,1,1
125,4,24,51,1,1
125,5,36,46,1,1
125,6,21,35,1,1
125,7,47,19,1,1
125,8,45,19,1,1
125,9,33,24,1,1
125,10,48,28,1,1
125,11,22,42,1,1
125,12,56,33,1,1
125,13,46,16,1,1
125,14,23,47,1,1
125,15,17,32,1,1
125,16,43,25,1,1
125,17,51,39,1,1
125,18,25,43,1,1
125,19,55,30,1,1
125,20,1,29,1,1
125,21,54,30,1,1
125,22,13,29,1,1
125,23,60,43,1,1
125,24,16,30,1,1
125,25,2,32,1,1
125,26,39,41,1,1
125,27,34,32,1,1
125,28,58,38,1,1
125,29,3,38,1,1
125,30,9,24,1,1
125,31,50,37,1,1
125,32,31,11,1,1
126,1,5,42,1,1
126,2,17,32,1,1
126,3,57,36,1,1
126,4,52,40,1,1
126,5,58,38,1,1
126,6,4,43,1,1
126,7,23,47,1,1
126,8,21,35,1,1
126,9,38,49,1,1
126,10,10,23,1,1
126,11,60,43,1,1
126,12,34,32,1,1
126,13,45,19,1,1
126,14,16,30,1,1
126,15,55,30,1,1
126,16,31,11,1,1
126,17,30,13,1,1
126,18,24,51,1,1
126,19,18,27,1,1
126,20,12,25,1,1
126,21,9,24,1,1
126,22,50,37,1,1
126,23,41,38,1,1
126,24,6,34,1,1
126,25,7,36,1,1
126,26,33,24,1,1
126,27,1,29,1,1
126,28,3,38,1,1
126,29,26,39,1,1
126,30,54,30,1,1
126,31,13,29,1,1
126,32,11,19,1,1
127,1,40,36,1,1
127,2,20,28,1,1
127,3,44,25,1,1
127,4,51,39,1,1
127,5,29,16,1,1
127,6,16,30,1,1
127,7,42,28,1,1
127,8,21,35,1,1
127,9,53,35,1,1
127,10,25,43,1,1
127,11,38,49,1,1
127,12,50,37,1,1
127,13,17,32,1,1
127,14,35,40,1,1
127,15,27,29,1,1
127,16,56,33,1,1
127,17,15,32,1,1
127,18,2,32,1,1
127,19,5,42,1,1
127,20,54,30,1,1
127,21,26,39,1,1
127,22,36,46,1,1
127,23,13,29,1,1
127,24,24,51,1,1
127,25,3,38,1,1
127,26,14,34,1,1
127,27,33,24,1,1
127,28,11,19,1,1
127,29,34,32,1,1
127,30,49,31,1,1
127,31,4,43,1,1
127,32,58,38,1,1
128,1,22,42,1,1
128,2,50,37,1,1
128,3,11,19,1,1
128,4,19,30,1,1
128,5,32,17,1,1
128,6,3,38,1,1
128,7,29,16,1,1
128,8,16,30,1,1
128,9,25,43,1,1
128,10,42,28,1,1
128,11,15,32,1,1
128,12,23,47,1,1
128,13,35,40,1,1
128,14,18,27,1,1
128,15,49,31,1,1
128,16,51,39,1,1
128,17,5,42,1,1
128,18,28,23,1,1
128,19,52,40,1,1
128,20,33,24,1,1
128,21,12,25,1,1
128,22,38,49,1,1
128,23,31,11,1,1
128,24,21,35,1,1
128,25,47,19,1,1
128,26,44,25,1,1
128,27,24,51,1,1
128,28,14,34,1,1
128,29,56,33,1,1
128,30,54,30,1,1
128,31,41,38,1,1
128,32,7,36,1,1
129,1,48,28,1,1
129,2,41,38,1,1
129,3,21,35,1,1
129,4,24,51,1,1
129,5,58,38,1,1
129,6,39,41,1,1
129,7,20,28,1,1
129,8,56,33,1,1
129,9,18,27,1,1
129,10,22,42,1,1
129,11,15,32,1,1
129,12,30,13,1,1
129,13,54,30,1,1
129,14,42,28,1,1
129,15,49,31,1,1
129,16,57,36,1,1
129,17,28,23,1,1
129,18,37,51,1,1
129,19,53,35,1,1
129,20,23,47,1,1
129,21,1,29,1,1
129,22,29,16,1,1
129,23,2,32,1,1
129,24,27,29,1,1
129,25,14,34,1,1
129,26,52,40,1,1
129,27,51,39,1,1
129,28,60,43,1,1
129,29,17,32,1,1
129,30,19,30,1,1
129,31,11,19,1,1
129,32,5,42,1,1
130,1,52,40,1,1
130,2,19,30,1,1
130,3,56,33,1,1
130,4,39,41,1,1
130,5,48,28,1,1
130,6,7,36,1,1
130,7,1,29,1,1
130,8,40,36,1,1
130,9,31,11,1,1
130,10,58,38,1,1
130,11,29,16,1,1
130,12,37,51,1,1
130,13,24,51,1,1
130,14,3,38,1,1
130,15,12,25,1,1
130,16,5,42,1,1
130,17,22,42,1,1
130,18,2,32,1,1
130,19,43,25,1,1
130,20,23,47,1,1
130,21,15,32,1,1
130,22,13,29,1,1
130,23,51,39,1,1
130,24,6,34,1,1
130,25,50,37,1,1
130,26,27,29,1,1
130,27,55,30,1,1
130,28,45,19,1,1
130,29,28,23,1,1
130,30,53,35,1,1
130,31,34,32,1,1
130,32,35,40,1,1
131,1,28,23,1,1
131,2,39,41,1,1
131,3,32,17,1,1
131,4,46,16,1,1
131,5,16,30,1,1
131,6,42,28,1,1
131,7,23,47,1,1
131,8,20,28,1,1
131,9,26,39,1,1
131,10,59,45,1,1
131,11,3,38,1,1
131,12,56,33,1,1
131,13,36,46,1,1
131,14,6,34,1,1
131,15,41,38,1,1
131,16,21,35,1,1
131,17,30,13,1,1
131,18,7,36,1,1
131,19,53,35,1,1
131,20,31,11,1,1
131,21,15,32,1,1
131,22,27,29,1,1
131,23,38,49,1,1
131,24,44,25,1,1
131,25,52,40,1,1
131,26,55,30,1,1
131,27,22,42,1,1
131,28,29,16,1,1
131,29,35,40,1,1
131,30,8,31,1,1
131,31,9,24,1,1
131,32,1,29,1,1
132,1,42,28,1,1
132,2,46,16,1,1
132,3,30,13,1,1
132,4,40,36,1,1
132,5,57,36,1,1
132,6,44,25,1,1
132,7,47,19,1,1
132,8,54,30,1,1
132,9,58,38,1,1
132,10,45,19,1,1
132,11,23,47,1,1
132,12,49,31,1,1
132,13,48,28,1,1
132,14,51,39,1,1
132,15,60,43,1,1
132,16,9,24,1,1
132,17,16,30,1,1
132,18,20,28,1,1
132,19,6,34,1,1
132,20,53,35,1,1
132,21,37,51,1,1
132,22,25,43,1,1
132,23,35,40,1,1
132,24,2,32,1,1
132,25,13,29,1,1
132,26,26,39,1,1
132,27,5,42,1,1
132,28,18,27,1,1
132,29,7,36,1,1
132,30,36,46,1,1
132,31,3,38,1,1
132,32,41,38,1,1
133,1,20,28,1,1
133,2,6,34,1,1
133,3,7,36,1,1
133,4,38,49,1,1
133,5,58,38,1,1
133,6,27,29,1,1
133,7,36,46,1,1
133,8,54,30,1,1
133,9,30,13,1,1
133,10,59,45,1,1
133,11,23,47,1,1
133,12,13,29,1,1
133,13,52,40,1,1
133,14,47,19,1,1
133,15,35,40,1,1
133,16,17,32,1,1
133,17,46,16,1,1
133,18,60,43,1,1
133,19,51,39,1,1
133,20,8,31,1,1
133,21,32,17,1,1
133,22,14,34,1,1
133,23,1,29,1,1
133,24,49,31,1,1
133,25,4,43,1,1
133,26,39,41,1,1
133,27,12,25,1,1
133,28,21,35,1,1
133,29,29,16,1,1
133,30,16,30,1,1
133,31,33,24,1,1
133,32,31,11,1,1
134,1,54,30,1,1
134,2,5,42,1,1
134,3,7,36,1,1
134,4,37,51,1,1
134,5,4,43,1,1
134,6,44,25,1,1
134,7,32,17,1,1
134,8,47,19,1,1
134,9,36,46,1,1
134,10,31,11,1,1
134,11,49,31,1,1
134,12,60,43,1,1
134,13,12,25,1,1
134,14,48,28,1,1
134,15,15,32,1,1
134,16,40,36,1,1
134,17,53,35,1,1
134,18,8,31,1,1
134,19,41,38,1,1
134,20,19,30,1,1
134,21,13,29,1,1
134,22,33,24,1,1
134,23,52,40,1,1
134,24,9,24,1,1
134,25,38,49,1,1
134,26,10,23,1,1
134,27,16,30,1,1
134,28,30,13,1,1
134,29,18,27,1,1
134,30,17,32,1,1
134,31,22,42,1,1
134,32,3,38,1,1
135,1,2,32,1,1
135,2,50,37,1,1
135,3,36,46,1,1
135,4,54,30,1,1
135,5,3,38,1,1
135,6,29,16,1,1
135,7,31,11,1,1
135,8,34,32,1,1
135,9,18,27,1,1
135,10,30,13,1,1
135,11,12,25,1,1
135,12,48,28,1,1
135,13,15,32,1,1
135,14,1,29,1,1
135,15,25,43,1,1
135,16,32,17,1,1
135,17,24,51,1,1
135,18,47,19,1,1
135,19,9,24,1,1
135,20,49,31,1,1
135,21,23,47,1,1
135,22,59,45,1,1
135,23,38,49,1,1
135,24,46,16,1,1
135,25,20,28,1,1
135,26,45,19,1,1
135,27,16,30,1,1
135,28,7,36,1,1
135,29,40,36,1,1
135,30,56,33,1,1
135,31,8,31,1,1
135,32,42,28,1,1
136,1,17,32,1,1
136,2,10,23,1,1
136,3,42,28,1,1
136,4,29,16,1,1
136,5,4,43,1,1
136,6,13,29,1,1
136,7,18,27,1,1
136,8,31,11,1,1
136,9,25,43,1,1
136,10,47,19,1,1
136,11,45,19,1,1
136,12,49,31,1,1
136,13,7,36,1,1
136,14,24,51,1,1
136,15,33,24,1,1
136,16,58,38,1,1
136,17,50,37,1,1
136,18,57,36,1,1
136,19,37,51,1,1
136,20,11,19,1,1
136,21,60,43,1,1
136,22,27,29,1,1
136,23,5,42,1,1
136,24,51,39,1,1
136,25,12,25,1,1
136,26,9,24,1,1
136,27,59,45,1,1
136,28,54,30,1,1
136,29,23,47,1,1
136,30,56,33,1,1
136,31,41,38,1,1
136,32,28,23,1,1
137,1,50,37,1,1
137,2,56,33,1,1
137,3,22,42,1,1
137,4,29,16,1,1
137,5,36,46,1,1
137,6,60,43,1,1
137,7,48,28,1,1
137,8,4,43,1,1
137,9,33,24,1,1
137,10,14,34,1,1
137,11,41,38,1,1
137,12,30,13,1,1
137,13,34,32,1,1
137,14,24,51,1,1
137,15,47,19,1,1
137,16,37,51,1,1
137,17,51,39,1,1
137,18,46,16,1,1
137,19,8,31,1,1
137,20,23,47,1,1
137,21,53,35,1,1
137,22,9,24,1,1
137,23,16,30,1,1
137,24,1,29,1,1
137,25,31,11,1,1
137,26,55,30,1,1
137,27,10,23,1,1
137,28,40,36,1,1
137,29,26,39,1,1
137,30,57,36,1,1
137,31,32,17,1,1
137,32,13,29,1,1
138,1,50,37,1,1
138,2,11,19,1,1
138,3,12,25,1,1
138,4,21,35,1,1
138,5,31,11,1,1
138,6,19,30,1,1
138,7,2,32,1,1
138,8,45,19,1,1
138,9,23,47,1,1
138,10,32,17,1,1
138,11,3,38,1,1
138,12,17,32,1,1
138,13,6,34,1,1
138,14,24,51,1,1
138,15,42,28,1,1
138,16,54,30,1,1
138,17,26,39,1,1
138,18,41,38,1,1
138,19,4,43,1,1
138,20,10,23,1,1
138,21,49,31,1,1
138,22,59,45,1,1
138,23,46,16,1,1
138,24,1,29,1,1
138,25,35,40,1,1
138,26,52,40,1,1
138,27,39,41,1,1
138,28,27,29,1,1
138,29,20,28,1,1
138,30,13,29,1,1
138,31,60,43,1,1
138,32,18,27,1,1
139,1,58,38,1,1
139,2,10,23,1,1
139,3,31,11,1,1
139,4,52,40,1,1
139,5,46,16,1,1
139,6,26,39,1,1
139,7,43,25,1,1
139,8,7,36,1,1
139,9,35,40,1,1
139,10,45,19,1,1
139,11,18,27,1,1
139,12,21,35,1,1
139,13,54,30,1,1
139,14,5,42,1,1
139,15,11,19,1,1
139,16,57,36,1,1
139,17,8,31,1,1
139,18,41,38,1,1
139,19,33,24,1,1
139,20,23,47,1,1
139,21,15,32,1,1
139,22,12,25,1,1
139,23,44,25,1,1
139,24,6,34,1,1
139,25,60,43,1,1
139,26,37,51,1,1
139,27,1,29,1,1
139,28,40,36,1,1
139,29,51,39,1,1
139,30,49,31,1,1
139,31,3,38,1,1
139,32,9,24,1,1
140,1,33,24,1,1
140,2,53,35,1,1
140,3,23,47,1,1
140,4,45,19,1,1
140,5,13,29,1,1
140,6,15,32,1,1
140,7,46,16,1,1
140,8,29,16,1,1
140,9,57,36,1,1
140,10,28,23,1,1
140,11,40,36,1,1
140,12,47,19,1,1
140,13,41,38,1,1
140,14,39,41,1,1
140,15,27,29,1,1
140,16,25,43,1,1
140,17,26,39,1,1
140,18,24,51,1,1
140,19,37,51,1,1
140,20,34,32,1,1
140,21,55,30,1,1
140,22,60,43,1,1
140,23,59,45,1,1
140,24,16,30,1,1
140,25,11,19,1,1
140,26,2,32,1,1
140,27,3,38,1,1
140,28,4,43,1,1
140,29,20,28,1,1
140,30,14,34,1,1
140,31,31,11,1,1
140,32,21,35,1,1
141,1,31,11,1,1
141,2,43,25,1,1
141,3,25,43,1,1
141,4,3,38,1,1
141,5,7,36,1,1
141,6,55,30,1,1
141,7,20,28,1,1
141,8,53,35,1,1
141,9,24,51,1,1
141,10,34,32,1,1
141,11,58,38,1,1
141,12,22,42,1,1
141,13,8,31,1,1
141,14,1,29,1,1
141,15,44,25,1,1
141,16,29,16,1,1
141,17,39,41,1,1
141,18,30,13,1,1
141,19,21,35,1,1
141,20,48,28,1,1
141,21,49,31,1,1
141,22,46,16,1,1
141,23,27,29,1,1
141,24,60,43,1,1
141,25,5,42,1,1
141,26,19,30,1,1
141,27,4,43,1,1
141,28,6,34,1,1
141,29,15,32,1,1
141,30,13,29,1,1
141,31,35,40,1,1
141,32,18,27,1,1
142,1,24,51,1,1
142,2,41,38,1,1
142,3,42,28,1,1
142,4,46,16,1,1
142,5,56,33,1,1
142,6,3,38,1,1
142,7,6,34,1,1
142,8,28,23,1,1
142,9,43,25,1,1
142,10,2,32,1,1
142,11,4,43,1,1
142,12,7,36,1,1
142,13,10,23,1,1
142,14,16,30,1,1
142,15,39,41,1,1
142,16,38,49,1,1
142,17,52,40,1,1
142,18,30,13,1,1
142,19,14,34,1,1
142,20,22,42,1,1
142,21,34,32,1,1
142,22,12,25,1,1
142,23,55,30,1,1
142,24,40,36,1,1
142,25,47,19,1,1
142,26,21,35,1,1
142,27,45,19,1,1
142,28,54,30,1,1
142,29,50,37,1,1
142,30,5,42,1,1
142,31,29,16,1,1
142,32,57,36,1,1
143,1,28,23,1,1
143,2,42,28,1,1
143,3,22,42,1,1
143,4,57,36,1,1
143,5,37,51,1,1
143,6,8,31,1,1
143,7,29,16,1,1
143,8,17,32,1,1
143,9,14,34,1,1
143,10,2,32,1,1
143,11,32,17,1,1
143,12,52,40,1,1
143,13,6,34,1,1
143,14,1,29,1,1
143,15,15,32,1,1
143,16,46,16,1,1
143,17,56,33,1,1
143,18,4,43,1,1
143,19,60,43,1,1
143,20,10,23,1,1
143,21,39,41,1,1
143,22,40,36,1,1
143,23,53,35,1,1
143,24,43,25,1,1
143,25,21,35,1,1
143,26,23,47,1,1
143,27,41,38,1,1
143,28,58,38,1,1
143,29,34,32,1,1
143,30,31,11,1,1
143,31,44,25,1,1
143,32,35,40,1,1
144,1,30,13,1,1
144,2,38,49,1,1
144,3,9,24,1,1
144,4,35,40,1,1
144,5,23,47,1,1
144,6,54,30,1,1
144,7,41,38,1,1
144,8,2,32,1,1
144,9,52,40,1,1
144,10,25,43,1,1
144,11,13,29,1,1
144,12,3,38,1,1
144,13,34,32,1,1
144,14,40,36,1,1
144,15,7,36,1,1
144,16,49,31,1,1
144,17,28,23,1,1
144,18,11,19,1,1
144,19,18,27,1,1
144,20,21,35,1,1
144,21,17,32,1,1
144,22,51,39,1,1
144,23,12,25,1,1
144,24,58,38,1,1
144,25,47,19,1,1
144,26,44,25,1,1
144,27,57,36,1,1
144,28,60,43,1,1
144,29,8,31,1,1
144,30,31,11,1,1
144,31,46,16,1,1
144,32,43,25,1,1
145,1,8,31,1,1
145,2,36,46,1,1
145,3,1,29,1,1
145,4,2,32,1,1
145,5,43,25,1,1
145,6,17,32,1,1
145,7,34,32,1,1
145,8,10,23,1,1
145,9,14,34,1,1
145,10,15,32,1,1
145,11,30,13,1,1
145,12,54,30,1,1
145,13,51,39,1,1
145,14,28,23,1,1
145,15,23,47,1,1
145,16,11,19,1,1
145,17,29,16,1,1
145,18,55,30,1,1
145,19,21,35,1,1
145,20,48,28,1,1
145,21,35,40,1,1
145,22,20,28,1,1
145,23,25,43,1,1
145,24,59,45,1,1
145,25,58,38,1,1
145,26,60,43,1,1
145,27,27,29,1,1
145,28,39,41,1,1
145,29,9,24,1,1
145,30,46,16,1,1
145,31,4,43,1,1
145,32,53,35,1,1
146,1,5,42,1,1
146,2,55,30,1,1
146,3,27,29,1,1
146,4,19,30,1,1
146,5,17,32,1,1
146,6,46,16,1,1
146,7,13,29,1,1
146,8,25,43,1,1
146,9,38,49,1,1
146,10,59,45,1,1
146,11,45,19,1,1
146,12,18,27,1,1
146,13,44,25,1,1
146,14,12,25,1,1
146,15,28,23,1,1
146,16,30,13,1,1
146,17,36,46,1,1
146,18,16,30,1,1
146,19,60,43,1,1
146,20,20,28,1,1
146,21,37,51,1,1
146,22,42,28,1,1
146,23,8,31,1,1
146,24,56,33,1,1
146,25,2,32,1,1
146,26,57,36,1,1
146,27,22,42,1,1
146,28,50,37,1,1
146,29,53,35,1,1
146,30,48,28,1,1
146,31,47,19,1,1
146,32,15,32,1,1
147,1,22,42,1,1
147,2,29,16,1,1
147,3,24,51,1,1
147,4,42,28,1,1
147,5,27,29,1,1
147,6,13,29,1,1
147,7,14,34,1,1
147,8,26,39,1,1
147,9,28,23,1,1
147,10,39,41,1,1
147,11,56,33,1,1
147,12,16,30,1,1
147,13,9,24,1,1
147,14,10,23,1,1
147,15,46,16,1,1
147,16,19,30,1,1
147,17,44,25,1,1
147,18,3,38,1,1
147,19,21,35,1,1
147,20,55,30,1,1
147,21,34,32,1,1
147,22,38,49,1,1
147,23,47,19,1,1
147,24,15,32,1,1
147,25,50,37,1,1
147,26,35,40,1,1
147,27,4,43,1,1
147,28,51,39,1,1
147,29,1,29,1,1
147,30,7,36,1,1
147,31,23,47,1,1
147,32,31,11,1,1
148,1,39,41,1,1
148,2,9,24,1,1
148,3,2,32,1,1
148,4,47,19,1,1
148,5,40,36,1,1
148,6,7,36,1,1
148,7,45,19,1,1
148,8,3,38,1,1
148,9,12,25,1,1
148,10,17,32,1,1
148,11,10,23,1,1
148,12,4,43,1,1
148,13,34,32,1,1
148,14,52,40,1,1
148,15,14,34,1,1
148,16,21,35,1,1
148,17,42,28,1,1
148,18,54,30,1,1
148,19,25,43,1,1
148,20,38,49,1,1
148,21,35,40,1,1
148,22,24,51,1,1
148,23,30,13,1,1
148,24,46,16,1,1
148,25,29,16,1,1
148,26,43,25,1,1
148,27,53,35,1,1
148,28,49,31,1,1
148,29,22,42,1,1
148,30,1,29,1,1
148,31,16,30,1,1
148,32,26,39,1,1
149,1,28,23,1,1
149,2,45,19,1,1
149,3,15,32,1,1
149,4,8,31,1,1
149,5,51,39,1,1
149,6,48,28,1,1
149,7,17,32,1,1
149,8,20,28,1,1
149,9,34,32,1,1
149,10,33,24,1,1
149,11,26,39,1,1
149,12,14,34,1,1
149,13,52,40,1,1
149,14,25,43,1,1
149,15,32,17,1,1
149,16,41,38,1,1
149,17,19,30,1,1
149,18,42,28,1,1
149,19,35,40,1,1
149,20,49,31,1,1
149,21,58,38,1,1
149,22,40,36,1,1
149,23,37,51,1,1
149,24,36,46,1,1
149,25,9,24,1,1
149,26,39,41,1,1
149,27,1,29,1,1
149,28,27,29,1,1
149,29,57,36,1,1
149,30,38,49,1,1
149,31,7,36,1,1
149,32,50,37,1,1
150,1,15,32,1,1
150,2,58,38,1,1
150,3,59,45,1,1
150,4,29,16,1,1
150,5,12,25,1,1
150,6,50,37,1,1
150,7,51,39,1,1
150,8,53,35,1,1
150,9,56,33,1,1
150,10,46,16,1,1
150,11,4,43,1,1
150,12,54,30,1,1
150,13,48,28,1,1
150,14,10,23,1,1
150,15,7,36,1,1
150,16,6,34,1,1
150,17,22,42,1,1
150,18,34,32,1,1
150,19,16,30,1,1
150,20,14,34,1,1
150,21,8,31,1,1
150,22,27,29,1,1
150,23,44,25,1,1
150,24,9,24,1,1
150,25,55,30,1,1
150,26,13,29,1,1
150,27,31,11,1,1
150,28,39,41,1,1
150,29,1,29,1,1
150,30,37,51,1,1
150,31,11,19,1,1
150,32,32,17,1,1
151,1,15,32,1,1
151,2,9,24,1,1
151,3,8,31,1,1
151,4,19,30,1,1
151,5,10,23,1,1
151,6,4,43,1,1
151,7,21,35,1,1
151,8,26,39,1,1
151,9,1,29,1,1
151,10,55,30,1,1
151,11,12,25,1,1
151,12,7,36,1,1
151,13,50,37,1,1
151,14,53,35,1,1
151,15,31,11,1,1
151,16,5,42,1,1
151,17,6,34,1,1
151,18,24,51,1,1
151,19,44,25,1,1
151,20,14,34,1,1
151,21,27,29,1,1
151,22,2,32,1,1
151,23,11,19,1,1
151,24,58,38,1,1
151,25,42,28,1,1
151,26,16,30,1,1
151,27,23,47,1,1
151,28,30,13,1,1
151,29,60,43,1,1
151,30,13,29,1,1
151,31,28,23,1,1
151,32,45,19,1,1
152,1,49,31,1,1
152,2,34,32,1,1
152,3,21,35,1,1
152,4,6,34,1,1
152,5,40,36,1,1
152,6,44,25,1,1
152,7,8,31,1,1
152,8,24,51,1,1
152,9,41,38,1,1
152,10,47,19,1,1
152,11,5,42,1,1
152,12,56,33,1,1
152,13,16,30,1,1
152,14,11,19,1,1
152,15,45,19,1,1
152,16,17,32,1,1
152,17,15,32,1,1
152,18,31,11,1,1
152,19,1,29,1,1
152,20,28,23,1,1
152,21,26,39,1,1
152,22,14,34,1,1
152,23,18,27,1,1
152,24,42,28,1,1
152,25,52,40,1,1
152,26,33,24,1,1
152,27,30,13,1,1
152,28,37,51,1,1
152,29,46,16,1,1
152,30,58,38,1,1
152,31,36,46,1,1
152,32,12,25,1,1
153,1,52,40,1,1
153,2,58,38,1,1
153,3,4,43,1,1
153,4,29,16,1,1
153,5,25,43,1,1
153,6,14,34,1,1
153,7,48,28,1,1
153,8,7,36,1,1
153,9,43,25,1,1
153,10,3,38,1,1
153,11,49,31,1,1
153,12,17,32,1,1
153,13,32,17,1,1
153,14,37,51,1,1
153,15,26,39,1,1
153,16,36,46,1,1
153,17,1,29,1,1
153,18,2,32,1,1
153,19,19,30,1,1
153,20,33,24,1,1
153,21,60,43,1,1
153,22,5,42,1,1
153,23,51,39,1,1
153,24,8,31,1,1
153,25,42,28,1,1
153,26,11,19,1,1
153,27,53,35,1,1
153,28,16,30,1,1
153,29,55,30,1,1
153,30,20,28,1,1
153,31,15,32,1,1
153,32,57,36,1,1
154,1,20,28,1,1
154,2,38,49,1,1
154,3,17,32,1,1
154,4,10,23,1,1
154,5,11,19,1,1
154,6,50,37,1,1
154,7,47,19,1,1
154,8,44,25,1,1
154,9,55,30,1,1
154,10,16,30,1,1
154,11,15,32,1,1
154,12,53,35,1,1
154,13,46,16,1,1
154,14,35,40,1,1
154,15,45,19,1,1
154,16,31,11,1,1
154,17,52,40,1,1
154,18,26,39,1,1
154,19,28,23,1,1
154,20,41,38,1,1
154,21,43,25,1,1
154,22,18,27,1,1
154,23,40,36,1,1
154,24,25,43,1,1
154,25,56,33,1,1
154,26,54,30,1,1
154,27,5,42,1,1
154,28,33,24,1,1
154,29,7,36,1,1
154,30,29,16,1,1
154,31,13,29,1,1
154,32,37,51,1,1
155,1,1,29,1,1
155,2,3,38,1,1
155,3,33,24,1,1
155,4,25,43,1,1
155,5,11,19,1,1
155,6,21,35,1,1
155,7,16,30,1,1
155,8,58,38,1,1
155,9,50,37,1,1
155,10,19,30,1,1
155,11,52,40,1,1
155,12,24,51,1,1
155,13,34,32,1,1
155,14,43,25,1,1
155,15,22,42,1,1
155,16,7,36,1,1
155,17,20,28,1,1
155,18,42,28,1,1
155,19,4,43,1,1
155,20,26,39,1,1
155,21,28,23,1,1
155,22,59,45,1,1
155,23,48,28,1,1
155,24,54,30,1,1
155,25,44,25,1,1
155,26,55,30,1,1
155,27,12,25,1,1
155,28,56,33,1,1
155,29,14,34,1,1
155,30,38,49,1,1
155,31,51,39,1,1
155,32,35,40,1,1
156,1,14,34,1,1
156,2,18,27,1,1
156,3,15,32,1,1
156,4,57,36,1,1
156,5,32,17,1,1
156,6,52,40,1,1
156,7,49,31,1,1
156,8,21,35,1,1
156,9,55,30,1,1
156,10,48,28,1,1
156,11,4,43,1,1
156,12,42,28,1,1
156,13,16,30,1,1
156,14,13,29,1,1
156,15,11,19,1,1
156,16,38,49,1,1
156,17,5,42,1,1
156,18,2,32,1,1
156,19,56,33,1,1
156,20,60,43,1,1
156,21,29,16,1,1
156,22,46,16,1,1
156,23,39,41,1,1
156,24,31,11,1,1
156,25,58,38,1,1
156,26,35,40,1,1
156,27,50,37,1,1
156,28,8,31,1,1
156,29,17,32,1,1
156,30,54,30,1,1
156,31,44,25,1,1
156,32,51,39,1,1
157,1,24,51,1,1
157,2,54,30,1,1
157,3,37,51,1,1
157,4,7,36,1,1
157,5,49,31,1,1
157,6,52,40,1,1
157,7,30,13,1,1
157,8,3,38,1,1
157,9,40,36,1,1
157,10,6,34,1,1
157,11,5,42,1,1
157,12,28,23,1,1
157,13,39,41,1,1
157,14,32,17,1,1
157,15,57,36,1,1
157,16,48,28,1,1
157,17,50,37,1,1
157,18,27,29,1,1
157,19,42,28,1,1
157,20,47,19,1,1
157,21,31,11,1,1
157,22,59,45,1,1
157,23,17,32,1,1
157,24,26,39,1,1
157,25,21,35,1,1
157,26,60,43,1,1
157,27,16,30,1,1
157,28,34,32,1,1
157,29,10,23,1,1
157,30,13,29,1,1
157,31,45,19,1,1
157,32,22,42,1,1
158,1,19,30,1,1
158,2,12,25,1,1
158,3,53,35,1,1
158,4,18,27,1,1
158,5,5,42,1,1
158,6,33,24,1,1
158,7,44,25,1,1
158,8,39,41,1,1
158,9,38,49,1,1
158,10,56,33,1,1
158,11,6,34,1,1
158,12,42,28,1,1
158,13,51,39,1,1
158,14,49,31,1,1
158,15,59,45,1,1
158,16,1,29,1,1
158,17,57,36,1,1
158,18,48,28,1,1
158,19,25,43,1,1
158,20,28,23,1,1
158,21,14,34,1,1
158,22,37,51,1,1
158,23,22,42,1,1
158,24,4,43,1,1
158,25,52,40,1,1
158,26,60,43,1,1
158,27,13,29,1,1
158,28,43,25,1,1
158,29,2,32,1,1
158,30,15,32,1,1
158,31,45,19,1,1
158,32,7,36,1,1
159,1,13,29,1,1
159,2,29,16,1,1
159,3,33,24,1,1
159,4,1,29,1,1
159,5,17,32,1,1
159,6,41,38,1,1
159,7,15,32,1,1
159,8,57,36,1,1
159,9,47,19,1,1
159,10,54,30,1,1
159,11,52,40,1,1
159,12,56,33,1,1
159,13,8,31,1,1
159,14,3,38,1,1
159,15,58,38,1,1
159,16,11,19,1,1
159,17,34,32,1,1
159,18,23,47,1,1
159,19,10,23,1,1
159,20,35,40,1,1
159,21,28,23,1,1
159,22,2,32,1,1
159,23,45,19,1,1
159,24,9,24,1,1
159,25,48,28,1,1
159,26,60,43,1,1
159,27,25,43,1,1
159,28,53,35,1,1
159,29,50,37,1,1
159,30,32,17,1,1
159,31,22,42,1,1
159,32,12,25,1,1
160,1,34,32,1,1
160,2,58,38,1,1
160,3,53,35,1,1
160,4,57,36,1,1
160,5,35,40,1,1
160,6,41,38,1,1
160,7,8,31,1,1
160,8,5,42,1,1
160,9,28,23,1,1
160,10,37,51,1,1
160,11,25,43,1,1
160,12,45,19,1,1
160,13,55,30,1,1
160,14,1,29,1,1
160,15,43,25,1,1
160,16,49,31,1,1
160,17,24,51,1,1
160,18,15,32,1,1
160,19,12,25,1,1
160,20,18,27,1,1
160,21,39,41,1,1
160,22,47,19,1,1
160,23,22,42,1,1
160,24,19,30,1,1
160,25,4,43,1,1
160,26,33,24,1,1
160,27,3,38,1,1
160,28,60,43,1,1
160,29,13,29,1,1
160,30,26,39,1,1
160,31,27,29,1,1
160,32,52,40,1,1
161,1,7,36,1,1
161,2,20,28,1,1
161,3,37,51,1,1
161,4,19,30,1,1
161,5,21,35,1,1
161,6,39,41,1,1
161,7,10,23,1,1
161,8,34,32,1,1
161,9,3,38,1,1
161,10,32,17,1,1
161,11,31,11,1,1
161,12,60,43,1,1
161,13,8,31,1,1
161,14,2,32,1,1
161,15,27,29,1,1
161,16,54,30,1,1
161,17,45,19,1,1
161,18,47,19,1,1
161,19,42,28,1,1
161,20,52,40,1,1
161,21,36,46,1,1
161,22,1,29,1,1
161,23,38,49,1,1
161,24,55,30,1,1
161,25,40,36,1,1
161,26,59,45,1,1
161,27,58,38,1,1
161,28,15,32,1,1
161,29,24,51,1,1
161,30,16,30,1,1
161,31,17,32,1,1
161,32,9,24,1,1
162,1,9,24,1,1
162,2,21,35,1,1
162,3,30,13,1,1
162,4,11,19,1,1
162,5,56,33,1,1
162,6,40,36,1,1
162,7,12,25,1,1
162,8,24,51,1,1
162,9,27,29,1,1
162,10,2,32,1,1
162,11,31,11,1,1
162,12,51,39,1,1
162,13,58,38,1,1
162,14,48,28,1,1
162,15,15,32,1,1
162,16,41,38,1,1
162,17,17,32,1,1
162,18,47,19,1,1
162,19,46,16,1,1
162,20,5,42,1,1
162,21,59,45,1,1
162,22,19,30,1,1
162,23,50,37,1,1
162,24,36,46,1,1
162,25,29,16,1,1
162,26,52,40,1,1
162,27,44,25,1,1
162,28,14,34,1,1
162,29,10,23,1,1
162,30,23,47,1,1
162,31,39,41,1,1
162,32,32,17,1,1
163,1,43,25,1,1
163,2,2,32,1,1
163,3,10,23,1,1
163,4,49,31,1,1
163,5,30,13,1,1
163,6,18,27,1,1
163,7,57,36,1,1
163,8,7,36,1,1
163,9,34,32,1,1
163,10,53,35,1,1
163,11,38,49,1,1
163,12,56,33,1,1
163,13,42,28,1,1
163,14,21,35,1,1
163,15,25,43,1,1
163,16,28,23,1,1
163,17,8,31,1,1
163,18,24,51,1,1
163,19,12,25,1,1
163,20,41,38,1,1
163,21,37,51,1,1
163,22,5,42,1,1
163,23,1,29,1,1
163,24,40,36,1,1
163,25,39,41,1,1
163,26,20,28,1,1
163,27,31,11,1,1
163,28,13,29,1,1
163,29,16,30,1,1
163,30,4,43,1,1
163,31,27,29,1,1
163,32,47,19,1,1
164,1,50,37,1,1
164,2,54,30,1,1
164,3,59,45,1,1
164,4,24,51,1,1
164,5,46,16,1,1
164,6,40,36,1,1
164,7,8,31,1,1
164,8,35,40,1,1
164,9,42,28,1,1
164,10,16,30,1,1
164,11,12,25,1,1
164,12,26,39,1,1
164,13,21,35,1,1
164,14,28,23,1,1
164,15,53,35,1,1
164,16,39,41,1,1
164,17,60,43,1,1
164,18,1,29,1,1
164,19,48,28,1,1
164,20,45,19,1,1
164,21,10,23,1,1
164,22,56,33,1,1
164,23,6,34,1,1
164,24,33,24,1,1
164,25,14,34,1,1
164,26,57,36,1,1
164,27,13,29,1,1
164,28,30,13,1,1
164,29,43,25,1,1
164,30,51,39,1,1
164,31,17,32,1,1
164,32,32,17,1,1
165,1,22,42,1,1
165,2,48,28,1,1
165,3,6,34,1,1
165,4,24,51,1,1
165,5,4,43,1,1
165,6,14,34,1,1
165,7,47,19,1,1
165,8,35,40,1,1
165,9,27,29,1,1
165,10,16,30,1,1
165,11,9,24,1,1
165,12,3,38,1,1
165,13,50,37,1,1
165,14,17,32,1,1
165,15,32,17,1,1
165,16,21,35,1,1
165,17,31,11,1,1
165,18,10,23,1,1
165,19,58,38,1,1
165,20,26,39,1,1
165,21,1,29,1,1
165,22,20,28,1,1
165,23,12,25,1,1
165,24,33,24,1,1
165,25,45,19,1,1
165,26,59,45,1,1
165,27,29,16,1,1
165,28,36,46,1,1
165,29,37,51,1,1
165,30,39,41,1,1
165,31,41,38,1,1
165,32,52,40,1,1
166,1,3,38,1,1
166,2,46,16,1,1
166,3,41,38,1,1
166,4,57,36,1,1
166,5,10,23,1,1
166,6,6,34,1,1
166,7,58,38,1,1
166,8,14,34,1,1
166,9,53,35,1,1
166,10,56,33,1,1
166,11,34,32,1,1
166,12,49,31,1,1
166,13,5,42,1,1
166,14,9,24,1,1
166,15,16,30,1,1
166,16,30,13,1,1
166,17,31,11,1,1
166,18,43,25,1,1
166,19,35,40,1,1
166,20,25,43,1,1
166,21,45,19,1,1
166,22,24,51,1,1
166,23,20,28,1,1
166,24,18,27,1,1
166,25,21,35,1,1
166,26,44,25,1,1
166,27,47,19,1,1
166,28,26,39,1,1
166,29,12,25,1,1
166,30,42,28,1,1
166,31,28,23,1,1
166,32,13,29,1,1
167,1,38,49,1,1
167,2,24,51,1,1
167,3,32,17,1,1
167,4,53,35,1,1
167,5,18,27,1,1
167,6,28,23,1,1
167,7,47,19,1,1
167,8,48,28,1,1
167,9,54,30,1,1
167,10,44,25,1,1
167,11,9,24,1,1
167,12,15,32,1,1
167,13,35,40,1,1
167,14,55,30,1,1
167,15,25,43,1,1
167,16,5,42,1,1
167,17,56,33,1,1
167,18,27,29,1,1
167,19,37,51,1,1
167,20,8,31,1,1
167,21,46,16,1,1
167,22,41,38,1,1
167,23,20,28,1,1
167,24,29,16,1,1
167,25,45,19,1,1
167,26,34,32,1,1
167,27,4,43,1,1
167,28,10,23,1,1
167,29,59,45,1,1
167,30,14,34,1,1
167,31,7,36,1,1
167,32,33,24,1,1
168,1,28,23,1,1
168,2,24,51,1,1
168,3,58,38,1,1
168,4,6,34,1,1
168,5,8,31,1,1
168,6,21,35,1,1
168,7,44,25,1,1
168,8,40,36,1,1
168,9,30,13,1,1
168,10,4,43,1,1
168,11,46,16,1,1
168,12,59,45,1,1
168,13,25,43,1,1
168,14,48,28,1,1
168,15,39,41,1,1
168,16,36,46,1,1
168,17,27,29,1,1
168,18,29,16,1,1
168,19,42,28,1,1
168,20,52,40,1,1
168,21,50,37,1,1
168,22,45,19,1,1
168,23,41,38,1,1
168,24,51,39,1,1
168,25,17,32,1,1
168,26,55,30,1,1
168,27,43,25,1,1
168,28,16,30,1,1
168,29,11,19,1,1
168,30,5,42,1,1
168,31,13,29,1,1
168,32,57,36,1,1
169,1,32,17,1,1
169,2,49,31,1,1
169,3,28,23,1,1
169,4,53,35,1,1
169,5,17,32,1,1
169,6,40,36,1,1
169,7,13,29,1,1
169,8,44,25,1,1
169,9,3,38,1,1
169,10,2,32,1,1
169,11,11,19,1,1
169,12,48,28,1,1
169,13,38,49,1,1
169,14,12,25,1,1
169,15,58,38,1,1
169,16,20,28,1,1
169,17,31,11,1,1
169,18,4,43,1,1
169,19,41,38,1,1
169,20,47,19,1,1
169,21,26,39,1,1
169,22,24,51,1,1
169,23,60,43,1,1
169,24,27,29,1,1
169,25,14,34,1,1
169,26,5,42,1,1
169,27,25,43,1,1
169,28,57,36,1,1
169,29,52,40,1,1
169,30,15,32,1,1
169,31,59,45,1,1
169,32,21,35,1,1
170,1,56,33,1,1
170,2,60,43,1,1
170,3,59,45,1,1
170,4,35,40,1,1
170,5,58,38,1,1
170,6,47,19,1,1
170,7,34,32,1,1
170,8,29,16,1,1
170,9,26,39,1,1
170,10,21,35,1,1
170,11,50,37,1,1
170,12,28,23,1,1
170,13,57,36,1,1
170,14,7,36,1,1
170,15,16,30,1,1
170,16,25,43,1,1
170,17,1,29,1,1
170,18,17,32,1,1
170,19,15,32,1,1
170,20,11,19,1,1
170,21,36,46,1,1
170,22,22,42,1,1
170,23,39,41,1,1
170,24,52,40,1,1
170,25,8,31,1,1
170,26,30,13,1,1
170,27,4,43,1,1
170,28,6,34,1,1
170,29,13,29,1,1
170,30,42,28,1,1
170,31,33,24,1,1
170,32,54,30,1,1
171,1,6,34,1,1
171,2,53,35,1,1
171,3,49,31,1,1
171,4,15,32,1,1
171,5,32,17,1,1
171,6,22,42,1,1
171,7,35,40,1,1
171,8,18,27,1,1
171,9,11,19,1,1
171,10,57,36,1,1
171,11,58,38,1,1
171,12,21,35,1,1
171,13,40,36,1,1
171,14,46,16,1,1
171,15,55,30,1,1
171,16,20,28,1,1
171,17,31,11,1,1
171,18,24,51,1,1
171,19,23,47,1,1
171,20,2,32,1,1
171,21,44,25,1,1
171,22,51,39,1,1
171,23,12,25,1,1
171,24,43,25,1,1
171,25,16,30,1,1
171,26,33,24,1,1
171,27,45,19,1,1
171,28,37,51,1,1
171,29,52,40,1,1
171,30,28,23,1,1
171,31,3,38,1,1
171,32,30,13,1,1
172,1,3,38,1,1
172,2,14,34,1,1
172,3,13,29,1,1
172,4,12,25,1,1
172,5,39,41,1,1
172,6,20,28,1,1
172,7,29,16,1,1
172,8,51,39,1,1
172,9,30,13,1,1
172,10,7,36,1,1
172,11,26,39,1,1
172,12,22,42,1,1
172,13,1,29,1,1
172,14,6,34,1,1
172,15,55,30,1,1
172,16,37,51,1,1
172,17,16,30,1,1
172,18,36,46,1,1
172,19,41,38,1,1
172,20,23,47,1,1
172,21,53,35,1,1
172,22,28,23,1,1
172,23,27,29,1,1
172,24,59,45,1,1
172,25,24,51,1,1
172,26,45,19,1,1
172,27,17,32,1,1
172,28,35,40,1,1
172,29,4,43,1,1
172,30,58,38,1,1
172,31,5,42,1,1
172,32,44,25,1,1
173,1,49,31,1,1
173,2,11,19,1,1
173,3,22,42,1,1
173,4,52,40,1,1
173,5,56,33,1,1
173,6,2,32,1,1
173,7,47,19,1,1
173,8,5,42,1,1
173,9,51,39,1,1
173,10,31,11,1,1
173,11,43,25,1,1
173,12,24,51,1,1
173,13,33,24,1,1
173,14,35,40,1,1
173,15,57,36,1,1
173,16,23,47,1,1
173,17,36,46,1,1
173,18,44,25,1,1
173,19,40,36,1,1
173,20,26,39,1,1
173,21,16,30,1,1
173,22,27,29,1,1
173,23,53,35,1,1
173,24,60,43,1,1
173,25,29,16,1,1
173,26,55,30,1,1
173,27,46,16,1,1
173,28,48,28,1,1
173,29,18,27,1,1
173,30,14,34,1,1
173,31,45,19,1,1
173,32,42,28,1,1
174,1,17,32,1,1
174,2,23,47,1,1
174,3,38,49,1,1
174,4,57,36,1,1
174,5,55,30,1,1
174,6,33,24,1,1
174,7,45,19,1,1
174,8,41,38,1,1
174,9,58,38,1,1
174,10,24,51,1,1
174,11,60,43,1,1
174,12,34,32,1,1
174,13,54,30,1,1
174,14,15,32,1,1
174,15,51,39,1,1
174,16,52,40,1,1
174,17,30,13,1,1
174,18,8,31,1,1
174,19,9,24,1,1
174,20,56,33,1,1
174,21,5,42,1,1
174,22,21,35,1,1
174,23,18,27,1,1
174,24,39,41,1,1
174,25,11,19,1,1
174,26,50,37,1,1
174,27,25,43,1,1
174,28,20,28,1,1
174,29,35,40,1,1
174,30,48,28,1,1
174,31,31,11,1,1
174,32,26,39,1,1
175,1,29,16,1,1
175,2,21,35,1,1
175,3,7,36,1,1
175,4,23,47,1,1
175,5,6,34,1,1
175,6,45,19,1,1
175,7,5,42,1,1
175,8,8,31,1,1
175,9,28,23,1,1
175,10,43,25,1,1
175,11,19,30,1,1
175,12,47,19,1,1
175,13,52,40,1,1
175,14,13,29,1,1
175,15,53,35,1,1
175,16,31,11,1,1
175,17,22,42,1,1
175,18,33,24,1,1
175,19,11,19,1,1
175,20,57,36,1,1
175,21,37,51,1,1
175,22,32,17,1,1
175,23,48,28,1,1
175,24,39,41,1,1
175,25,44,25,1,1
175,26,17,32,1,1
175,27,12,25,1,1
175,28,55,30,1,1
175,29,9,24,1,1
175,30,1,29,1,1
175,31,40,36,1,1
175,32,16,30,1,1
176,1,8,31,1,1
176,2,25,43,1,1
176,3,53,35,1,1
176,4,20,28,1,1
176,5,17,32,1,1
176,6,32,17,1,1
176,7,45,19,1,1
176,8,38,49,1,1
176,9,59,45,1,1
176,10,43,25,1,1
176,11,13,29,1,1
176,12,60,43,1,1
176,13,16,30,1,1
176,14,21,35,1,1
176,15,48,28,1,1
176,16,50,37,1,1
176,17,12,25,1,1
176,18,47,19,1,1
176,19,24,51,1,1
176,20,28,23,1,1
176,21,10,23,1,1
176,22,57,36,1,1
176,23,22,42,1,1
176,24,37,51,1,1
176,25,34,32,1,1
176,26,46,16,1,1
176,27,19,30,1,1
176,28,14,34,1,1
176,29,2,32,1,1
176,30,5,42,1,1
176,31,41,38,1,1
176,32,11,19,1,1
177,1,45,19,1,1
177,2,38,49,1,1
177,3,2,32,1,1
177,4,40,36,1,1
177,5,31,11,1,1
177,6,18,27,1,1
177,7,4,43,1,1
177,8,33,24,1,1
177,9,60,43,1,1
177,10,13,29,1,1
177,11,51,39,1,1
177,12,57,36,1,1
177,13,56,33,1,1
177,14,39,41,1,1
177,15,25,43,1,1
177,16,54,30,1,1
177,17,22,42,1,1
177,18,50,37,1,1
177,19,44,25,1,1
177,20,17,32,1,1
177,21,47,19,1,1
177,22,7,36,1,1
177,23,29,16,1,1
177,24,24,51,1,1
177,25,58,38,1,1
177,26,6,34,1,1
177,27,20,28,1,1
177,28,34,32,1,1
177,29,19,30,1,1
177,30,16,30,1,1
177,31,35,40,1,1
177,32,21,35,1,1
178,1,4,43,1,1
178,2,39,41,1,1
178,3,50,37,1,1
178,4,56,33,1,1
178,5,16,30,1,1
178,6,19,30,1,1
178,7,21,35,1,1
178,8,32,17,1,1
178,9,18,27,1,1
178,10,44,25,1,1
178,11,29,16,1,1
178,12,51,39,1,1
178,13,9,24,1,1
178,14,11,19,1,1
178,15,54,30,1,1
178,16,31,11,1,1
178,17,2,32,1,1
178,18,60,43,1,1
178,19,5,42,1,1
178,20,41,38,1,1
178,21,34,32,1,1
178,22,15,32,1,1
178,23,53,35,1,1
178,24,58,38,1,1
178,25,52,40,1,1
178,26,6,34,1,1
178,27,20,28,1,1
178,28,43,25,1,1
178,29,35,40,1,1
178,30,24,51,1,1
178,31,47,19,1,1
178,32,45,19,1,1
179,1,18,27,1,1
179,2,39,41,1,1
179,3,33,24,1,1
179,4,13,29,1,1
179,5,19,30,1,1
179,6,53,35,1,1
179,7,55,30,1,1
179,8,47,19,1,1
179,9,11,19,1,1
179,10,45,19,1,1
179,11,34,32,1,1
179,12,48,28,1,1
179,13,10,23,1,1
179,14,40,36,1,1
179,15,59,45,1,1
179,16,21,35,1,1
179,17,3,38,1,1
179,18,43,25,1,1
179,19,7,36,1,1
179,20,50,37,1,1
179,21,16,30,1,1
179,22,9,24,1,1
179,23,37,51,1,1
179,24,31,11,1,1
179,25,42,28,1,1
179,26,46,16,1,1
179,27,17,32,1,1
179,28,57,36,1,1
179,29,6,34,1,1
179,30,36,46,1,1
179,31,56,33,1,1
179,32,35,40,1,1
180,1,48,28,1,1
180,2,20,28,1,1
180,3,23,47,1,1
180,4,49,31,1,1
180,5,12,25,1,1
180,6,47,19,1,1
180,7,60,43,1,1
180,8,38,49,1,1
180,9,40,36,1,1
180,10,43,25,1,1
180,11,25,43,1,1
180,12,9,24,1,1
180,13,6,34,1,1
180,14,52,40,1,1
180,15,3,38,1,1
180,16,8,31,1,1
180,17,37,51,1,1
180,18,30,13,1,1
180,19,27,29,1,1
180,20,28,23,1,1
180,21,39,41,1,1
180,22,50,37,1,1
180,23,15,32,1,1
180,24,29,16,1,1
180,25,1,29,1,1
180,26,34,32,1,1
180,27,18,27,1,1
180,28,5,42,1,1
180,29,45,19,1,1
180,30,53,35,1,1
180,31,16,30,1,1
180,32,59,45,1,1
181,1,48,28,1,1
181,2,15,32,1,1
181,3,37,51,1,1
181,4,3,38,1,1
181,5,21,35,1,1
181,6,10,23,1,1
181,7,5,42,1,1
181,8,2,32,1,1
181,9,26,39,1,1
181,10,30,13,1,1
181,11,11,19,1,1
181,12,51,39,1,1
181,13,9,24,1,1
181,14,43,25,1,1
181,15,32,17,1,1
181,16,8,31,1,1
181,17,54,30,1,1
181,18,1,29,1,1
181,19,18,27,1,1
181,20,17,32,1,1
181,21,29,16,1,1
181,22,52,40,1,1
181,23,60,43,1,1
181,24,50,37,1,1
181,25,41,38,1,1
181,26,23,47,1,1
181,27,20,28,1,1
181,28,13,29,1,1
181,29,47,19,1,1
181,30,38,49,1,1
181,31,57,36,1,1
181,32,45,19,1,1
182,1,7,36,1,1
182,2,21,35,1,1
182,3,45,19,1,1
182,4,12,25,1,1
182,5,54,30,1,1
182,6,9,24,1,1
182,7,34,32,1,1
182,8,8,31,1,1
182,9,44,25,1,1
182,10,56,33,1,1
182,11,57,36,1,1
182,12,35,40,1,1
182,13,51,39,1,1
182,14,33,24,1,1
182,15,46,16,1,1
182,16,36,46,1,1
182,17,13,29,1,1
182,18,3,38,1,1
182,19,29,16,1,1
182,20,11,19,1,1
182,21,53,35,1,1
182,22,27,29,1,1
182,23,5,42,1,1
182,24,48,28,1,1
182,25,16,30,1,1
182,26,38,49,1,1
182,27,6,34,1,1
182,28,50,37,1,1
182,29,59,45,1,1
182,30,39,41,1,1
182,31,4,43,1,1
182,32,17,32,1,1
183,1,22,42,1,1
183,2,14,34,1,1
183,3,39,41,1,1
183,4,58,38,1,1
183,5,40,36,1,1
183,6,41,38,1,1
183,7,8,31,1,1
183,8,30,13,1,1
183,9,57,36,1,1
183,10,21,35,1,1
183,11,60,43,1,1
183,12,17,32,1,1
183,13,53,35,1,1
183,14,37,51,1,1
183,15,19,30,1,1
183,16,44,25,1,1
183,17,9,24,1,1
183,18,50,37,1,1
183,19,2,32,1,1
183,20,26,39,1,1
183,21,18,27,1,1
183,22,56,33,1,1
183,23,35,40,1,1
183,24,13,29,1,1
183,25,47,19,1,1
183,26,51,39,1,1
183,27,5,42,1,1
183,28,52,40,1,1
183,29,45,19,1,1
183,30,6,34,1,1
183,31,59,45,1,1
183,32,46,16,1,1
184,1,53,35,1,1
184,2,37,51,1,1
184,3,34,32,1,1
184,4,44,25,1,1
184,5,29,16,1,1
184,6,54,30,1,1
184,7,38,49,1,1
184,8,12,25,1,1
184,9,21,35,1,1
184,10,22,42,1,1
184,11,6,34,1,1
184,12,31,11,1,1
184,13,16,30,1,1
184,14,14,34,1,1
184,15,3,38,1,1
184,16,9,24,1,1
184,17,42,28,1,1
184,18,59,45,1,1
184,19,27,29,1,1
184,20,46,16,1,1
184,21,56,33,1,1
184,22,55,30,1,1
184,23,47,19,1,1
184,24,20,28,1,1
184,25,39,41,1,1
184,26,24,51,1,1
184,27,5,42,1,1
184,28,43,25,1,1
184,29,36,46,1,1
184,30,19,30,1,1
184,31,8,31,1,1
184,32,15,32,1,1
185,1,16,30,1,1
185,2,25,43,1,1
185,3,49,31,1,1
185,4,21,35,1,1
185,5,53,35,1,1
185,6,23,47,1,1
185,7,58,38,1,1
185,8,54,30,1,1
185,9,55,30,1,1
185,10,38,49,1,1
185,11,39,41,1,1
185,12,45,19,1,1
185,13,36,46,1,1
185,14,8,31,1,1
185,15,51,39,1,1
185,16,20,28,1,1
185,17,4,43,1,1
185,18,50,37,1,1
185,19,10,23,1,1
185,20,11,19,1,1
185,21,30,13,1,1
185,22,29,16,1,1
185,23,22,42,1,1
185,24,3,38,1,1
185,25,28,23,1,1
185,26,19,30,1,1
185,27,42,28,1,1
185,28,24,51,1,1
185,29,44,25,1,1
185,30,2,32,1,1
185,31,14,34,1,1
185,32,18,27,1,1
186,1,33,24,1,1
186,2,5,42,1,1
186,3,24,51,1,1
186,4,38,49,1,1
186,5,8,31,1,1
186,6,15,32,1,1
186,7,34,32,1,1
186,8,48,28,1,1
186,9,10,23,1,1
186,10,21,35,1,1
186,11,19,30,1,1
186,12,32,17,1,1
186,13,37,51,1,1
186,14,17,32,1,1
186,15,52,40,1,1
186,16,53,35,1,1
186,17,31,11,1,1
186,18,1,29,1,1
186,19,45,19,1,1
186,20,50,37,1,1
186,21,26,39,1,1
186,22,11,19,1,1
186,23,23,47,1,1
186,24,55,30,1,1
186,25,46,16,1,1
186,26,6,34,1,1
186,27,25,43,1,1
186,28,60,43,1,1
186,29,14,34,1,1
186,30,4,43,1,1
186,31,51,39,1,1
186,32,7,36,1,1
187,1,35,40,1,1
187,2,22,42,1,1
187,3,11,19,1,1
187,4,27,29,1,1
187,5,14,34,1,1
187,6,30,13,1,1
187,7,23,47,1,1
187,8,4,43,1,1
187,9,33,24,1,1
187,10,39,41,1,1
187,11,10,23,1,1
187,12,24,51,1,1
187,13,36,46,1,1
187,14,46,16,1,1
187,15,6,34,1,1
187,16,45,19,1,1
187,17,20,28,1,1
187,18,58,38,1,1
187,19,37,51,1,1
187,20,12,25,1,1
187,21,57,36,1,1
187,22,28,23,1,1
187,23,47,19,1,1
187,24,60,43,1,1
187,25,32,17,1,1
187,26,1,29,1,1
187,27,25,43,1,1
187,28,48,28,1,1
187,29,40,36,1,1
187,30,2,32,1,1
187,31,44,25,1,1
187,32,55,30,1,1
188,1,49,31,1,1
188,2,37,51,1,1
188,3,41,38,1,1
188,4,12,25,1,1
188,5,33,24,1,1
188,6,39,41,1,1
188,7,19,30,1,1
188,8,29,16,1,1
188,9,60,43,1,1
188,10,46,16,1,1
188,11,16,30,1,1
188,12,11,19,1,1
188,13,36,46,1,1
188,14,3,38,1,1
188,15,58,38,1,1
188,16,59,45,1,1
188,17,24,51,1,1
188,18,8,31,1,1
188,19,44,25,1,1
188,20,42,28,1,1
188,21,47,19,1,1
188,22,32,17,1,1
188,23,28,23,1,1
188,24,34,32,1,1
188,25,10,23,1,1
188,26,54,30,1,1
188,27,9,24,1,1
188,28,14,34,1,1
188,29,23,47,1,1
188,30,38,49,1,1
188,31,15,32,1,1
188,32,43,25,1,1
189,1,34,32,1,1
189,2,27,29,1,1
189,3,10,23,1,1
189,4,15,32,1,1
189,5,42,28,1,1
189,6,13,29,1,1
189,7,11,19,1,1
189,8,28,23,1,1
189,9,53,35,1,1
189,10,2,32,1,1
189,11,56,33,1,1
189,12,59,45,1,1
189,13,5,42,1,1
189,14,20,28,1,1
189,15,45,19,1,1
189,16,33,24,1,1
189,17,29,16,1,1
189,18,54,30,1,1
189,19,21,35,1,1
189,20,30,13,1,1
189,21,37,51,1,1
189,22,8,31,1,1
189,23,31,11,1,1
189,24,26,39,1,1
189,25,16,30,1,1
189,26,39,41,1,1
189,27,18,27,1,1
189,28,52,40,1,1
189,29,41,38,1,1
189,30,6,34,1,1
189,31,40,36,1,1
189,32,14,34,1,1
190,1,8,31,1,1
190,2,60,43,1,1
190,3,36,46,1,1
190,4,1,29,1,1
190,5,46,16,1,1
190,6,38,49,1,1
190,7,52,40,1,1
190,8,41,38,1,1
190,9,11,19,1,1
190,10,57,36,1,1
190,11,13,29,1,1
190,12,6,34,1,1
190,13,12,25,1,1
190,14,10,23,1,1
190,15,5,42,1,1
190,16,44,25,1,1
190,17,18,27,1,1
190,18,19,30,1,1
190,19,43,25,1,1
190,20,45,19,1,1
190,21,39,41,1,1
190,22,54,30,1,1
190,23,56,33,1,1
190,24,16,30,1,1
190,25,32,17,1,1
190,26,34,32,1,1
190,27,40,36,1,1
190,28,33,24,1,1
190,29,28,23,1,1
190,30,47,19,1,1
190,31,3,38,1,1
190,32,21,35,1,1
