"","site","da1","da2","da3"
"1",1,15.7374395992451,17.2983075965275,11.531558671661
"2",2,17.7592303961263,19.8890042231831,14.0831599654426
"3",3,21.3303545454506,22.7440911790563,17.52799713636
"4",4,19.8475682119841,21.2094183860734,15.6777682417115
"5",5,23.9329243177699,24.7401351790988,19.8329766812668
"6",6,24.4694508534276,26.4353569741321,20.1773179705959
"7",7,21.0342445335623,22.1505503417672,16.9592555192411
"8",8,27.523102401875,28.3728493028322,23.5308610864411
"9",9,28.3999691388434,29.6382712309815,24.5436738089638
"10",10,29.718886448257,30.3230767491165,26.1594393347544
"11",11,25.0572809572209,25.5054683238393,21.2972959694945
"12",12,19.9017830359895,20.2567655514366,16.3236003517178
"13",13,23.505575213603,23.3942915888081,20.5239287300703
"14",14,19.1587442458989,18.5843323206149,16.3473980163665
"15",15,15.1423620747496,16.096664933395,11.727213590084
"16",16,15.3444007706797,16.0447513157246,13.2952994173269
"17",17,14.9581332439283,17.3765892495904,12.2212798863795
"18",18,10.7391942792827,12.4225309812802,9.67700987224887
"19",19,16.6699066332063,19.703029816916,15.0040647464869
"20",20,13.1849759379229,16.5325248867997,12.9612342280466
"21",21,17.565106529795,21.2288306990032,16.7751562747062
"22",22,16.2826145277247,20.2320488206111,14.5719025476134
"23",23,12.7625560136705,15.8771590100527,9.56605818205278
"24",24,9.52310699815,12.8868938575561,8.84291529867791
"25",25,6.07840464912942,9.18725308502795,4.60357446955934
"26",26,10.9082482110844,12.4024562021778,7.61372641339044
"27",27,11.6025108549783,11.9453854206107,10.0678972644009
"28",28,14.2631521407266,13.3662867529177,12.3014212693045
"29",29,19.8378011837918,19.3509470278259,18.281815754511
"30",30,17.8452667272731,15.845807267916,17.3026765555866
"31",31,22.2447702555815,20.5348778267794,21.9237206015528
"32",32,25.4212057260742,24.4382871224559,24.5948794343
"33",33,24.4866710705837,23.4532691435159,24.5004158169934
"34",34,19.5210417674225,17.8590893082432,20.1872666566538
"35",35,14.7906291401722,14.5382905713095,13.9848027984186
"36",36,12.8785219301285,10.8564935095605,12.6076508231673
"37",37,8.1855452250802,8.44534518995826,7.73990309885026
"38",38,4.24863724689208,3.91112437119286,5.14535714831084
"39",39,6.81047117798798,4.72868231311508,10.1301454317985
"40",40,0,4.45398138085054,4.31876281455404
"41",41,4.73900299439276,7.23749017452844,4.80086905412121
"42",42,11.2970289524028,11.9839911330919,14.1385462331241
"43",43,10.4475014285329,13.7049710621722,11.2734032181704
"44",44,15.6907585372048,17.5727122234377,17.7117495891909
"45",45,17.9356959888623,20.5841924428871,18.6738475235391
"46",46,12.4082592639845,14.170905625882,12.7599052695247
"47",47,19.5991344685885,21.8706307678843,18.4203642785341
"48",48,16.1441802797779,17.1371499887183,15.0911444097647
"49",49,19.2699647874694,21.8236351858476,17.1754829995563
"50",50,20.1198336579303,20.7808501744259,18.2403579613634
"51",51,23.9067724589299,25.0225919347427,21.1542264479759
"52",52,20.5674193396465,22.7423696818428,17.5439716991763
"53",53,24.5057138644063,26.1913536931648,20.6092928163881
"54",54,24.6587489275682,27.3852259395415,20.9401927073339
"55",55,18.3087235624247,21.2377275561376,14.8600901775682
"56",56,22.0951426440287,25.4746236680861,18.7192571703635
"57",57,27.442475727672,30.2829248480868,24.0062031651383
"58",58,26.9903122211377,29.4925102450147,24.3164882721381
"59",59,26.1038902336383,28.2220724201688,22.6078718008158
"60",60,31.0685156774997,32.9101491487018,28.0916095614883
"61",61,28.4075817125122,29.7680339426257,25.2608549588463
"62",62,24.9663303731385,26.9800987312295,22.1030614389967
"63",63,25.1014521324769,25.8280423481001,23.1610575836136
"64",64,22.3322546555722,24.504711755797,20.3145465936634
"65",65,22.2130421996828,22.9451143634219,21.234408331798
"66",66,20.5605764900162,22.1859779563769,20.3945307039795
"67",67,16.0538867513166,16.8159425458129,16.5367437427156
"68",68,21.094607534501,21.0847924781568,21.9595668357152
"69",69,20.9422907195327,19.9271744754655,22.5435981373182
"70",70,13.7485523879749,14.1230062464131,15.4072349339092
"71",71,16.119626847084,14.3259291664055,18.3792018984706
"72",72,10.5305187657936,9.16318816732451,13.8308527161235
"73",73,13.7179440440507,9.82068051671687,16.6023308627653
"74",74,16.0009923275831,12.7294231557712,19.2723054920091
"75",75,16.3002411477901,12.6373689503879,19.8172268670625
"76",76,7.25315268622002,5.24957964789485,11.3248952547303
"77",77,11.9859804397736,9.95779638674444,15.9310587129026
"78",78,8.69677293343219,8.73950700578022,12.9465603224823
"79",79,12.3901017526151,12.0886286084544,16.2976029290944
"80",80,11.9272977797018,9.86334634115168,15.3211783651432
"81",81,5.49908540736737,4.84767002654105,8.63716495658413
"82",82,12.8408885564914,9.01116829896351,15.7454330764608
"83",83,12.836168093803,8.65160986607269,15.8666785905261
"84",84,4.45398138085054,0,7.26432434952502
"85",85,10.9517381882438,7.33795906379552,12.4577526975357
"86",86,8.81985609028351,8.47038023295495,10.6292328456984
"87",87,15.0705699619724,12.7378635157217,16.1769523914347
"88",88,13.4279526232798,13.4688994787387,13.8380001292286
"89",89,21.8851525811698,20.7945553745938,22.6838839589344
"90",90,19.6653271618682,19.7144629407795,19.0954241028006
"91",91,22.9490423292916,23.5326410039853,22.9850309873577
"92",92,26.2357591476792,26.5687080640719,25.8383856614889
"93",93,26.5982402186786,26.165398388541,26.0676157955237
"94",94,23.2436018176116,23.2383203072873,21.8117432501908
"95",95,29.03728065481,29.2425676460791,27.2907632513947
"96",96,26.0456275357056,25.3714977691956,24.3650947888081
"97",97,28.5605965287975,28.8907089302197,26.0675296261755
"98",98,30.6416478075549,30.9859932357529,27.7223974954902
"99",99,24.5547970851311,25.3882977503317,21.3181104282521
"100",100,23.8844845795574,24.1941832105961,21.5467745380416
"101",101,24.9224625110275,24.3464306622099,22.5012604322695
"102",102,23.1954987998215,21.888562410174,21.634076206451
"103",103,19.233634384661,17.7253373632377,17.2650689758028
"104",104,23.7955336160202,21.4835631790294,22.3640668830832
"105",105,19.3518457461126,16.4198235683756,19.0780418543459
"106",106,19.5411240554482,16.2679078772927,18.9955482552362
"107",107,27.6778623172451,24.2432188902401,26.9881146250399
"108",108,25.6127622429209,22.1116535174444,24.9964846953016
"109",109,21.0861375663798,17.2295728167213,21.1682776867887
"110",110,21.1202963230033,18.2554593397176,19.8542597670616
"111",111,25.8115489366351,22.8143954208383,24.6999395525163
"112",112,24.3132355060257,21.7285863583587,23.1526678261791
"113",113,26.5878021613571,24.4285556585162,24.7388347060294
"114",114,23.8062162708088,21.4406877888366,21.9399868930346
"115",115,25.4212498501249,24.4250588626127,22.349429403481
"116",116,19.404013260296,17.7249460208481,17.0065360105289
"117",117,20.670030979397,20.404335662746,17.1548524548063
"118",118,15.1048083186725,15.0002371221904,11.7047066000984
"119",119,16.4149827981782,16.990318661352,12.6626102710915
"120",120,12.6202219799851,14.4620071513929,8.41251826816708
"121",121,16.6469196414278,18.9408827476086,12.8722938325336
"122",122,11.852972544467,14.7594693377727,7.68040325657927
"123",123,15.7692371147561,19.1766343000635,12.3359845875045
"124",124,19.2911349776849,22.1144595015135,15.2138887555592
"125",125,22.0675781946174,25.3036276728727,18.5549498055877
"126",126,19.9350009921675,22.2887247982619,16.8544264748439
"127",127,21.7844593012184,24.6165017079343,19.1488253351031
"128",128,21.7650875808724,25.2423233759963,18.7927902903736
"129",129,18.8724837463265,22.7917353121875,16.0429209876608
"130",130,21.3717424201513,24.7577995653153,17.6061763217761
"131",131,15.1916122326089,19.0342881322634,11.8742455047607
"132",132,18.6679110897732,21.6192907847925,14.5441482863092
"133",133,23.2548355593824,26.3694845605635,19.4471350547255
"134",134,24.139286939124,26.50303326691,20.0483620270931
"135",135,18.4085440265132,19.9228757816094,14.4502070226061
"136",136,20.1693024589332,22.2944336958724,15.8523825333364
"137",137,20.7098576878579,21.4814805599532,16.6899772270344
"138",138,18.7131344011863,19.3206609127604,14.934874570702
"139",139,24.6370945163415,24.4856686064735,20.9775859901165
"140",140,19.1248345774172,18.6622691773251,16.0491667397662
"141",141,22.4282730353992,21.2711024114718,19.8743805041005
"142",142,19.851107694125,17.4942208985407,18.3110267648669
"143",143,20.1730391152763,18.709255888477,18.5298528140046
"144",144,24.0569975369818,21.6782580817552,23.2741673750104
"145",145,21.2378844730341,18.0312009481443,21.6343772501276
"146",146,25.1377983579916,22.5965186489207,24.9047144565696
"147",147,23.3926618045736,21.5594452251993,22.4627290403187
"148",148,16.715961487011,14.5277505766117,16.4774024012657
"149",149,20.3687108017278,17.4292446550597,21.2298332936184
"150",150,23.3596195216621,21.6406506293888,23.1983454802365
"151",151,19.4970171142847,18.4890110117842,18.8005364198331
"152",152,14.6473916685752,14.1174312325263,14.4396052256727
"153",153,20.8064638343938,19.5929757146503,21.5501690099701
"154",154,19.6487942507501,17.8737224555594,21.5192734784615
"155",155,14.5647083877669,13.6696083271067,16.1203464947237
"156",156,15.3069560998,12.8721202011145,16.0847481847188
"157",157,14.1278989905712,10.5418080751872,16.3532700968151
"158",158,18.4837412675344,14.4100517195888,20.1739696542908
"159",159,14.6525457042829,10.3016636371087,16.7408390406657
"160",160,11.4024959860433,8.30893634763467,12.9132510371049
"161",161,15.4483405182621,12.5336544685902,14.8206434527424
"162",162,15.8575579859503,14.1690231400836,15.110305457403
"163",163,16.1629444512091,14.7436137390069,13.9882704160054
"164",164,17.2473694266659,16.9386071654101,14.7244007265186
"165",165,21.9770538898892,21.8618545297418,18.9583741881297
"166",166,22.6107732504219,21.8035936141223,20.9845660521718
"167",167,25.091090789448,24.9810052109418,22.5332977924771
"168",168,21.3318182987143,22.2433960437975,18.75524411345
"169",169,23.1029686388863,24.2612020663462,19.8508394075332
"170",170,22.5632570874204,23.2047605955079,19.0424963704517
"171",171,14.3613958270785,15.2990940709853,11.4659501935878
"172",172,11.3068761270834,12.319250015686,7.79308767237914
"173",173,13.0467360580334,15.8525745463557,9.67296656741716
"174",174,9.78886692459661,13.2826769897511,7.46384779312506
"175",175,11.1643594005254,14.6847619073484,7.44154158650434
"176",176,11.6366065256754,13.8129224081684,7.33720491566712
"177",177,4.31876281455404,7.26432434952502,0
"178",178,6.92100313940679,7.98524486545181,5.24812207618407
"179",179,10.881075698221,11.6733950865607,7.38259304315336
"180",180,14.0083659865658,13.7437023842883,11.0835594266745
"181",181,14.4421822126667,13.0567687289233,12.0355959049333
"182",182,19.0080114006935,17.6516767072451,16.4638096921854
"183",183,19.5874953083434,17.513504163986,17.5098793790038
"184",184,25.9819096329204,23.7568780907393,23.847456028898
"185",185,24.9696651872015,23.0897032955279,22.725855358052
"186",186,23.3159646422253,20.5250229419788,21.9623505597606
"187",187,15.3895370601611,13.3029606767284,13.9750466890261
"188",188,19.3342991406249,16.3803991228944,18.2059860057539
"189",189,13.1308034621245,10.9101561461169,11.6520281023502
"190",190,9.162646149033,6.85869031506819,8.70920172021043
"191",191,8.58990577899059,9.24560982936118,5.21254502560802
"192",192,5.71431096124468,3.96568485862898,6.51238183174551
"193",193,9.15059562482215,8.41648511638284,10.0534461846105
"194",194,11.2086378665786,12.0489375223863,9.77535061326421
"195",195,14.7454658825143,15.3123200260508,15.0368457263128
"196",196,15.5264713323609,17.6011026356247,13.8447215536449
"197",197,13.1801070029505,15.6737184296287,10.2899255103115
"198",198,18.1694226940381,19.7647635811402,15.0594546917292
"199",199,18.4167840871008,19.9930859617995,16.7874085542593
"200",200,24.5542517581745,24.8510256319875,22.6621964264249
"201",201,23.2924718335871,23.1665153029281,21.9799029678176
"202",202,17.7564347425822,18.0215890656889,17.039534032442
"203",203,17.0549085861689,16.4620313088997,15.5374705932993
"204",204,12.1519632086383,12.1809093838829,9.78207918510546
"205",205,11.2078275669939,9.72337252580144,11.0894234378381
"206",206,11.6683178092264,10.7904733136634,9.42818138354608
"207",207,8.96151279451215,5.15515679307861,9.87666836239915
"208",208,17.163140650736,13.3132429601898,17.5864495233196
"209",209,14.4513467429077,11.1991380361035,14.2047177824451
"210",210,19.1141269842488,15.2588310724314,19.2456654912883
"211",211,17.5651089435999,13.2611039468097,18.7593241895923
"212",212,13.7252443833618,9.38632414881331,15.5000229757586
"213",213,20.6341468392363,16.9155261723722,21.0603221773889
"214",214,23.527760622934,19.4502564164757,24.8194884646902
"215",215,15.7116999299159,12.1939755086226,17.903390393515
"216",216,16.8653385299171,13.6668619000542,17.6125038090768
"217",217,23.4265656797141,19.9680095856096,24.0721915198356
"218",218,23.3100643566304,19.5666757596829,25.243966121413
"219",219,18.4237506408639,15.5585623543004,20.3161218542801
"220",220,21.0163205476193,18.5809141022105,21.6983708406652
"221",221,25.6572177201638,22.7118616615339,26.9735495261713
"222",222,24.163877017323,21.4620343594669,26.1474929152893
"223",223,21.5333166600311,19.4932031628387,23.4350441834264
