"","V1","V2","V3","V4","V5","V6","V7","V8","V9","V10","V11","V12","V13","V14","V15","V16","V17","V18","V19","V20","V21","V22","V23","V24","V25","V26","V27","V28","V29","V30","V31","V32","V33","V34","V35","V36","V37","V38","V39","V40","V41","V42","V43","V44","V45"
"1",3,4,5,6,7,8,9,10,11,12,13,14,15,16,17,18,19,20,21,22,23,24,25,26,27,28,34,35,36,37,38,39,40,41,44,45,46,47,48,49,50,51,52,53,54
"2",3,4,5,6,7,8,9,10,11,12,13,14,15,16,17,18,19,20,21,22,23,24,25,26,27,28,35,36,37,38,39,40,41,42,43,44,45,46,47,48,49,50,51,52,53
"3",3,4,5,6,7,8,9,10,11,12,13,14,15,16,17,18,19,20,21,22,23,24,25,26,27,28,35,36,37,38,39,40,41,42,45,46,47,48,49,50,51,52,53,54,55
"4",2,3,4,5,6,7,8,9,10,11,12,13,14,15,16,17,18,19,20,21,22,23,24,25,26,27,34,35,36,37,38,39,40,41,44,45,46,47,48,49,50,51,52,53,54
"5",6,7,8,9,10,11,12,13,14,15,16,17,18,19,20,21,22,23,24,25,26,27,28,29,30,31,37,38,39,40,41,42,43,44,47,48,49,50,51,52,53,54,55,56,57
"6",3,4,5,6,7,8,9,10,11,12,13,14,15,16,17,18,19,20,21,22,23,24,25,26,27,28,35,36,37,38,39,40,41,42,44,45,46,47,48,49,50,51,52,53,54
"7",2,3,4,5,6,7,8,9,10,11,12,13,14,15,16,17,18,19,20,21,22,23,24,25,26,27,35,36,37,38,39,40,41,42,43,44,45,46,47,48,49,50,51,52,53
"8",2,3,4,5,6,7,8,9,10,11,12,13,14,15,16,17,18,19,20,21,22,23,24,25,26,27,29,30,31,32,33,34,35,36,37,38,39,40,41,42,43,44,45,46,47
"9",11,12,13,14,15,16,17,18,19,20,21,22,23,24,25,26,27,28,29,30,31,32,33,34,35,36,44,45,46,47,48,49,50,51,52,53,54,55,56,57,58,59,60,61,62
"10",3,4,5,6,7,8,9,10,11,12,13,14,15,16,17,18,19,20,21,22,23,24,25,26,27,28,36,37,38,39,40,41,42,43,45,46,47,48,49,50,51,52,53,54,55
"11",3,4,5,6,7,8,9,10,11,12,13,14,15,16,17,18,19,20,21,22,23,24,25,26,27,28,35,36,37,38,39,40,41,42,44,45,46,47,48,49,50,51,52,53,54
"12",4,5,6,7,8,9,10,11,12,13,14,15,16,17,18,19,20,21,22,23,24,25,26,27,28,29,36,37,38,39,40,41,42,43,44,45,46,47,48,49,50,51,52,53,54
"13",4,5,6,7,8,9,10,11,12,13,14,15,16,17,18,19,20,21,22,23,24,25,26,27,28,29,36,37,38,39,40,41,42,43,44,45,46,47,48,49,50,51,52,53,54
"14",6,7,8,9,10,11,12,13,14,15,16,17,18,19,20,21,22,23,24,25,26,27,28,29,30,31,41,42,43,44,45,46,47,48,49,50,51,52,53,54,55,56,57,58,59
"15",8,9,10,11,12,13,14,15,16,17,18,19,20,21,22,23,24,25,26,27,28,29,30,31,32,33,40,41,42,43,44,45,46,47,48,49,50,52,53,54,55,56,57,58,59
"16",5,6,7,8,9,10,11,12,13,14,15,16,17,18,19,20,21,22,23,24,25,26,27,28,29,30,37,38,39,40,41,42,43,44,47,48,49,50,51,52,53,54,55,56,57
"17",3,4,5,6,7,8,9,10,11,12,13,14,15,16,17,18,19,20,21,22,23,24,25,26,27,28,34,35,36,37,38,39,40,41,43,44,45,46,47,48,49,50,51,52,53
"18",5,6,7,8,9,10,11,12,13,14,15,16,17,18,19,20,21,22,23,24,25,26,27,28,29,30,52,53,54,55,56,57,58,59,62,63,64,65,66,67,68,69,70,71,72
"19",14,15,16,17,18,19,20,21,22,23,24,25,26,27,28,29,30,31,32,33,34,35,36,37,38,39,51,52,53,54,55,56,57,58,61,70,71,72,73,74,75,76,77,78,79
"20",22,23,24,25,26,27,28,29,30,31,32,33,34,35,36,37,38,39,40,41,42,43,44,45,46,47,54,55,56,57,58,59,60,61,63,64,65,66,67,68,69,70,71,72,73
