"","V1","V2","V3","V4","V5","V6","V7","V8","V9","V10","V11","V12","V13","V14","V15","V16","V17","V18","V19","V20","V21","V22","V23","V24","V25","V26","V27","V28","V29","V30","V31","V32","V33","V34","V35","V36","V37","V38","V39","V40","V41","V42","V43","V44","V45","V46","V47","V48","V49","V50","V51","V52","V53","V54","V55","V56","V57","V58","V59","V60","V61"
"1",9,10,11,12,13,14,15,16,17,18,19,20,21,22,23,24,25,26,27,28,29,30,31,32,33,40,41,42,49,50,51,52,53,61,62,63,64,65,66,78,79,80,81,82,83,84,85,92,93,104,105,106,107,114,115,116,117,124,125,126,127
"2",9,10,11,12,13,14,15,16,17,18,19,20,21,22,23,24,25,26,27,28,29,30,31,32,33,40,41,42,49,50,51,52,53,61,62,63,64,65,66,78,79,80,81,82,83,84,85,92,93,104,105,106,107,114,115,116,117,124,125,126,127
"3",9,10,11,12,13,14,15,16,17,18,19,20,21,22,23,24,25,26,27,28,29,30,31,32,33,40,41,42,49,50,51,52,53,61,62,63,64,65,66,78,79,80,81,82,83,84,85,92,93,104,105,106,107,114,115,116,117,124,125,126,127
"4",9,10,11,12,13,14,15,16,17,18,19,20,21,22,23,24,25,26,27,28,29,30,31,32,33,40,41,42,49,50,51,52,53,61,62,63,64,65,66,78,79,80,81,82,83,84,85,92,93,104,105,106,107,114,115,116,117,124,125,126,127
"5",9,10,11,12,13,14,15,16,17,18,19,20,21,22,23,24,25,26,27,28,29,30,31,32,33,40,41,42,49,50,51,52,53,61,62,63,64,65,66,80,81,82,83,84,85,86,87,94,95,106,107,108,109,116,117,118,119,126,127,128,129
"6",9,10,11,12,13,14,15,16,17,18,19,20,21,22,23,24,25,26,27,28,29,30,31,32,33,40,41,42,49,50,51,52,53,61,62,63,64,65,66,80,81,82,83,84,85,86,87,94,95,106,107,108,109,116,117,118,119,126,127,128,129
"7",8,9,10,11,12,13,14,15,16,17,18,19,20,21,22,23,24,25,26,27,28,29,30,31,32,41,42,43,50,51,52,53,54,62,63,64,65,66,67,79,80,81,82,83,84,85,86,94,95,109,110,111,112,120,121,122,123,130,131,132,133
"8",8,9,10,11,12,13,14,15,16,17,18,19,20,21,22,23,24,25,26,27,28,29,30,31,32,41,42,43,50,51,52,53,54,62,63,64,65,66,67,79,80,81,82,83,84,85,86,94,95,109,110,111,112,119,120,121,122,129,130,131,132
"9",10,11,12,13,14,15,16,17,18,19,20,21,22,23,24,25,26,27,28,29,30,31,32,33,34,41,42,43,51,52,53,54,55,63,64,65,66,67,68,80,81,82,83,84,85,86,87,95,96,106,107,108,109,116,117,118,119,126,127,128,129
"10",7,8,9,10,11,12,13,14,15,16,17,18,19,20,21,22,23,24,25,26,27,28,29,30,31,38,39,40,47,48,49,50,51,60,61,62,63,64,65,77,78,79,80,81,82,83,84,91,92,99,100,101,102,109,110,111,112,119,120,121,122
"11",7,8,9,10,11,12,13,14,15,16,17,18,19,20,21,22,23,24,25,26,27,28,29,30,31,38,39,40,47,48,49,50,51,59,60,61,62,63,64,76,77,78,79,80,81,82,83,90,91,104,105,106,107,114,115,116,117,124,125,126,127
"12",10,11,12,13,14,15,16,17,18,19,20,21,22,23,24,25,26,27,28,29,30,31,32,33,34,41,42,43,50,51,52,53,54,62,63,64,65,66,67,79,80,81,82,83,84,85,86,93,94,105,106,107,108,115,116,117,118,125,126,127,128
"13",9,10,11,12,13,14,15,16,17,18,19,20,21,22,23,24,25,26,27,28,29,30,31,32,33,40,41,42,49,50,51,52,53,61,62,63,64,65,66,78,79,80,81,82,83,84,85,92,93,104,105,106,107,114,115,116,117,124,125,126,127
"14",9,10,11,12,13,14,15,16,17,18,19,20,21,22,23,24,25,26,27,28,29,30,31,32,33,40,41,42,49,50,51,52,53,61,62,63,64,65,66,80,81,82,83,84,85,86,87,94,95,106,107,108,109,116,117,118,119,126,127,128,129
"15",8,9,10,11,12,13,14,15,16,17,18,19,20,21,22,23,24,25,26,27,28,29,30,31,32,39,40,41,48,49,50,51,52,60,61,62,63,64,65,77,78,79,80,81,82,83,84,91,92,103,104,105,106,113,114,115,116,125,126,127,128
"16",8,9,10,11,12,13,14,15,16,17,18,19,20,21,22,23,24,25,26,27,28,29,30,31,32,39,40,41,48,49,50,51,52,60,61,62,63,64,65,76,77,78,79,80,81,82,83,91,92,99,100,101,102,109,110,111,112,119,120,121,122
"17",7,8,9,10,11,12,13,14,15,16,17,18,19,20,21,22,23,24,25,26,27,28,29,30,31,38,39,40,47,48,49,50,51,59,60,61,62,63,64,76,77,78,79,80,81,82,83,90,91,104,105,106,107,114,115,116,117,124,125,126,127
