"","V1","V2","V3","V4","V5","V6","V7","V8","V9","V10","V11","V12","V13","V14","V15","V16","V17","V18","V19","V20","V21","V22","V23","V24","V25","V26","V27","V28","V29","V30","V31","V32","V33","V34","V35","V36","V37","V38","V39","V40","V41","V42","V43","V44","V45","V46","V47","V48","V49","V50","V51","V52","V53","V54","V55","V56","V57","V58","V59","V60","V61","V62","V63","V64","V65","V66","V67","V68","V69","V70","V71","V72","V73","V74","V75","V76","V77","V78","V79","V80","V81","V82","V83","V84","V85","V86","V87","V88","V89","V90"
"1",44,45,46,47,54,55,56,57,58,59,60,61,62,63,64,65,66,81,82,83,84,100,101,102,103,104,105,106,107,108,109,110,111,112,113,114,115,116,117,118,119,120,121,176,183,184,185,186,187,188,189,190,191,192,201,202,203,204,205,206,207,208,209,229,241,292,293,294,295,296,297,311,312,313,314,315,316,317,318,325,360,361,362,363,364,365,366,367,368,395
"2",44,45,46,47,54,55,56,57,58,59,60,61,62,63,64,65,66,87,88,89,90,113,114,115,116,117,118,119,120,121,122,123,124,125,126,127,128,129,130,131,132,133,134,183,190,191,192,193,194,195,196,197,198,199,208,209,210,211,212,213,214,215,216,272,286,343,344,345,346,347,348,400,401,402,403,404,405,406,407,414,455,456,457,458,459,460,461,462,463,505
"3",30,31,32,33,40,41,42,43,44,45,46,47,48,49,50,51,52,61,62,63,64,80,81,82,83,84,85,86,87,88,89,90,91,92,93,94,95,96,97,98,99,100,101,129,139,140,141,142,143,144,145,146,147,148,157,158,159,160,161,162,163,164,165,192,200,282,283,284,285,286,287,307,308,309,310,311,312,313,314,321,385,386,387,388,389,390,391,392,393,415
"4",22,23,24,25,33,34,35,36,37,38,39,40,41,42,43,44,45,60,61,62,63,78,79,80,81,82,83,84,85,86,87,88,89,90,91,92,93,94,95,96,97,98,99,167,174,175,176,177,178,179,180,181,182,183,191,192,193,194,195,196,197,198,199,231,245,294,295,296,297,298,299,320,321,322,323,324,325,326,327,335,388,389,390,391,392,393,394,395,396,417
"5",22,23,24,25,33,34,35,36,37,38,39,40,41,42,43,44,45,60,61,62,63,78,79,80,81,82,83,84,85,86,87,88,89,90,91,92,93,94,95,96,97,98,99,167,174,175,176,177,178,179,180,181,182,183,191,192,193,194,195,196,197,198,199,231,245,294,295,296,297,298,299,320,321,322,323,324,325,326,327,335,388,389,390,391,392,393,394,395,396,417
"6",22,23,24,25,33,34,35,36,37,38,39,40,41,42,43,44,45,58,59,60,61,76,77,78,79,80,81,82,83,84,85,86,87,88,89,90,91,92,93,94,95,96,97,155,162,163,164,165,166,167,168,169,170,171,179,180,181,182,183,184,185,186,187,220,234,281,282,283,284,285,286,304,305,306,307,308,309,310,311,319,364,365,366,367,368,369,370,371,372,393
"7",15,16,17,18,26,27,28,29,30,31,32,33,34,35,36,37,38,49,50,51,52,67,68,69,70,71,72,73,74,75,76,77,78,79,80,81,82,83,84,85,86,87,88,145,152,153,154,155,156,157,158,159,160,161,169,170,171,172,173,174,175,176,177,199,213,259,260,261,262,263,264,284,285,286,287,288,289,290,291,299,340,341,342,343,344,345,346,347,348,370
"8",21,22,23,24,31,32,33,34,35,36,37,38,39,40,41,42,43,61,62,63,64,80,81,82,83,84,85,86,87,88,89,90,91,92,93,94,95,96,97,98,99,100,101,147,154,155,156,157,158,159,160,161,162,163,171,172,173,174,175,176,177,178,179,207,219,264,265,266,267,268,269,286,287,288,289,290,291,292,293,301,333,334,335,336,337,338,339,340,341,363
"9",54,55,56,57,64,65,66,67,68,69,70,71,72,73,74,75,76,83,84,85,86,102,103,104,105,106,107,108,109,110,111,112,113,114,115,116,117,118,119,120,121,122,123,175,182,183,184,185,186,187,188,189,190,191,200,201,202,203,204,205,206,207,208,233,241,296,297,298,299,300,301,316,317,318,319,320,321,322,323,330,365,366,367,368,369,370,371,372,373,398
"10",54,55,56,57,64,65,66,67,68,69,70,71,72,73,74,75,76,83,84,85,86,102,103,104,105,106,107,108,109,110,111,112,113,114,115,116,117,118,119,120,121,122,123,176,183,184,185,186,187,188,189,190,191,192,200,201,202,203,204,205,206,207,208,233,241,296,297,298,299,300,301,316,317,318,319,320,321,322,323,330,365,366,367,368,369,370,371,372,373,398
"11",32,33,34,35,42,43,44,45,46,47,48,49,50,51,52,53,54,62,63,64,65,81,82,83,84,85,86,87,88,89,90,91,92,93,94,95,96,97,98,99,100,101,102,170,177,178,179,180,181,182,183,184,185,186,194,195,196,197,198,199,200,201,202,254,266,324,325,326,327,328,329,348,349,350,351,352,353,354,355,362,462,463,464,465,466,467,468,469,470,494
"12",44,45,46,47,54,55,56,57,58,59,60,61,62,63,64,65,66,81,82,83,84,100,101,102,103,104,105,106,107,108,109,110,111,112,113,114,115,116,117,118,119,120,121,176,183,184,185,186,187,188,189,190,191,192,201,202,203,204,205,206,207,208,209,229,241,292,293,294,295,296,297,311,312,313,314,315,316,317,318,325,360,361,362,363,364,365,366,367,368,395
"13",56,57,58,59,68,69,70,71,72,73,74,75,76,77,78,79,80,99,100,101,102,118,119,120,121,122,123,124,125,126,127,128,129,130,131,132,133,134,135,136,137,138,139,200,207,208,209,210,211,212,213,214,215,216,224,225,226,227,228,229,230,231,232,256,271,323,324,325,326,327,328,342,343,344,345,346,347,348,349,356,389,390,391,392,393,394,395,396,397,420
"14",56,57,58,59,68,69,70,71,72,73,74,75,76,77,78,79,80,99,100,101,102,118,119,120,121,122,123,124,125,126,127,128,129,130,131,132,133,134,135,136,137,138,139,200,207,208,209,210,211,212,213,214,215,216,224,225,226,227,228,229,230,231,232,256,271,323,324,325,326,327,328,342,343,344,345,346,347,348,349,356,389,390,391,392,393,394,395,396,397,420
"15",56,57,58,59,68,69,70,71,72,73,74,75,76,77,78,79,80,100,101,102,103,119,120,121,122,123,124,125,126,127,128,129,130,131,132,133,134,135,136,137,138,139,140,201,208,209,210,211,212,213,214,215,216,217,225,226,227,228,229,230,231,232,233,257,272,324,325,326,327,328,329,342,343,344,345,346,347,348,349,356,389,390,391,392,393,394,395,396,397,420
"16",53,54,55,56,65,66,67,68,69,70,71,72,73,74,75,76,77,95,96,97,98,114,115,116,117,118,119,120,121,122,123,124,125,126,127,128,129,130,131,132,133,134,135,196,203,204,205,206,207,208,209,210,211,212,220,221,222,223,224,225,226,227,228,252,267,319,320,321,322,323,324,338,339,340,341,342,343,344,345,352,385,386,387,388,389,390,391,392,393,416
"17",53,54,55,56,63,64,65,66,67,68,69,70,71,72,73,74,75,91,92,93,94,110,111,112,113,114,115,116,117,118,119,120,121,122,123,124,125,126,127,128,129,130,131,199,206,207,208,209,210,211,212,213,214,215,223,224,225,226,227,228,229,230,231,255,272,324,325,326,327,328,329,343,344,345,346,347,348,349,350,357,390,391,392,393,394,395,396,397,398,421
"18",25,26,27,28,35,36,37,38,39,40,41,42,43,44,45,46,47,56,57,58,59,84,85,86,87,88,89,90,91,92,93,94,95,96,97,98,99,100,101,102,103,104,105,204,211,212,213,214,215,216,217,218,219,220,229,230,231,232,233,234,235,236,237,263,275,326,327,328,329,330,331,347,348,349,350,351,352,353,354,362,382,383,384,385,386,387,388,389,390,410
"19",22,23,24,25,32,33,34,35,36,37,38,39,40,41,42,43,44,53,54,55,56,81,82,83,84,85,86,87,88,89,90,91,92,93,94,95,96,97,98,99,100,101,102,188,195,196,197,198,199,200,201,202,203,204,213,214,215,216,217,218,219,220,221,247,259,310,311,312,313,314,315,331,332,333,334,335,336,337,338,346,369,370,371,372,373,374,375,376,377,397
"20",38,39,40,41,48,49,50,51,52,53,54,55,56,57,58,59,60,74,75,76,77,92,93,94,95,96,97,98,99,100,101,102,103,104,105,106,107,108,109,110,111,112,113,160,167,168,169,170,171,172,173,174,175,176,185,186,187,188,189,190,191,192,193,215,241,286,287,288,289,290,291,312,313,314,315,316,317,318,319,326,340,341,342,343,344,345,346,347,348,370
"21",21,22,23,24,31,32,33,34,35,36,37,38,39,40,41,42,43,50,51,52,53,70,71,72,73,74,75,76,77,78,79,80,81,82,83,84,85,86,87,88,89,90,91,149,156,157,158,159,160,161,162,163,164,165,174,175,176,177,178,179,180,181,182,203,230,284,285,286,287,288,289,304,305,306,307,308,309,310,311,318,332,333,334,335,336,337,338,339,340,363
"22",38,39,40,41,48,49,50,51,52,53,54,55,56,57,58,59,60,70,71,72,73,89,90,91,92,93,94,95,96,97,98,99,100,101,102,103,104,105,106,107,108,109,110,181,188,189,190,191,192,193,194,195,196,197,205,206,207,208,209,210,211,212,213,251,262,312,313,314,315,316,317,392,393,394,395,396,397,398,399,406,460,461,462,463,464,465,466,467,468,492
"23",54,55,56,57,64,65,66,67,68,69,70,71,72,73,74,75,76,90,91,92,93,117,118,119,120,121,122,123,124,125,126,127,128,129,130,131,132,133,134,135,136,137,138,276,295,296,297,298,299,300,301,302,303,304,313,314,315,316,317,318,319,320,321,346,356,396,397,398,399,400,401,415,416,417,418,419,420,421,422,430,487,488,489,490,491,492,493,494,495,518
